,index,ConstructionType,Age,ConstructionYear,HHSize,sqm,Income,w
0,0,ConstructionType_hous,Age_79,ConstructionYear_2030,HHSize_2,73.50137878437094,13691.05345528227,2145.3167184801378
1,1,ConstructionType_hous,Age_54,ConstructionYear_1961,HHSize_5,74.50483945028671,13776.28536793349,2145.3167184801378
2,2,ConstructionType_hous,Age_39,ConstructionYear_2001,HHSize_5,74.08156595030991,13793.444107426722,2145.3167184801378
3,3,ConstructionType_hous,Age_39,ConstructionYear_2001,HHSize_1,72.48207758159714,13587.51848152478,2145.3167184801378
4,4,ConstructionType_appt,Age_79,ConstructionYear_2001,HHSize_3,73.90161884016737,13815.703106177336,2145.3167184801378
5,5,ConstructionType_hous,Age_54,ConstructionYear_1981,HHSize_4,72.66929780144591,13698.965218093294,2145.3167184801378
6,6,ConstructionType_hous,Age_120,ConstructionYear_1945,HHSize_6,73.51622930268755,13685.383489380845,2145.3167184801378
7,7,ConstructionType_hous,Age_79,ConstructionYear_2001,HHSize_4,73.33291985277562,13680.988266037772,2145.3167184801378
8,8,ConstructionType_hous,Age_64,ConstructionYear_2011,HHSize_5,73.40511341418488,13635.439004027288,2145.3167184801378
9,9,ConstructionType_appt,Age_54,ConstructionYear_2011,HHSize_4,73.99578499956456,13486.310237598691,2145.3167184801378
10,10,ConstructionType_hous,Age_79,ConstructionYear_2020,HHSize_4,73.41665364912666,13693.131857055825,2145.3167184801378
11,11,ConstructionType_hous,Age_54,ConstructionYear_2020,HHSize_3,71.82533511775947,13537.673747104824,2145.3167184801378
12,12,ConstructionType_appt,Age_54,ConstructionYear_2020,HHSize_3,73.51987587583456,13651.135912120866,2145.3167184801378
13,13,ConstructionType_hous,Age_64,ConstructionYear_2020,HHSize_2,71.57033775271746,13574.317785062834,2145.3167184801378
14,14,ConstructionType_hous,Age_54,ConstructionYear_2020,HHSize_2,72.36384356258925,13664.615150521791,2145.3167184801378
15,15,ConstructionType_appt,Age_54,ConstructionYear_2020,HHSize_2,72.86656399361769,13591.059744220613,2145.3167184801378
16,16,ConstructionType_hous,Age_39,ConstructionYear_2011,HHSize_2,72.70358425628011,13658.582495414978,2145.3167184801378
17,17,ConstructionType_hous,Age_29,ConstructionYear_2011,HHSize_3,71.96853597408544,13676.495333291785,2145.3167184801378
18,18,ConstructionType_appt,Age_39,ConstructionYear_1991,HHSize_1,71.1286844194926,13706.608640057457,2145.3167184801378
19,19,ConstructionType_hous,Age_79,ConstructionYear_1991,HHSize_2,73.63826269215436,13542.223909997789,2145.3167184801378
20,20,ConstructionType_hous,Age_79,ConstructionYear_1991,HHSize_3,73.27433832632835,13464.857217132792,2145.3167184801378
21,21,ConstructionType_hous,Age_79,ConstructionYear_1945,HHSize_3,72.6022911045963,13530.48109180016,2145.3167184801378
22,22,ConstructionType_hous,Age_79,ConstructionYear_1991,HHSize_3,72.62436179128711,13720.513134011926,2145.3167184801378
23,23,ConstructionType_hous,Age_120,ConstructionYear_1945,HHSize_4,72.26305973153168,13612.826626646274,2145.3167184801378
24,24,ConstructionType_hous,Age_79,ConstructionYear_2016,HHSize_3,73.11393262772826,13557.571242484983,2145.3167184801378
25,25,ConstructionType_appt,Age_39,ConstructionYear_1981,HHSize_3,72.95204425198352,13564.313227809778,2145.3167184801378
26,26,ConstructionType_appt,Age_39,ConstructionYear_1981,HHSize_3,73.051498727193,13741.11813527487,2145.3167184801378
27,27,ConstructionType_hous,Age_54,ConstructionYear_1991,HHSize_3,74.31325377684986,13658.070035209781,2145.3167184801378
28,28,ConstructionType_hous,Age_39,ConstructionYear_1970,HHSize_5,73.18506119819881,13604.901819229453,2145.3167184801378
29,29,ConstructionType_hous,Age_79,ConstructionYear_2016,HHSize_2,72.752756809327,13572.130031023276,2145.3167184801378
30,30,ConstructionType_hous,Age_64,ConstructionYear_2035,HHSize_1,74.3314037433624,13763.849937270765,2145.3167184801378
31,31,ConstructionType_hous,Age_39,ConstructionYear_1981,HHSize_1,72.4890093695101,13452.975585938942,2145.3167184801378
32,32,ConstructionType_hous,Age_64,ConstructionYear_1945,HHSize_1,73.71309235087534,13334.263811813233,2145.3167184801378
33,33,ConstructionType_hous,Age_64,ConstructionYear_2030,HHSize_5,73.18026515105798,13620.246942937589,2145.3167184801378
34,34,ConstructionType_hous,Age_64,ConstructionYear_2030,HHSize_5,73.21428224316563,13789.41114445839,2145.3167184801378
35,35,ConstructionType_appt,Age_79,ConstructionYear_2001,HHSize_6,73.27137699009384,13634.039279825716,2145.3167184801378
36,36,ConstructionType_hous,Age_54,ConstructionYear_2001,HHSize_6,72.872239276211,13429.59416297579,2145.3167184801378
37,37,ConstructionType_appt,Age_24,ConstructionYear_2035,HHSize_1,73.25031897052058,13762.383484899605,2145.3167184801378
38,38,ConstructionType_hous,Age_120,ConstructionYear_2011,HHSize_1,72.03951905102119,13917.875826938003,2145.3167184801378
39,39,ConstructionType_hous,Age_54,ConstructionYear_2011,HHSize_1,74.04949465081444,13861.785220372014,2145.3167184801378
40,40,ConstructionType_hous,Age_54,ConstructionYear_1970,HHSize_5,74.38388387762777,13540.764608237056,2145.3167184801378
41,41,ConstructionType_hous,Age_54,ConstructionYear_1970,HHSize_4,72.80827226516415,13494.552001811828,2145.3167184801378
42,42,ConstructionType_hous,Age_24,ConstructionYear_1981,HHSize_4,72.40323600893309,13611.331140423115,2145.3167184801378
43,43,ConstructionType_hous,Age_120,ConstructionYear_1900,HHSize_4,74.22230766797007,13723.60869186718,2145.3167184801378
44,44,ConstructionType_hous,Age_54,ConstructionYear_2035,HHSize_3,72.28640142803182,13791.235214420924,2145.3167184801378
45,45,ConstructionType_hous,Age_120,ConstructionYear_2020,HHSize_3,72.80570317825804,13519.850832129065,2145.3167184801378
46,46,ConstructionType_hous,Age_54,ConstructionYear_2035,HHSize_1,72.60958107096882,13628.72452778204,2145.3167184801378
47,47,ConstructionType_hous,Age_64,ConstructionYear_2035,HHSize_5,73.15966380708699,13664.88592313164,2145.3167184801378
48,48,ConstructionType_hous,Age_54,ConstructionYear_1981,HHSize_1,73.77670819934983,13561.70840777122,2145.3167184801378
49,49,ConstructionType_hous,Age_54,ConstructionYear_1991,HHSize_1,73.37125914687782,13731.535366250671,2145.3167184801378
50,50,ConstructionType_hous,Age_54,ConstructionYear_2011,HHSize_1,71.91150465410244,13568.968082815398,2145.3167184801378
51,51,ConstructionType_hous,Age_54,ConstructionYear_2030,HHSize_3,72.0811624943438,13697.334024907295,2145.3167184801378
52,52,ConstructionType_hous,Age_54,ConstructionYear_1945,HHSize_2,72.37863319992212,13659.439861850864,2145.3167184801378
53,53,ConstructionType_hous,Age_54,ConstructionYear_1945,HHSize_2,74.0574596578736,13800.135752345966,2145.3167184801378
54,54,ConstructionType_hous,Age_29,ConstructionYear_1991,HHSize_1,72.32812023202024,13625.884086265924,2145.3167184801378
55,55,ConstructionType_appt,Age_120,ConstructionYear_1945,HHSize_3,72.44451744782829,13417.205173141821,2145.3167184801378
56,56,ConstructionType_appt,Age_54,ConstructionYear_1945,HHSize_3,73.26310742257517,13731.9429525075,2145.3167184801378
57,57,ConstructionType_hous,Age_64,ConstructionYear_2001,HHSize_4,72.9627705525027,13411.44709684172,2145.3167184801378
58,58,ConstructionType_hous,Age_79,ConstructionYear_2011,HHSize_6,73.21689289072451,13595.065052549158,2145.3167184801378
59,59,ConstructionType_hous,Age_54,ConstructionYear_1945,HHSize_3,73.15275400919937,13434.499386024092,2145.3167184801378
60,60,ConstructionType_hous,Age_64,ConstructionYear_2011,HHSize_5,72.25858974059344,14089.297290943203,2145.3167184801378
61,61,ConstructionType_appt,Age_39,ConstructionYear_1981,HHSize_1,72.50929551933706,13738.428094215215,2145.3167184801378
62,62,ConstructionType_hous,Age_54,ConstructionYear_1970,HHSize_1,72.9812986835327,13509.188302208297,2145.3167184801378
63,63,ConstructionType_hous,Age_64,ConstructionYear_2030,HHSize_3,72.87628852153824,13798.885235094056,2145.3167184801378
64,64,ConstructionType_appt,Age_79,ConstructionYear_2011,HHSize_3,73.34196676751414,13424.985422631245,2145.3167184801378
65,65,ConstructionType_hous,Age_79,ConstructionYear_2011,HHSize_8,73.55680292298283,13690.99362024827,2145.3167184801378
66,66,ConstructionType_hous,Age_39,ConstructionYear_2030,HHSize_8,73.53294316267974,13573.082204859737,2145.3167184801378
67,67,ConstructionType_hous,Age_54,ConstructionYear_1981,HHSize_4,72.87126630663289,13543.909358058514,2145.3167184801378
68,68,ConstructionType_hous,Age_39,ConstructionYear_2030,HHSize_5,72.13004685245922,13770.156155623778,2145.3167184801378
69,69,ConstructionType_hous,Age_79,ConstructionYear_2030,HHSize_1,72.50350740736889,13625.05437403949,2145.3167184801378
70,70,ConstructionType_hous,Age_79,ConstructionYear_1945,HHSize_1,72.06192725626272,13633.132361934764,2145.3167184801378
71,71,ConstructionType_hous,Age_29,ConstructionYear_1945,HHSize_2,73.58718292338679,13958.457082210134,2145.3167184801378
72,72,ConstructionType_appt,Age_64,ConstructionYear_2001,HHSize_2,72.47197271793785,13447.742653629017,2145.3167184801378
73,73,ConstructionType_appt,Age_120,ConstructionYear_2035,HHSize_2,72.800965420806,13607.90247391294,2145.3167184801378
74,74,ConstructionType_hous,Age_54,ConstructionYear_2035,HHSize_2,72.19411107956627,13468.821782510202,2145.3167184801378
75,75,ConstructionType_hous,Age_79,ConstructionYear_1981,HHSize_2,72.2056865085506,13627.144529687106,2145.3167184801378
76,76,ConstructionType_hous,Age_54,ConstructionYear_1981,HHSize_2,72.7510852448191,13694.92258664868,2145.3167184801378
77,77,ConstructionType_hous,Age_79,ConstructionYear_2030,HHSize_2,72.51409915921263,13685.278842989952,2145.3167184801378
78,78,ConstructionType_hous,Age_64,ConstructionYear_2030,HHSize_6,73.26405744311134,13681.513205865998,2145.3167184801378
79,79,ConstructionType_hous,Age_79,ConstructionYear_2016,HHSize_1,72.82198072060673,13839.458521576533,2145.3167184801378
80,80,ConstructionType_hous,Age_120,ConstructionYear_2016,HHSize_2,73.31187357133844,13792.9507749795,2145.3167184801378
81,81,ConstructionType_hous,Age_54,ConstructionYear_2001,HHSize_2,72.44711375825099,13576.524443006638,2145.3167184801378
82,82,ConstructionType_hous,Age_79,ConstructionYear_2001,HHSize_5,73.96948236665477,13812.329529266643,2145.3167184801378
83,83,ConstructionType_hous,Age_79,ConstructionYear_2011,HHSize_5,71.18171845924951,13658.420554823291,2145.3167184801378
84,84,ConstructionType_hous,Age_64,ConstructionYear_1991,HHSize_3,73.49263023901759,13488.246097814806,2145.3167184801378
85,85,ConstructionType_hous,Age_39,ConstructionYear_2001,HHSize_1,72.93262916604823,13672.450765144556,2145.3167184801378
86,86,ConstructionType_hous,Age_79,ConstructionYear_2011,HHSize_4,73.03807547869256,13952.61496563683,2145.3167184801378
87,87,ConstructionType_hous,Age_39,ConstructionYear_2011,HHSize_4,72.16291837759758,13700.348324802208,2145.3167184801378
88,88,ConstructionType_hous,Age_39,ConstructionYear_2011,HHSize_4,72.73848136612983,13729.73175917756,2145.3167184801378
89,89,ConstructionType_hous,Age_120,ConstructionYear_2035,HHSize_6,72.28947049962443,13841.223581059578,2145.3167184801378
90,90,ConstructionType_appt,Age_54,ConstructionYear_2035,HHSize_7,73.14251332922066,13485.254318328938,2145.3167184801378
91,91,ConstructionType_hous,Age_64,ConstructionYear_1981,HHSize_1,73.65044063515441,13592.737195504003,2145.3167184801378
92,92,ConstructionType_hous,Age_79,ConstructionYear_1961,HHSize_4,73.90001613591825,13701.311931375563,2145.3167184801378
93,93,ConstructionType_hous,Age_79,ConstructionYear_2001,HHSize_5,73.01809041453754,13506.43091274661,2145.3167184801378
94,94,ConstructionType_hous,Age_54,ConstructionYear_2011,HHSize_3,74.12812400761062,13872.133757234957,2145.3167184801378
95,95,ConstructionType_appt,Age_64,ConstructionYear_2011,HHSize_3,74.69060030342631,13754.198368400821,2145.3167184801378
96,96,ConstructionType_hous,Age_64,ConstructionYear_2011,HHSize_4,73.50194482118357,13647.78386048453,2145.3167184801378
97,97,ConstructionType_hous,Age_39,ConstructionYear_2011,HHSize_3,73.45139583839777,13601.563394161578,2145.3167184801378
98,98,ConstructionType_hous,Age_120,ConstructionYear_2011,HHSize_2,72.80952395863713,13570.647772157949,2145.3167184801378
99,99,ConstructionType_hous,Age_79,ConstructionYear_2001,HHSize_2,72.98874124254424,13521.238185360735,2145.3167184801378
100,100,ConstructionType_hous,Age_64,ConstructionYear_1991,HHSize_3,73.22487987486208,13689.99154733384,2145.3167184801378
101,101,ConstructionType_hous,Age_54,ConstructionYear_2030,HHSize_4,73.54294583839366,13528.435147342954,2145.3167184801378
102,102,ConstructionType_appt,Age_64,ConstructionYear_1961,HHSize_3,72.70969252985729,13743.14472544965,2145.3167184801378
103,103,ConstructionType_hous,Age_79,ConstructionYear_1961,HHSize_2,73.91628324712771,13492.985862637404,2145.3167184801378
104,104,ConstructionType_hous,Age_64,ConstructionYear_1961,HHSize_4,74.58440500656259,13581.478413666357,2145.3167184801378
105,105,ConstructionType_hous,Age_79,ConstructionYear_1961,HHSize_6,72.47110762016541,13555.720509114362,2145.3167184801378
106,106,ConstructionType_appt,Age_79,ConstructionYear_2030,HHSize_5,71.70807681983257,13579.7692985676,2145.3167184801378
107,107,ConstructionType_hous,Age_24,ConstructionYear_2035,HHSize_6,72.88513205058095,13720.682638215874,2145.3167184801378
108,108,ConstructionType_hous,Age_120,ConstructionYear_2020,HHSize_2,74.39279621036691,13567.64065392734,2145.3167184801378
109,109,ConstructionType_hous,Age_39,ConstructionYear_2001,HHSize_6,71.59241197518608,13540.623891269468,2145.3167184801378
110,110,ConstructionType_hous,Age_54,ConstructionYear_2030,HHSize_7,73.92609466780377,13831.337490019641,2145.3167184801378
111,111,ConstructionType_hous,Age_64,ConstructionYear_2030,HHSize_7,73.01072619564106,13543.521168170413,2145.3167184801378
112,112,ConstructionType_appt,Age_64,ConstructionYear_1981,HHSize_5,71.82014724482652,13669.04610961275,2145.3167184801378
113,113,ConstructionType_hous,Age_54,ConstructionYear_1970,HHSize_4,73.44889986066288,13695.802593062312,2145.3167184801378
114,114,ConstructionType_hous,Age_64,ConstructionYear_1961,HHSize_4,72.74813493200078,13712.16671917688,2145.3167184801378
115,115,ConstructionType_hous,Age_79,ConstructionYear_1945,HHSize_2,72.65297870518992,13606.705581796277,2145.3167184801378
116,116,ConstructionType_appt,Age_120,ConstructionYear_1991,HHSize_3,73.71838203623808,13502.688174494358,2145.3167184801378
117,117,ConstructionType_hous,Age_54,ConstructionYear_2020,HHSize_2,72.56005114393619,13814.593667677473,2145.3167184801378
118,118,ConstructionType_appt,Age_54,ConstructionYear_2020,HHSize_4,72.74740076686489,13786.62512153989,2145.3167184801378
119,119,ConstructionType_appt,Age_64,ConstructionYear_2020,HHSize_5,73.21671119323227,13753.702293006856,2145.3167184801378
120,120,ConstructionType_hous,Age_120,ConstructionYear_2001,HHSize_6,73.26813553639171,13800.444358797591,2145.3167184801378
121,121,ConstructionType_appt,Age_79,ConstructionYear_2011,HHSize_3,72.72314284485249,13512.575863512304,2145.3167184801378
122,122,ConstructionType_hous,Age_64,ConstructionYear_1981,HHSize_5,73.61710126999164,13633.315349795032,2145.3167184801378
123,123,ConstructionType_hous,Age_54,ConstructionYear_1900,HHSize_4,72.83523893961804,13683.163863025808,2145.3167184801378
124,124,ConstructionType_hous,Age_64,ConstructionYear_1981,HHSize_4,73.54200307604027,13639.625012514296,2145.3167184801378
125,125,ConstructionType_hous,Age_54,ConstructionYear_1981,HHSize_2,73.83002729143324,13667.416766073018,2145.3167184801378
126,126,ConstructionType_hous,Age_64,ConstructionYear_1991,HHSize_1,72.86832874492372,13435.918735814317,2145.3167184801378
127,127,ConstructionType_hous,Age_120,ConstructionYear_1991,HHSize_1,71.77697210013173,13687.375886592974,2145.3167184801378
128,128,ConstructionType_hous,Age_79,ConstructionYear_1991,HHSize_5,74.15974139433673,13628.647119781044,2145.3167184801378
129,129,ConstructionType_appt,Age_64,ConstructionYear_1981,HHSize_5,73.23704267081999,13566.680008422949,2145.3167184801378
130,130,ConstructionType_hous,Age_39,ConstructionYear_1981,HHSize_5,74.73663567558992,13897.213153812134,2145.3167184801378
131,131,ConstructionType_appt,Age_79,ConstructionYear_2001,HHSize_3,73.72052388174949,13516.228323336347,2145.3167184801378
132,132,ConstructionType_hous,Age_54,ConstructionYear_2011,HHSize_5,73.01563342591959,13460.954075414124,2145.3167184801378
133,133,ConstructionType_hous,Age_79,ConstructionYear_1945,HHSize_3,72.59692454972456,13562.39296189001,2145.3167184801378
134,134,ConstructionType_appt,Age_79,ConstructionYear_2030,HHSize_1,73.47622807939284,13633.949176788994,2145.3167184801378
135,135,ConstructionType_appt,Age_54,ConstructionYear_2001,HHSize_3,72.67200425293366,13573.446450579366,2145.3167184801378
136,136,ConstructionType_hous,Age_79,ConstructionYear_2035,HHSize_1,71.59797065808941,13613.859403613711,2145.3167184801378
137,137,ConstructionType_hous,Age_39,ConstructionYear_1991,HHSize_6,73.63472911056516,13605.649692863628,2145.3167184801378
138,138,ConstructionType_hous,Age_120,ConstructionYear_2030,HHSize_6,73.53887544802896,13721.808374200953,2145.3167184801378
139,139,ConstructionType_appt,Age_39,ConstructionYear_2030,HHSize_1,73.6670909320167,13768.33131650053,2145.3167184801378
140,140,ConstructionType_hous,Age_120,ConstructionYear_1970,HHSize_5,72.01442062592739,13597.862603665966,2145.3167184801378
141,141,ConstructionType_hous,Age_39,ConstructionYear_1991,HHSize_3,72.21029176908729,13618.728233385105,2145.3167184801378
142,142,ConstructionType_hous,Age_54,ConstructionYear_1991,HHSize_5,72.31288124428777,13382.927641770786,2145.3167184801378
143,143,ConstructionType_hous,Age_79,ConstructionYear_1991,HHSize_4,73.27889911580147,13593.454349067537,2145.3167184801378
144,144,ConstructionType_hous,Age_54,ConstructionYear_2030,HHSize_5,73.50088529430646,13301.93512983094,2145.3167184801378
145,145,ConstructionType_hous,Age_54,ConstructionYear_1991,HHSize_5,73.06697620655716,13614.534934744566,2145.3167184801378
146,146,ConstructionType_hous,Age_39,ConstructionYear_1991,HHSize_4,74.58058091639235,13643.08096073772,2145.3167184801378
147,147,ConstructionType_hous,Age_29,ConstructionYear_1991,HHSize_2,73.68433763135049,13582.550606928022,2145.3167184801378
148,148,ConstructionType_hous,Age_79,ConstructionYear_1970,HHSize_2,72.65367087875944,13930.333307153727,2145.3167184801378
149,149,ConstructionType_hous,Age_120,ConstructionYear_1961,HHSize_2,72.87359679819757,13740.700163996773,2145.3167184801378
150,150,ConstructionType_appt,Age_54,ConstructionYear_1970,HHSize_4,73.09440765607877,13630.673968136964,2145.3167184801378
151,151,ConstructionType_appt,Age_120,ConstructionYear_2020,HHSize_4,72.61081487105659,13344.16441249218,2145.3167184801378
152,152,ConstructionType_hous,Age_64,ConstructionYear_1981,HHSize_2,72.47164623074346,13536.909376542193,2145.3167184801378
153,153,ConstructionType_appt,Age_54,ConstructionYear_2011,HHSize_2,72.76667503410293,13573.365457773183,2145.3167184801378
154,154,ConstructionType_hous,Age_54,ConstructionYear_1970,HHSize_2,72.71547638114407,13448.15942468288,2145.3167184801378
155,155,ConstructionType_hous,Age_54,ConstructionYear_1945,HHSize_5,74.12677434707973,13821.710389976672,2145.3167184801378
156,156,ConstructionType_hous,Age_64,ConstructionYear_1945,HHSize_5,73.58093203810449,13790.231510709817,2145.3167184801378
157,157,ConstructionType_hous,Age_79,ConstructionYear_2001,HHSize_5,73.86428438806746,13609.86898772497,2145.3167184801378
158,158,ConstructionType_appt,Age_39,ConstructionYear_2001,HHSize_5,74.5414813405155,13748.081728999548,2145.3167184801378
159,159,ConstructionType_hous,Age_24,ConstructionYear_2001,HHSize_2,73.43166705555403,13682.086471751587,2145.3167184801378
160,160,ConstructionType_hous,Age_79,ConstructionYear_2016,HHSize_2,72.82612651208208,13471.161042941796,2145.3167184801378
161,161,ConstructionType_hous,Age_64,ConstructionYear_2011,HHSize_2,72.99788682702766,13536.251627870042,2145.3167184801378
162,162,ConstructionType_hous,Age_39,ConstructionYear_1945,HHSize_4,72.1864882971863,13545.58351359873,2145.3167184801378
163,163,ConstructionType_hous,Age_79,ConstructionYear_2011,HHSize_4,72.9577778831959,13404.109842100728,2145.3167184801378
164,164,ConstructionType_hous,Age_79,ConstructionYear_2030,HHSize_1,71.80482982094604,13623.718909107149,2145.3167184801378
165,165,ConstructionType_hous,Age_54,ConstructionYear_2011,HHSize_5,72.56039922461592,13601.490419432344,2145.3167184801378
166,166,ConstructionType_appt,Age_54,ConstructionYear_2016,HHSize_5,73.29153927706109,13603.361591114759,2145.3167184801378
167,167,ConstructionType_hous,Age_64,ConstructionYear_2001,HHSize_6,73.65270141518185,13786.541400631262,2145.3167184801378
168,168,ConstructionType_hous,Age_54,ConstructionYear_2035,HHSize_6,72.48677869596403,13619.352498853608,2145.3167184801378
169,169,ConstructionType_hous,Age_79,ConstructionYear_1991,HHSize_6,73.02727502936152,13714.58542058085,2145.3167184801378
170,170,ConstructionType_hous,Age_39,ConstructionYear_2011,HHSize_5,73.13521889179748,13731.08362025453,2145.3167184801378
171,171,ConstructionType_hous,Age_39,ConstructionYear_1970,HHSize_5,72.11484228932557,13469.909405410575,2145.3167184801378
172,172,ConstructionType_hous,Age_79,ConstructionYear_1970,HHSize_3,72.50796668865003,13698.542375901443,2145.3167184801378
173,173,ConstructionType_hous,Age_79,ConstructionYear_2011,HHSize_4,72.42525708525417,13491.63282471026,2145.3167184801378
174,174,ConstructionType_hous,Age_39,ConstructionYear_2011,HHSize_4,73.17793054281525,13829.252172084067,2145.3167184801378
175,175,ConstructionType_hous,Age_29,ConstructionYear_1970,HHSize_4,72.85646723599815,13750.76422672876,2145.3167184801378
176,176,ConstructionType_hous,Age_29,ConstructionYear_1945,HHSize_2,72.99226068384102,13676.95468306437,2145.3167184801378
177,177,ConstructionType_hous,Age_79,ConstructionYear_1961,HHSize_3,73.2118336720403,13873.984393430335,2145.3167184801378
178,178,ConstructionType_hous,Age_54,ConstructionYear_1961,HHSize_3,71.76445466433606,13870.469765427666,2145.3167184801378
179,179,ConstructionType_hous,Age_79,ConstructionYear_1961,HHSize_3,72.6877968245443,13721.312875953068,2145.3167184801378
180,180,ConstructionType_appt,Age_79,ConstructionYear_1961,HHSize_3,74.3083192779454,13796.985201081096,2145.3167184801378
181,181,ConstructionType_hous,Age_54,ConstructionYear_1991,HHSize_3,73.45265974115856,14018.292590724837,2145.3167184801378
182,182,ConstructionType_appt,Age_79,ConstructionYear_1945,HHSize_4,72.89158712513475,13489.377958992936,2145.3167184801378
183,183,ConstructionType_hous,Age_39,ConstructionYear_1945,HHSize_6,73.22801165755382,13483.361306002107,2145.3167184801378
184,184,ConstructionType_hous,Age_79,ConstructionYear_2011,HHSize_6,73.62896251409397,13585.630928617506,2145.3167184801378
185,185,ConstructionType_hous,Age_29,ConstructionYear_1961,HHSize_6,72.36778089887045,13670.900282036013,2145.3167184801378
186,186,ConstructionType_hous,Age_64,ConstructionYear_1961,HHSize_3,72.43166667621918,13752.037323707544,2145.3167184801378
187,187,ConstructionType_hous,Age_64,ConstructionYear_2030,HHSize_5,73.17721915391641,13602.77113608997,2145.3167184801378
188,188,ConstructionType_hous,Age_54,ConstructionYear_2001,HHSize_8,72.32784894817463,13736.994027962894,2145.3167184801378
189,189,ConstructionType_hous,Age_64,ConstructionYear_1961,HHSize_5,73.21584391305818,13747.716079538905,2145.3167184801378
190,190,ConstructionType_hous,Age_54,ConstructionYear_2001,HHSize_4,72.62868489202113,13748.531773295226,2145.3167184801378
191,191,ConstructionType_appt,Age_79,ConstructionYear_2011,HHSize_4,72.32966665023794,13663.891327394296,2145.3167184801378
192,192,ConstructionType_hous,Age_79,ConstructionYear_1961,HHSize_4,73.85434045980425,13563.144069703709,2145.3167184801378
193,193,ConstructionType_appt,Age_79,ConstructionYear_1945,HHSize_5,74.02604425084569,13500.646615361367,2145.3167184801378
194,194,ConstructionType_hous,Age_79,ConstructionYear_2035,HHSize_5,72.42495141678275,13722.15752625215,2145.3167184801378
195,195,ConstructionType_hous,Age_79,ConstructionYear_2020,HHSize_1,74.31058864914971,13657.528840781279,2145.3167184801378
196,196,ConstructionType_hous,Age_54,ConstructionYear_2020,HHSize_1,73.22639867610043,13398.25001162062,2145.3167184801378
197,197,ConstructionType_hous,Age_54,ConstructionYear_1991,HHSize_1,71.43781342286506,13811.416546512693,2145.3167184801378
198,198,ConstructionType_appt,Age_64,ConstructionYear_2001,HHSize_1,72.19996793431166,13970.810541479463,2145.3167184801378
199,199,ConstructionType_appt,Age_54,ConstructionYear_2001,HHSize_1,72.22761533696976,13420.508582515093,2145.3167184801378
200,200,ConstructionType_hous,Age_64,ConstructionYear_2001,HHSize_2,73.3006597086683,13473.412965642296,2145.3167184801378
201,201,ConstructionType_hous,Age_79,ConstructionYear_2020,HHSize_2,72.6000344302798,13455.412072645331,2145.3167184801378
202,202,ConstructionType_hous,Age_64,ConstructionYear_2011,HHSize_3,72.15817282210666,13817.758232637258,2145.3167184801378
203,203,ConstructionType_hous,Age_54,ConstructionYear_2011,HHSize_2,72.29249816657371,13738.327821411433,2145.3167184801378
204,204,ConstructionType_appt,Age_54,ConstructionYear_1918,HHSize_2,72.91761928081901,13675.467176477707,2145.3167184801378
205,205,ConstructionType_hous,Age_79,ConstructionYear_1961,HHSize_3,73.1047465561572,13442.55124507574,2145.3167184801378
206,206,ConstructionType_appt,Age_120,ConstructionYear_1961,HHSize_3,72.80922899841049,13730.88430509213,2145.3167184801378
207,207,ConstructionType_hous,Age_24,ConstructionYear_2035,HHSize_3,73.46189229094878,13648.096487851391,2145.3167184801378
208,208,ConstructionType_hous,Age_39,ConstructionYear_1991,HHSize_1,72.36939881365146,13776.194278499668,2145.3167184801378
209,209,ConstructionType_hous,Age_54,ConstructionYear_1991,HHSize_1,72.22200216520456,13798.08321987324,2145.3167184801378
210,210,ConstructionType_hous,Age_54,ConstructionYear_1991,HHSize_1,73.86772693092095,13721.49567047722,2145.3167184801378
211,211,ConstructionType_appt,Age_79,ConstructionYear_1961,HHSize_1,73.60435816401751,13741.900374520372,2145.3167184801378
212,212,ConstructionType_hous,Age_79,ConstructionYear_1961,HHSize_4,72.44886399996152,13793.270020727483,2145.3167184801378
213,213,ConstructionType_hous,Age_54,ConstructionYear_1961,HHSize_4,73.49252764837227,13598.439509524487,2145.3167184801378
214,214,ConstructionType_appt,Age_54,ConstructionYear_2020,HHSize_2,71.83147215940728,13565.332675493233,2145.3167184801378
215,215,ConstructionType_hous,Age_39,ConstructionYear_1945,HHSize_6,72.91212829784965,13694.813825978928,2145.3167184801378
216,216,ConstructionType_hous,Age_79,ConstructionYear_1945,HHSize_3,73.4451618217876,13658.281417430357,2145.3167184801378
217,217,ConstructionType_hous,Age_54,ConstructionYear_2016,HHSize_4,73.1109590500525,13727.332262317326,2145.3167184801378
218,218,ConstructionType_appt,Age_64,ConstructionYear_2016,HHSize_4,71.96573697670745,13714.846160475681,2145.3167184801378
219,219,ConstructionType_hous,Age_54,ConstructionYear_2016,HHSize_4,73.49233724457073,13614.843181412458,2145.3167184801378
220,220,ConstructionType_hous,Age_64,ConstructionYear_2001,HHSize_4,72.3520374422274,13587.186865914011,2145.3167184801378
221,221,ConstructionType_appt,Age_64,ConstructionYear_2020,HHSize_1,71.82060036144969,13716.778851655738,2145.3167184801378
222,222,ConstructionType_hous,Age_79,ConstructionYear_2020,HHSize_4,73.47346594503368,13824.294455402644,2145.3167184801378
223,223,ConstructionType_hous,Age_64,ConstructionYear_2030,HHSize_5,71.6658036070257,13666.183578313603,2145.3167184801378
224,224,ConstructionType_hous,Age_120,ConstructionYear_2001,HHSize_5,71.62654149499605,13920.69929764697,2145.3167184801378
225,225,ConstructionType_hous,Age_79,ConstructionYear_1991,HHSize_6,72.42802794593943,13518.452069158357,2145.3167184801378
226,226,ConstructionType_hous,Age_79,ConstructionYear_1991,HHSize_5,73.04447581594523,13499.90374827288,2145.3167184801378
227,227,ConstructionType_hous,Age_79,ConstructionYear_1991,HHSize_5,73.90542723281739,13437.270693611279,2145.3167184801378
228,228,ConstructionType_appt,Age_79,ConstructionYear_1961,HHSize_5,72.82054107511844,13737.228908099152,2145.3167184801378
229,229,ConstructionType_hous,Age_54,ConstructionYear_2030,HHSize_3,73.18878636593041,13688.113301338284,2145.3167184801378
230,230,ConstructionType_hous,Age_79,ConstructionYear_2001,HHSize_3,72.05148554379446,13655.673956070012,2145.3167184801378
231,231,ConstructionType_hous,Age_54,ConstructionYear_2001,HHSize_5,73.85195172646955,13632.004158521884,2145.3167184801378
232,232,ConstructionType_hous,Age_24,ConstructionYear_1961,HHSize_5,71.82688813507937,13708.801093439362,2145.3167184801378
233,233,ConstructionType_hous,Age_79,ConstructionYear_1961,HHSize_5,72.77572767170544,13757.065975165651,2145.3167184801378
234,234,ConstructionType_hous,Age_64,ConstructionYear_2001,HHSize_1,71.48641555836514,13680.2093249037,2145.3167184801378
235,235,ConstructionType_appt,Age_79,ConstructionYear_2011,HHSize_3,73.22245271212465,13501.102700170257,2145.3167184801378
236,236,ConstructionType_hous,Age_64,ConstructionYear_1970,HHSize_3,72.64303843331209,13678.626210098908,2145.3167184801378
237,237,ConstructionType_hous,Age_64,ConstructionYear_2035,HHSize_1,72.25957459757416,13636.987359312605,2145.3167184801378
238,238,ConstructionType_hous,Age_120,ConstructionYear_1991,HHSize_1,73.21752334431993,13652.314182298944,2145.3167184801378
239,239,ConstructionType_hous,Age_64,ConstructionYear_1961,HHSize_4,73.84304430728636,13593.601452037325,2145.3167184801378
240,240,ConstructionType_hous,Age_64,ConstructionYear_1970,HHSize_4,74.02727168552876,13394.215701122084,2145.3167184801378
241,241,ConstructionType_hous,Age_54,ConstructionYear_1970,HHSize_2,73.31717709985345,13368.481138492683,2145.3167184801378
242,242,ConstructionType_appt,Age_64,ConstructionYear_2035,HHSize_2,73.99665599118904,13675.917046452583,2145.3167184801378
243,243,ConstructionType_hous,Age_54,ConstructionYear_2016,HHSize_3,71.39538500811436,13638.232892326045,2145.3167184801378
244,244,ConstructionType_hous,Age_54,ConstructionYear_2016,HHSize_6,72.87964855419341,13528.345884410608,2145.3167184801378
245,245,ConstructionType_hous,Age_79,ConstructionYear_2016,HHSize_2,73.11115763499969,13671.393516926963,2145.3167184801378
246,246,ConstructionType_hous,Age_39,ConstructionYear_2016,HHSize_2,72.59318065247027,13385.684777637744,2145.3167184801378
247,247,ConstructionType_hous,Age_39,ConstructionYear_2011,HHSize_5,73.3609973204678,13477.301803394328,2145.3167184801378
248,248,ConstructionType_hous,Age_39,ConstructionYear_2011,HHSize_1,73.11036621945547,13463.271771357216,2145.3167184801378
249,249,ConstructionType_appt,Age_54,ConstructionYear_1961,HHSize_1,72.13563394522734,13453.893050886503,2145.3167184801378
250,250,ConstructionType_hous,Age_64,ConstructionYear_1945,HHSize_1,72.81963592360077,13879.087915864831,2145.3167184801378
251,251,ConstructionType_hous,Age_54,ConstructionYear_1991,HHSize_3,73.42113068406,13511.64839124914,2145.3167184801378
252,252,ConstructionType_hous,Age_79,ConstructionYear_1991,HHSize_7,74.87879049637793,13555.49234949318,2145.3167184801378
253,253,ConstructionType_hous,Age_54,ConstructionYear_1970,HHSize_1,74.52167836750681,13787.834538041228,2145.3167184801378
254,254,ConstructionType_hous,Age_29,ConstructionYear_2035,HHSize_2,73.1384693569292,13507.067642117738,2145.3167184801378
255,255,ConstructionType_hous,Age_79,ConstructionYear_2020,HHSize_2,72.98523202549966,13702.656489976953,2145.3167184801378
256,256,ConstructionType_hous,Age_79,ConstructionYear_2020,HHSize_5,73.57691628510791,13712.144895444319,2145.3167184801378
257,257,ConstructionType_hous,Age_64,ConstructionYear_2030,HHSize_1,74.08291477807248,13781.982348896785,2145.3167184801378
258,258,ConstructionType_appt,Age_120,ConstructionYear_2035,HHSize_3,72.70228198959144,13617.456025122478,2145.3167184801378
259,259,ConstructionType_hous,Age_79,ConstructionYear_1970,HHSize_1,73.08674898734033,13736.984556226169,2145.3167184801378
260,260,ConstructionType_hous,Age_79,ConstructionYear_1970,HHSize_3,72.71914120324456,13635.15717897268,2145.3167184801378
261,261,ConstructionType_hous,Age_79,ConstructionYear_1945,HHSize_3,72.90462665132306,13672.93791178256,2145.3167184801378
262,262,ConstructionType_hous,Age_54,ConstructionYear_2011,HHSize_3,74.00289912954281,13404.118326599655,2145.3167184801378
263,263,ConstructionType_hous,Age_64,ConstructionYear_2011,HHSize_2,72.54875026099353,13891.216008540216,2145.3167184801378
264,264,ConstructionType_hous,Age_64,ConstructionYear_2035,HHSize_2,74.14518704097965,13754.638393153384,2145.3167184801378
265,265,ConstructionType_hous,Age_79,ConstructionYear_2035,HHSize_2,73.13512165335051,13569.146395727148,2145.3167184801378
266,266,ConstructionType_hous,Age_54,ConstructionYear_2035,HHSize_2,72.27791398750142,13662.156787653856,2145.3167184801378
267,267,ConstructionType_appt,Age_54,ConstructionYear_1961,HHSize_2,72.73868579487154,13469.688084691366,2145.3167184801378
268,268,ConstructionType_hous,Age_39,ConstructionYear_1991,HHSize_3,73.11058955932593,13469.696767891108,2145.3167184801378
269,269,ConstructionType_hous,Age_39,ConstructionYear_1991,HHSize_2,74.02157856240702,13552.164603791522,2145.3167184801378
270,270,ConstructionType_hous,Age_54,ConstructionYear_1970,HHSize_5,74.42810805126966,13517.240499161855,2145.3167184801378
271,271,ConstructionType_hous,Age_54,ConstructionYear_1900,HHSize_2,73.65570098244106,13598.257051091705,2145.3167184801378
272,272,ConstructionType_appt,Age_54,ConstructionYear_1991,HHSize_2,73.22839853842413,13662.012806053557,2145.3167184801378
273,273,ConstructionType_hous,Age_39,ConstructionYear_1981,HHSize_5,72.31402315404267,13842.496325397717,2145.3167184801378
274,274,ConstructionType_hous,Age_54,ConstructionYear_1991,HHSize_3,72.77816047355537,13569.344083739375,2145.3167184801378
275,275,ConstructionType_appt,Age_39,ConstructionYear_1991,HHSize_4,74.0242213530191,13536.747627959323,2145.3167184801378
276,276,ConstructionType_hous,Age_79,ConstructionYear_2020,HHSize_4,72.60910657060047,13527.322572701045,2145.3167184801378
277,277,ConstructionType_appt,Age_79,ConstructionYear_2035,HHSize_1,73.6149499081623,13724.239931374763,2145.3167184801378
278,278,ConstructionType_hous,Age_120,ConstructionYear_2035,HHSize_1,74.08052322574035,13517.36522228285,2145.3167184801378
279,279,ConstructionType_hous,Age_64,ConstructionYear_2030,HHSize_4,72.40215595355136,13645.144001775703,2145.3167184801378
280,280,ConstructionType_hous,Age_79,ConstructionYear_1991,HHSize_6,72.30252167593241,13689.347822645977,2145.3167184801378
281,281,ConstructionType_appt,Age_54,ConstructionYear_1991,HHSize_2,73.203167364187,13434.602149845445,2145.3167184801378
282,282,ConstructionType_hous,Age_79,ConstructionYear_1991,HHSize_2,72.554260660675,13679.915406789722,2145.3167184801378
283,283,ConstructionType_hous,Age_54,ConstructionYear_1991,HHSize_3,72.34562476554511,13678.053403979482,2145.3167184801378
284,284,ConstructionType_appt,Age_54,ConstructionYear_1991,HHSize_3,72.32356531654945,13693.288632022248,2145.3167184801378
285,285,ConstructionType_hous,Age_79,ConstructionYear_1981,HHSize_2,74.19624526576234,13639.000109990558,2145.3167184801378
286,286,ConstructionType_hous,Age_54,ConstructionYear_2011,HHSize_2,73.52634235898546,13587.368556488416,2145.3167184801378
287,287,ConstructionType_hous,Age_64,ConstructionYear_2011,HHSize_2,73.72175491743415,13728.706031626183,2145.3167184801378
288,288,ConstructionType_hous,Age_54,ConstructionYear_1981,HHSize_3,73.81096849324571,13570.456944001535,2145.3167184801378
289,289,ConstructionType_hous,Age_39,ConstructionYear_1961,HHSize_3,73.64347123193481,13532.84726628447,2145.3167184801378
290,290,ConstructionType_hous,Age_54,ConstructionYear_1961,HHSize_6,72.12333474990311,13654.07170508138,2145.3167184801378
291,291,ConstructionType_hous,Age_54,ConstructionYear_1961,HHSize_3,72.56814295586614,13695.414227617151,2145.3167184801378
292,292,ConstructionType_hous,Age_54,ConstructionYear_1981,HHSize_1,72.05381962666674,13834.921047986189,2145.3167184801378
293,293,ConstructionType_hous,Age_54,ConstructionYear_1945,HHSize_2,74.56830178342918,13659.269538930457,2145.3167184801378
294,294,ConstructionType_hous,Age_79,ConstructionYear_1961,HHSize_2,73.62632593207101,13628.49661701214,2145.3167184801378
295,295,ConstructionType_hous,Age_54,ConstructionYear_1945,HHSize_1,73.83306951920791,13784.148003951128,2145.3167184801378
296,296,ConstructionType_hous,Age_79,ConstructionYear_1945,HHSize_1,72.12534041984236,13457.585568184499,2145.3167184801378
297,297,ConstructionType_hous,Age_54,ConstructionYear_1945,HHSize_5,72.77594929757171,13457.011276021587,2145.3167184801378
298,298,ConstructionType_appt,Age_54,ConstructionYear_1961,HHSize_2,73.68443937140928,13762.44287087294,2145.3167184801378
299,299,ConstructionType_hous,Age_120,ConstructionYear_1981,HHSize_2,74.45703198608271,13597.156913579909,2145.3167184801378
300,300,ConstructionType_hous,Age_79,ConstructionYear_1991,HHSize_2,72.33454933936501,13654.02067903721,2145.3167184801378
301,301,ConstructionType_appt,Age_120,ConstructionYear_1961,HHSize_3,74.76601066019131,13524.57112601154,2145.3167184801378
302,302,ConstructionType_hous,Age_79,ConstructionYear_1991,HHSize_2,73.83588966803161,13738.198766744106,2145.3167184801378
303,303,ConstructionType_hous,Age_64,ConstructionYear_2030,HHSize_2,74.2019722839495,13693.091201762683,2145.3167184801378
304,304,ConstructionType_hous,Age_120,ConstructionYear_2001,HHSize_2,74.2404883165637,13871.681475535102,2145.3167184801378
305,305,ConstructionType_hous,Age_64,ConstructionYear_2001,HHSize_2,72.58670664333201,13593.379483311423,2145.3167184801378
306,306,ConstructionType_appt,Age_79,ConstructionYear_1961,HHSize_2,73.88195745973609,13338.419755567624,2145.3167184801378
307,307,ConstructionType_hous,Age_64,ConstructionYear_1945,HHSize_3,73.24766628417193,13658.275575872643,2145.3167184801378
308,308,ConstructionType_hous,Age_54,ConstructionYear_1961,HHSize_3,72.80712046795597,13807.849406803509,2145.3167184801378
309,309,ConstructionType_hous,Age_64,ConstructionYear_2011,HHSize_2,73.69837879947819,13704.013569327757,2145.3167184801378
310,310,ConstructionType_hous,Age_54,ConstructionYear_1991,HHSize_2,73.8745401909173,13509.835257289902,2145.3167184801378
311,311,ConstructionType_hous,Age_64,ConstructionYear_1991,HHSize_4,72.65123382840426,13483.957976082671,2145.3167184801378
312,312,ConstructionType_hous,Age_79,ConstructionYear_2001,HHSize_5,72.57550712959156,13800.043206851955,2145.3167184801378
313,313,ConstructionType_hous,Age_64,ConstructionYear_2030,HHSize_3,73.72563995153389,13762.7799914409,2145.3167184801378
314,314,ConstructionType_appt,Age_39,ConstructionYear_2030,HHSize_3,73.86413316777889,13766.422276532536,2145.3167184801378
315,315,ConstructionType_hous,Age_39,ConstructionYear_2030,HHSize_4,73.60448072811431,13691.387864324253,2145.3167184801378
316,316,ConstructionType_hous,Age_54,ConstructionYear_2020,HHSize_3,73.05479318255115,13613.69213023515,2145.3167184801378
317,317,ConstructionType_hous,Age_79,ConstructionYear_2030,HHSize_4,73.9523666767902,13799.296435832894,2145.3167184801378
318,318,ConstructionType_hous,Age_29,ConstructionYear_2011,HHSize_1,72.93745935177387,13814.767940203039,2145.3167184801378
319,319,ConstructionType_hous,Age_79,ConstructionYear_2001,HHSize_1,72.66203658007754,13728.836097754485,2145.3167184801378
320,320,ConstructionType_hous,Age_79,ConstructionYear_2001,HHSize_4,71.62056574397532,13457.452561615368,2145.3167184801378
321,321,ConstructionType_hous,Age_54,ConstructionYear_1991,HHSize_3,74.04625194245558,13948.515847608676,2145.3167184801378
322,322,ConstructionType_hous,Age_24,ConstructionYear_2016,HHSize_3,71.21620913990094,13364.068502563112,2145.3167184801378
323,323,ConstructionType_hous,Age_79,ConstructionYear_1945,HHSize_3,73.03305274311695,13633.527636650084,2145.3167184801378
324,324,ConstructionType_hous,Age_79,ConstructionYear_2035,HHSize_2,72.77135916686952,13583.165475975666,2145.3167184801378
325,325,ConstructionType_hous,Age_79,ConstructionYear_2030,HHSize_4,72.93519259889806,13790.36361692152,2145.3167184801378
326,326,ConstructionType_hous,Age_64,ConstructionYear_2030,HHSize_3,74.23920806488387,13831.137735685774,2145.3167184801378
327,327,ConstructionType_hous,Age_39,ConstructionYear_2030,HHSize_2,72.04916553767616,13769.75934880052,2145.3167184801378
328,328,ConstructionType_appt,Age_79,ConstructionYear_1945,HHSize_2,73.29615082622695,13730.021819912383,2145.3167184801378
329,329,ConstructionType_appt,Age_64,ConstructionYear_2001,HHSize_2,73.26317369859703,13839.198413370865,2145.3167184801378
330,330,ConstructionType_hous,Age_79,ConstructionYear_2016,HHSize_2,73.60860156235113,13913.114630075903,2145.3167184801378
331,331,ConstructionType_hous,Age_54,ConstructionYear_1981,HHSize_1,72.38432794933682,13439.499569156691,2145.3167184801378
332,332,ConstructionType_hous,Age_64,ConstructionYear_2011,HHSize_5,73.98541334224544,13471.47719351652,2145.3167184801378
333,333,ConstructionType_hous,Age_79,ConstructionYear_2016,HHSize_4,72.42182987958796,13804.07136149579,2145.3167184801378
334,334,ConstructionType_hous,Age_79,ConstructionYear_1961,HHSize_3,72.6038739232948,13870.112928270835,2145.3167184801378
335,335,ConstructionType_hous,Age_39,ConstructionYear_2016,HHSize_3,73.93984749053138,13525.415493858512,2145.3167184801378
336,336,ConstructionType_appt,Age_39,ConstructionYear_2030,HHSize_8,73.19437829651635,13514.506633335923,2145.3167184801378
337,337,ConstructionType_hous,Age_54,ConstructionYear_2030,HHSize_3,73.26799368516234,13619.010449347035,2145.3167184801378
338,338,ConstructionType_hous,Age_79,ConstructionYear_1961,HHSize_2,73.37611274034657,13506.900466039593,2145.3167184801378
339,339,ConstructionType_hous,Age_24,ConstructionYear_2011,HHSize_3,72.30432120802533,13617.269832924794,2145.3167184801378
340,340,ConstructionType_hous,Age_54,ConstructionYear_2001,HHSize_3,74.65599695597689,13622.910097019512,2145.3167184801378
341,341,ConstructionType_hous,Age_54,ConstructionYear_1981,HHSize_5,73.57639254193694,13639.390819342769,2145.3167184801378
342,342,ConstructionType_appt,Age_79,ConstructionYear_2011,HHSize_3,72.86638360892064,13469.211535275403,2145.3167184801378
343,343,ConstructionType_hous,Age_120,ConstructionYear_2035,HHSize_4,72.80057011105319,13599.978478786456,2145.3167184801378
344,344,ConstructionType_hous,Age_39,ConstructionYear_2030,HHSize_4,72.08333337566974,13769.083856329304,2145.3167184801378
345,345,ConstructionType_hous,Age_39,ConstructionYear_2016,HHSize_4,72.65356153113198,13654.361594532185,2145.3167184801378
346,346,ConstructionType_hous,Age_39,ConstructionYear_2016,HHSize_1,73.31027170736857,13597.338408426953,2145.3167184801378
347,347,ConstructionType_hous,Age_54,ConstructionYear_2030,HHSize_5,72.74040198070163,13727.940585563709,2145.3167184801378
348,348,ConstructionType_hous,Age_54,ConstructionYear_2030,HHSize_3,72.94130797350171,13773.917857371503,2145.3167184801378
349,349,ConstructionType_hous,Age_64,ConstructionYear_1991,HHSize_3,73.43021061932757,13646.572462323007,2145.3167184801378
350,350,ConstructionType_appt,Age_64,ConstructionYear_2035,HHSize_2,71.66626933180932,13795.825858332724,2145.3167184801378
351,351,ConstructionType_hous,Age_54,ConstructionYear_2001,HHSize_1,73.33422773831077,13779.941403141345,2145.3167184801378
352,352,ConstructionType_hous,Age_120,ConstructionYear_2020,HHSize_3,72.51408451534229,13513.508666648291,2145.3167184801378
353,353,ConstructionType_hous,Age_39,ConstructionYear_1981,HHSize_7,72.7026770984,13947.658819814524,2145.3167184801378
354,354,ConstructionType_hous,Age_64,ConstructionYear_1981,HHSize_6,72.24500870378644,13672.283517768778,2145.3167184801378
355,355,ConstructionType_hous,Age_54,ConstructionYear_1981,HHSize_6,73.17755322820213,13641.841172500019,2145.3167184801378
356,356,ConstructionType_appt,Age_39,ConstructionYear_2020,HHSize_6,72.83371606153787,13653.700388011885,2145.3167184801378
357,357,ConstructionType_hous,Age_54,ConstructionYear_2030,HHSize_5,72.00715790155425,13697.658301990701,2145.3167184801378
358,358,ConstructionType_hous,Age_79,ConstructionYear_2016,HHSize_4,72.95132273833241,13533.645737560735,2145.3167184801378
359,359,ConstructionType_hous,Age_79,ConstructionYear_1981,HHSize_2,71.49141913856944,13489.758734548635,2145.3167184801378
360,360,ConstructionType_hous,Age_54,ConstructionYear_2030,HHSize_5,71.43135918595172,13493.937279673459,2145.3167184801378
361,361,ConstructionType_hous,Age_54,ConstructionYear_1970,HHSize_5,73.41867237283597,13710.075737205649,2145.3167184801378
362,362,ConstructionType_hous,Age_54,ConstructionYear_1970,HHSize_4,73.8707170183778,13397.889884973401,2145.3167184801378
363,363,ConstructionType_hous,Age_39,ConstructionYear_2001,HHSize_3,71.61600239974717,13602.661158453137,2145.3167184801378
364,364,ConstructionType_hous,Age_39,ConstructionYear_2001,HHSize_2,73.58134668131035,13945.151691890496,2145.3167184801378
365,365,ConstructionType_hous,Age_54,ConstructionYear_2001,HHSize_2,72.45279708107796,13450.505888347783,2145.3167184801378
366,366,ConstructionType_hous,Age_64,ConstructionYear_1991,HHSize_3,73.38984272511183,13570.358412938149,2145.3167184801378
367,367,ConstructionType_hous,Age_64,ConstructionYear_2016,HHSize_3,72.54949561343834,13553.179519195592,2145.3167184801378
368,368,ConstructionType_hous,Age_54,ConstructionYear_1981,HHSize_6,73.00911280030411,13462.6588228944,2145.3167184801378
369,369,ConstructionType_hous,Age_79,ConstructionYear_1970,HHSize_5,71.43638520750714,13598.261812160416,2145.3167184801378
370,370,ConstructionType_hous,Age_120,ConstructionYear_2016,HHSize_2,72.94323801382663,13487.807331441687,2145.3167184801378
371,371,ConstructionType_hous,Age_120,ConstructionYear_2030,HHSize_2,71.75752990849514,13525.383088713455,2145.3167184801378
372,372,ConstructionType_appt,Age_24,ConstructionYear_1991,HHSize_6,72.03684201367335,13591.320996596674,2145.3167184801378
373,373,ConstructionType_hous,Age_64,ConstructionYear_1970,HHSize_5,73.44277945581025,13416.067701233633,2145.3167184801378
374,374,ConstructionType_hous,Age_79,ConstructionYear_2035,HHSize_5,73.10928352209093,13842.411586697666,2145.3167184801378
375,375,ConstructionType_hous,Age_54,ConstructionYear_1970,HHSize_2,73.59211900023935,13608.456694109906,2145.3167184801378
376,376,ConstructionType_hous,Age_39,ConstructionYear_2011,HHSize_3,73.09080083816363,13716.9878931002,2145.3167184801378
377,377,ConstructionType_hous,Age_79,ConstructionYear_2011,HHSize_3,72.73224804182524,13662.739533355723,2145.3167184801378
378,378,ConstructionType_hous,Age_64,ConstructionYear_2001,HHSize_3,74.11615960929917,13367.273464573442,2145.3167184801378
379,379,ConstructionType_appt,Age_64,ConstructionYear_2001,HHSize_7,73.30912582793384,13724.66011645004,2145.3167184801378
380,380,ConstructionType_hous,Age_54,ConstructionYear_2011,HHSize_7,72.25351399580889,13727.413831690032,2145.3167184801378
381,381,ConstructionType_hous,Age_39,ConstructionYear_2001,HHSize_7,72.00147363368355,13686.897036792489,2145.3167184801378
382,382,ConstructionType_appt,Age_24,ConstructionYear_2001,HHSize_5,72.7737345098318,13659.085093933183,2145.3167184801378
383,383,ConstructionType_hous,Age_79,ConstructionYear_1970,HHSize_2,72.63531414301853,13778.584528676633,2145.3167184801378
384,384,ConstructionType_hous,Age_79,ConstructionYear_2011,HHSize_5,73.84911862130409,13684.047595024173,2145.3167184801378
385,385,ConstructionType_hous,Age_79,ConstructionYear_2001,HHSize_8,72.0447159372456,13824.711498201872,2145.3167184801378
386,386,ConstructionType_appt,Age_79,ConstructionYear_2001,HHSize_8,73.57565105702912,13706.067833165853,2145.3167184801378
387,387,ConstructionType_hous,Age_39,ConstructionYear_2035,HHSize_4,72.34672673712124,13661.257140532705,2145.3167184801378
388,388,ConstructionType_hous,Age_79,ConstructionYear_2001,HHSize_4,73.6021080544256,13636.704459026296,2145.3167184801378
389,389,ConstructionType_hous,Age_54,ConstructionYear_1981,HHSize_4,73.16232789229875,13363.024691790908,2145.3167184801378
390,390,ConstructionType_hous,Age_54,ConstructionYear_2001,HHSize_2,73.60335529789556,13728.48147811176,2145.3167184801378
391,391,ConstructionType_hous,Age_64,ConstructionYear_2011,HHSize_2,73.24406290962668,13619.308809948025,2145.3167184801378
392,392,ConstructionType_appt,Age_64,ConstructionYear_2035,HHSize_2,73.21331065223467,13582.856990209288,2145.3167184801378
393,393,ConstructionType_hous,Age_64,ConstructionYear_2016,HHSize_1,73.8344857941673,13737.339231375388,2145.3167184801378
394,394,ConstructionType_hous,Age_54,ConstructionYear_2016,HHSize_3,72.26193362499346,13740.902366051067,2145.3167184801378
395,395,ConstructionType_hous,Age_54,ConstructionYear_1991,HHSize_2,73.2762468506904,13882.435439661718,2145.3167184801378
396,396,ConstructionType_hous,Age_54,ConstructionYear_2020,HHSize_3,73.83054599900211,13881.222298513601,2145.3167184801378
397,397,ConstructionType_hous,Age_79,ConstructionYear_2001,HHSize_5,73.21726469584868,13799.096550917857,2145.3167184801378
398,398,ConstructionType_hous,Age_54,ConstructionYear_1945,HHSize_3,73.31997533413347,13395.997431922136,2145.3167184801378
399,399,ConstructionType_hous,Age_39,ConstructionYear_2011,HHSize_1,72.97729825677173,13718.712077263077,2145.3167184801378
400,400,ConstructionType_hous,Age_39,ConstructionYear_1970,HHSize_2,73.83272606231344,13780.339564918611,2145.3167184801378
401,401,ConstructionType_hous,Age_54,ConstructionYear_2011,HHSize_3,73.01517190860369,13601.523668994463,2145.3167184801378
402,402,ConstructionType_hous,Age_64,ConstructionYear_1961,HHSize_1,72.90540534288358,13853.544623348302,2145.3167184801378
403,403,ConstructionType_hous,Age_54,ConstructionYear_1961,HHSize_4,73.62033593190095,13461.074655219194,2145.3167184801378
404,404,ConstructionType_hous,Age_79,ConstructionYear_1981,HHSize_6,73.47997677119558,13650.447618702634,2145.3167184801378
405,405,ConstructionType_hous,Age_64,ConstructionYear_1945,HHSize_4,72.16844982226068,13534.636163696712,2145.3167184801378
406,406,ConstructionType_hous,Age_54,ConstructionYear_1961,HHSize_3,72.09247696882761,13781.263704250838,2145.3167184801378
407,407,ConstructionType_hous,Age_64,ConstructionYear_2020,HHSize_5,72.8262290163071,13613.390295978992,2145.3167184801378
408,408,ConstructionType_hous,Age_39,ConstructionYear_2020,HHSize_4,73.9545613083712,13496.927957290969,2145.3167184801378
409,409,ConstructionType_hous,Age_54,ConstructionYear_1991,HHSize_3,71.98033918939274,13860.746617152641,2145.3167184801378
410,410,ConstructionType_hous,Age_29,ConstructionYear_2020,HHSize_1,72.76752064530051,13612.29953045587,2145.3167184801378
411,411,ConstructionType_hous,Age_79,ConstructionYear_2001,HHSize_4,72.22499682819246,13876.017703036108,2145.3167184801378
412,412,ConstructionType_hous,Age_64,ConstructionYear_2001,HHSize_4,72.53461105336183,13569.355948317914,2145.3167184801378
413,413,ConstructionType_hous,Age_79,ConstructionYear_1981,HHSize_1,72.30711627709924,13677.461538769354,2145.3167184801378
414,414,ConstructionType_hous,Age_54,ConstructionYear_1991,HHSize_4,73.57338932314822,13572.935327843421,2145.3167184801378
415,415,ConstructionType_hous,Age_64,ConstructionYear_1981,HHSize_5,71.63189595408022,13593.91315996912,2145.3167184801378
416,416,ConstructionType_hous,Age_54,ConstructionYear_1970,HHSize_3,71.71905577140001,13552.385839923258,2145.3167184801378
417,417,ConstructionType_hous,Age_54,ConstructionYear_1961,HHSize_4,73.39569788093686,13696.07368642242,2145.3167184801378
418,418,ConstructionType_hous,Age_79,ConstructionYear_1961,HHSize_3,72.5333079759129,13829.867482714268,2145.3167184801378
419,419,ConstructionType_hous,Age_54,ConstructionYear_2011,HHSize_2,73.1137715561393,13617.94678990327,2145.3167184801378
420,420,ConstructionType_hous,Age_79,ConstructionYear_2030,HHSize_2,73.5850747405578,13712.810623201658,2145.3167184801378
421,421,ConstructionType_hous,Age_54,ConstructionYear_1945,HHSize_2,73.25064519891785,13322.055840304067,2145.3167184801378
422,422,ConstructionType_hous,Age_79,ConstructionYear_1991,HHSize_2,73.07449885707057,13555.618336964097,2145.3167184801378
423,423,ConstructionType_hous,Age_79,ConstructionYear_1981,HHSize_1,73.59429175053245,13530.38070200844,2145.3167184801378
424,424,ConstructionType_hous,Age_64,ConstructionYear_1981,HHSize_4,73.47607952847468,13773.374629725886,2145.3167184801378
425,425,ConstructionType_hous,Age_39,ConstructionYear_2020,HHSize_5,72.88793984542637,13453.678205585436,2145.3167184801378
426,426,ConstructionType_hous,Age_120,ConstructionYear_2030,HHSize_2,73.94253827053902,13777.507047816764,2145.3167184801378
427,427,ConstructionType_hous,Age_120,ConstructionYear_1981,HHSize_2,72.32466012702523,13656.437836150546,2145.3167184801378
428,428,ConstructionType_appt,Age_64,ConstructionYear_1970,HHSize_2,73.00405851529378,13540.50057364316,2145.3167184801378
429,429,ConstructionType_appt,Age_79,ConstructionYear_1981,HHSize_2,73.51221219796628,13731.593400223705,2145.3167184801378
430,430,ConstructionType_hous,Age_54,ConstructionYear_1945,HHSize_3,73.04368381334963,13751.295918432517,2145.3167184801378
431,431,ConstructionType_hous,Age_39,ConstructionYear_1945,HHSize_2,72.75804625935797,14086.628439281114,2145.3167184801378
432,432,ConstructionType_hous,Age_39,ConstructionYear_1945,HHSize_2,72.28935025005987,13859.739754541271,2145.3167184801378
433,433,ConstructionType_hous,Age_54,ConstructionYear_2016,HHSize_3,71.65767050841755,13501.089434873145,2145.3167184801378
434,434,ConstructionType_hous,Age_54,ConstructionYear_1970,HHSize_7,72.16232695946637,13813.307194087449,2145.3167184801378
435,435,ConstructionType_hous,Age_54,ConstructionYear_1961,HHSize_2,72.11257355794227,13383.06510684346,2145.3167184801378
436,436,ConstructionType_hous,Age_79,ConstructionYear_2011,HHSize_3,72.85292029191923,13644.86577828404,2145.3167184801378
437,437,ConstructionType_hous,Age_54,ConstructionYear_2011,HHSize_5,73.68894187167267,13676.9201103366,2145.3167184801378
438,438,ConstructionType_appt,Age_39,ConstructionYear_2011,HHSize_2,72.21354598059236,13681.015780286172,2145.3167184801378
439,439,ConstructionType_appt,Age_64,ConstructionYear_1945,HHSize_2,71.89420957848998,13959.664253412628,2145.3167184801378
440,440,ConstructionType_hous,Age_54,ConstructionYear_2030,HHSize_2,73.98104819853755,13697.737897115196,2145.3167184801378
441,441,ConstructionType_hous,Age_54,ConstructionYear_2035,HHSize_7,72.38933337796026,13709.181542611756,2145.3167184801378
442,442,ConstructionType_hous,Age_64,ConstructionYear_1991,HHSize_6,73.74040374570842,13554.812504026186,2145.3167184801378
443,443,ConstructionType_hous,Age_79,ConstructionYear_1945,HHSize_3,73.00650147245283,13788.105742036532,2145.3167184801378
444,444,ConstructionType_hous,Age_79,ConstructionYear_1970,HHSize_2,72.67606940508128,13838.853392768084,2145.3167184801378
445,445,ConstructionType_appt,Age_64,ConstructionYear_1961,HHSize_2,72.53334836418883,13697.786832146621,2145.3167184801378
446,446,ConstructionType_hous,Age_120,ConstructionYear_2011,HHSize_1,72.70005287052749,13702.866114022849,2145.3167184801378
447,447,ConstructionType_hous,Age_54,ConstructionYear_2011,HHSize_3,72.14344957345483,13761.818280326934,2145.3167184801378
448,448,ConstructionType_hous,Age_79,ConstructionYear_1970,HHSize_2,73.8544600965033,13743.500212962752,2145.3167184801378
449,449,ConstructionType_hous,Age_64,ConstructionYear_2001,HHSize_3,73.12018796547196,13718.79630869312,2145.3167184801378
450,450,ConstructionType_appt,Age_39,ConstructionYear_1970,HHSize_3,73.57018927586398,13654.650010869993,2145.3167184801378
451,451,ConstructionType_hous,Age_79,ConstructionYear_1981,HHSize_5,72.40276743391007,13529.466620195892,2145.3167184801378
452,452,ConstructionType_hous,Age_79,ConstructionYear_1961,HHSize_2,72.77426603098884,13464.0743936532,2145.3167184801378
453,453,ConstructionType_hous,Age_79,ConstructionYear_1961,HHSize_2,73.66694457511704,13860.104241187511,2145.3167184801378
454,454,ConstructionType_hous,Age_39,ConstructionYear_1961,HHSize_2,73.10451135120299,13648.359931426341,2145.3167184801378
455,455,ConstructionType_hous,Age_64,ConstructionYear_2030,HHSize_1,73.43052182546572,13445.639408434941,2145.3167184801378
456,456,ConstructionType_hous,Age_39,ConstructionYear_2030,HHSize_4,72.5181171215905,13815.613735086972,2145.3167184801378
457,457,ConstructionType_hous,Age_120,ConstructionYear_2035,HHSize_1,72.1200258640508,13751.12603001999,2145.3167184801378
458,458,ConstructionType_hous,Age_64,ConstructionYear_2035,HHSize_1,71.88768340898044,13648.7111148204,2145.3167184801378
459,459,ConstructionType_hous,Age_64,ConstructionYear_1991,HHSize_2,72.8519326291207,13541.967636156693,2145.3167184801378
460,460,ConstructionType_hous,Age_39,ConstructionYear_2001,HHSize_3,72.60988368848375,13485.56399683662,2145.3167184801378
461,461,ConstructionType_hous,Age_79,ConstructionYear_2001,HHSize_4,72.78022421874371,13359.840460472413,2145.3167184801378
462,462,ConstructionType_appt,Age_79,ConstructionYear_2035,HHSize_3,72.29063849482185,13499.36236971266,2145.3167184801378
463,463,ConstructionType_appt,Age_64,ConstructionYear_2035,HHSize_3,73.03066332277221,13677.640450410932,2145.3167184801378
464,464,ConstructionType_appt,Age_79,ConstructionYear_1961,HHSize_3,73.2249930077307,13647.767569071246,2145.3167184801378
465,465,ConstructionType_appt,Age_64,ConstructionYear_2001,HHSize_3,73.18390202467336,13765.201428232776,2145.3167184801378
466,466,ConstructionType_hous,Age_54,ConstructionYear_2030,HHSize_2,72.5369835254029,13636.851731974746,2145.3167184801378
467,467,ConstructionType_hous,Age_54,ConstructionYear_2030,HHSize_2,73.08723034516612,13787.022723451517,2145.3167184801378
468,468,ConstructionType_hous,Age_54,ConstructionYear_1981,HHSize_3,73.32136698342741,13655.764033381209,2145.3167184801378
469,469,ConstructionType_appt,Age_29,ConstructionYear_1945,HHSize_1,72.78122425203517,13595.33771482184,2145.3167184801378
470,470,ConstructionType_appt,Age_39,ConstructionYear_2016,HHSize_3,74.12530099035735,13577.632489667258,2145.3167184801378
471,471,ConstructionType_hous,Age_64,ConstructionYear_2016,HHSize_3,74.05959209472313,13488.087383409067,2145.3167184801378
472,472,ConstructionType_hous,Age_79,ConstructionYear_2016,HHSize_3,72.37316524455305,13673.143028964372,2145.3167184801378
473,473,ConstructionType_hous,Age_79,ConstructionYear_2011,HHSize_3,72.64092427306863,13581.597579790276,2145.3167184801378
474,474,ConstructionType_hous,Age_64,ConstructionYear_1945,HHSize_2,72.88122180762612,13502.33066510072,2145.3167184801378
475,475,ConstructionType_hous,Age_79,ConstructionYear_1900,HHSize_2,73.32636567456848,13499.336277515957,2145.3167184801378
476,476,ConstructionType_hous,Age_54,ConstructionYear_1945,HHSize_6,73.78607951405499,13548.161924242639,2145.3167184801378
477,477,ConstructionType_hous,Age_39,ConstructionYear_2001,HHSize_4,73.00039867954185,13767.460883096706,2145.3167184801378
478,478,ConstructionType_hous,Age_79,ConstructionYear_2001,HHSize_1,73.01109727071683,13511.517465265757,2145.3167184801378
479,479,ConstructionType_appt,Age_54,ConstructionYear_2001,HHSize_1,72.52426865913156,13429.406214521328,2145.3167184801378
480,480,ConstructionType_hous,Age_54,ConstructionYear_1970,HHSize_3,72.69220346868441,13469.179749814684,2145.3167184801378
481,481,ConstructionType_hous,Age_54,ConstructionYear_2030,HHSize_3,72.58353080473728,13788.547277540825,2145.3167184801378
482,482,ConstructionType_hous,Age_54,ConstructionYear_2030,HHSize_2,72.03408225587431,13532.338543057476,2145.3167184801378
483,483,ConstructionType_hous,Age_54,ConstructionYear_2030,HHSize_3,72.86267076650806,13472.65990093639,2145.3167184801378
484,484,ConstructionType_appt,Age_64,ConstructionYear_2030,HHSize_3,72.6182682553158,13708.755383267307,2145.3167184801378
485,485,ConstructionType_appt,Age_79,ConstructionYear_2030,HHSize_3,73.2484131765794,13698.869923859043,2145.3167184801378
486,486,ConstructionType_hous,Age_64,ConstructionYear_1945,HHSize_2,73.49105512563483,13752.713918733838,2145.3167184801378
487,487,ConstructionType_appt,Age_64,ConstructionYear_2016,HHSize_5,72.04565845464504,13675.98953818309,2145.3167184801378
488,488,ConstructionType_hous,Age_54,ConstructionYear_2016,HHSize_5,73.17206066643247,13639.108384660252,2145.3167184801378
489,489,ConstructionType_hous,Age_79,ConstructionYear_2011,HHSize_5,72.86756884551741,13561.960039336724,2145.3167184801378
490,490,ConstructionType_hous,Age_54,ConstructionYear_2011,HHSize_4,73.26185565863399,13877.289129760928,2145.3167184801378
491,491,ConstructionType_hous,Age_64,ConstructionYear_2001,HHSize_3,72.9907309585978,13741.246322187038,2145.3167184801378
492,492,ConstructionType_appt,Age_29,ConstructionYear_2001,HHSize_5,73.65149419756595,13403.414822079676,2145.3167184801378
493,493,ConstructionType_hous,Age_79,ConstructionYear_2001,HHSize_2,73.45319948337618,13441.515661754102,2145.3167184801378
494,494,ConstructionType_hous,Age_64,ConstructionYear_2016,HHSize_2,72.60615809235658,13309.264387122155,2145.3167184801378
495,495,ConstructionType_hous,Age_79,ConstructionYear_2016,HHSize_2,71.94201748333656,13541.72329834902,2145.3167184801378
496,496,ConstructionType_hous,Age_24,ConstructionYear_2011,HHSize_5,74.05346687322695,13715.412355189892,2145.3167184801378
497,497,ConstructionType_appt,Age_24,ConstructionYear_1961,HHSize_8,73.4512429042103,13767.93315560806,2145.3167184801378
498,498,ConstructionType_hous,Age_29,ConstructionYear_2011,HHSize_4,73.33439341267135,13635.744000539193,2145.3167184801378
499,499,ConstructionType_hous,Age_64,ConstructionYear_1970,HHSize_4,73.1730693034412,13486.776189043454,2145.3167184801378
500,500,ConstructionType_hous,Age_64,ConstructionYear_2016,HHSize_6,72.89606384533181,13481.663817524648,2145.3167184801378
501,501,ConstructionType_hous,Age_64,ConstructionYear_2016,HHSize_7,71.48287370162747,13378.587676232417,2145.3167184801378
502,502,ConstructionType_hous,Age_79,ConstructionYear_1991,HHSize_7,72.49520476280911,13407.657682750252,2145.3167184801378
503,503,ConstructionType_hous,Age_79,ConstructionYear_1991,HHSize_1,73.50449517864764,13552.377281048777,2145.3167184801378
504,504,ConstructionType_hous,Age_39,ConstructionYear_1961,HHSize_4,73.09553175412344,13729.130478796873,2145.3167184801378
505,505,ConstructionType_hous,Age_54,ConstructionYear_1991,HHSize_2,72.52031015074111,13504.27798488035,2145.3167184801378
506,506,ConstructionType_hous,Age_79,ConstructionYear_1981,HHSize_3,73.57166067407599,13516.019087009048,2145.3167184801378
507,507,ConstructionType_appt,Age_79,ConstructionYear_1981,HHSize_4,74.29317182168855,13595.619210861896,2145.3167184801378
508,508,ConstructionType_hous,Age_54,ConstructionYear_1981,HHSize_4,74.32172714288157,13882.517829827008,2145.3167184801378
509,509,ConstructionType_hous,Age_64,ConstructionYear_1981,HHSize_1,73.13631064568047,13735.185896881578,2145.3167184801378
510,510,ConstructionType_hous,Age_64,ConstructionYear_2030,HHSize_5,72.24199669436318,13633.813800451588,2145.3167184801378
511,511,ConstructionType_appt,Age_24,ConstructionYear_2030,HHSize_5,72.20736666759692,13601.288312128721,2145.3167184801378
512,512,ConstructionType_hous,Age_39,ConstructionYear_2001,HHSize_1,74.19955587622599,13761.52376233522,2145.3167184801378
513,513,ConstructionType_hous,Age_29,ConstructionYear_1961,HHSize_4,72.54777542768569,13532.24704394464,2145.3167184801378
514,514,ConstructionType_hous,Age_24,ConstructionYear_1981,HHSize_2,73.75780986951442,13386.542904737677,2145.3167184801378
515,515,ConstructionType_hous,Age_54,ConstructionYear_2011,HHSize_4,72.74773904901406,13568.775295652244,2145.3167184801378
516,516,ConstructionType_hous,Age_54,ConstructionYear_2011,HHSize_2,74.22006849362495,13846.069178099671,2145.3167184801378
517,517,ConstructionType_hous,Age_64,ConstructionYear_2011,HHSize_2,72.87071346504958,13824.649740046967,2145.3167184801378
518,518,ConstructionType_hous,Age_39,ConstructionYear_2011,HHSize_1,71.87838201037948,13893.605800377443,2145.3167184801378
519,519,ConstructionType_hous,Age_54,ConstructionYear_1970,HHSize_1,72.14442798633314,13651.624663248624,2145.3167184801378
520,520,ConstructionType_appt,Age_79,ConstructionYear_1991,HHSize_1,73.6932468127217,13643.620285289036,2145.3167184801378
521,521,ConstructionType_hous,Age_54,ConstructionYear_2020,HHSize_1,72.64260978133314,13721.537208759746,2145.3167184801378
522,522,ConstructionType_hous,Age_54,ConstructionYear_1991,HHSize_1,74.26361371258946,13766.719793888877,2145.3167184801378
523,523,ConstructionType_appt,Age_79,ConstructionYear_1981,HHSize_4,74.31369173515985,13505.070057526988,2145.3167184801378
524,524,ConstructionType_hous,Age_54,ConstructionYear_1991,HHSize_2,71.88425600324415,13798.907207421762,2145.3167184801378
525,525,ConstructionType_hous,Age_39,ConstructionYear_1991,HHSize_3,73.08969088755123,13530.498479410287,2145.3167184801378
526,526,ConstructionType_hous,Age_54,ConstructionYear_2035,HHSize_1,71.82180877775747,13502.878444473365,2145.3167184801378
527,527,ConstructionType_hous,Age_39,ConstructionYear_2001,HHSize_3,73.58257974196758,13837.838830833545,2145.3167184801378
528,528,ConstructionType_hous,Age_79,ConstructionYear_2001,HHSize_6,75.10403816659188,13607.67110658676,2145.3167184801378
529,529,ConstructionType_hous,Age_54,ConstructionYear_2001,HHSize_5,74.82568219629286,13793.177336008688,2145.3167184801378
530,530,ConstructionType_hous,Age_54,ConstructionYear_2001,HHSize_6,71.85369163249958,13657.404919388782,2145.3167184801378
531,531,ConstructionType_hous,Age_39,ConstructionYear_1961,HHSize_1,72.60365057028959,13587.29701044315,2145.3167184801378
532,532,ConstructionType_appt,Age_79,ConstructionYear_2001,HHSize_3,73.86658320436419,13522.525507607463,2145.3167184801378
533,533,ConstructionType_hous,Age_54,ConstructionYear_2001,HHSize_6,71.77242793614813,13529.89753274307,2145.3167184801378
534,534,ConstructionType_hous,Age_29,ConstructionYear_2011,HHSize_6,72.38060182006329,13787.43575097855,2145.3167184801378
535,535,ConstructionType_hous,Age_54,ConstructionYear_1900,HHSize_6,72.64902694359266,13604.129820633667,2145.3167184801378
536,536,ConstructionType_appt,Age_79,ConstructionYear_1991,HHSize_2,73.4240341796488,13773.90557646974,2145.3167184801378
537,537,ConstructionType_hous,Age_79,ConstructionYear_2001,HHSize_5,73.70208802170397,13593.369631824988,2145.3167184801378
538,538,ConstructionType_hous,Age_39,ConstructionYear_2011,HHSize_3,71.7395080180173,13753.879540338154,2145.3167184801378
539,539,ConstructionType_appt,Age_79,ConstructionYear_2030,HHSize_2,73.8584838094162,13832.818341824473,2145.3167184801378
540,540,ConstructionType_appt,Age_54,ConstructionYear_2016,HHSize_1,72.3699040635764,13351.183379006541,2145.3167184801378
541,541,ConstructionType_hous,Age_54,ConstructionYear_2001,HHSize_2,72.4901625130707,13502.264786395071,2145.3167184801378
542,542,ConstructionType_hous,Age_64,ConstructionYear_2011,HHSize_2,72.77351122029233,13527.935273171423,2145.3167184801378
543,543,ConstructionType_hous,Age_79,ConstructionYear_2001,HHSize_1,73.45733888662399,13713.565646108664,2145.3167184801378
544,544,ConstructionType_hous,Age_79,ConstructionYear_2030,HHSize_5,72.51487290759945,13636.49892922173,2145.3167184801378
545,545,ConstructionType_hous,Age_79,ConstructionYear_2030,HHSize_5,73.27363623251735,13686.867907818598,2145.3167184801378
546,546,ConstructionType_hous,Age_120,ConstructionYear_1945,HHSize_5,71.9422866698542,13597.976633077806,2145.3167184801378
547,547,ConstructionType_hous,Age_54,ConstructionYear_2001,HHSize_1,73.70505153249115,13513.961474972828,2145.3167184801378
548,548,ConstructionType_appt,Age_39,ConstructionYear_2011,HHSize_1,73.42173885586458,13543.062023160985,2145.3167184801378
549,549,ConstructionType_hous,Age_54,ConstructionYear_1991,HHSize_6,73.66882441969128,13568.17895151873,2145.3167184801378
550,550,ConstructionType_hous,Age_39,ConstructionYear_1991,HHSize_6,72.66952075854637,13670.193783764558,2145.3167184801378
551,551,ConstructionType_appt,Age_79,ConstructionYear_1991,HHSize_5,72.33530026188241,13575.447075555116,2145.3167184801378
552,552,ConstructionType_hous,Age_64,ConstructionYear_2001,HHSize_4,73.61593804013786,13581.09243517295,2145.3167184801378
553,553,ConstructionType_appt,Age_54,ConstructionYear_1900,HHSize_4,72.99065349708827,13606.35845360959,2145.3167184801378
554,554,ConstructionType_hous,Age_54,ConstructionYear_1961,HHSize_4,73.4495648290043,13593.221300222407,2145.3167184801378
555,555,ConstructionType_hous,Age_54,ConstructionYear_1945,HHSize_3,71.47762611820406,13749.94545917417,2145.3167184801378
556,556,ConstructionType_hous,Age_79,ConstructionYear_2016,HHSize_3,72.61476831309629,13713.578627460241,2145.3167184801378
557,557,ConstructionType_appt,Age_120,ConstructionYear_2016,HHSize_3,72.15732293407143,13742.630988751454,2145.3167184801378
558,558,ConstructionType_hous,Age_79,ConstructionYear_1981,HHSize_3,72.59457788903484,13511.631317536741,2145.3167184801378
559,559,ConstructionType_hous,Age_54,ConstructionYear_1981,HHSize_3,72.27107463188516,13471.790036438326,2145.3167184801378
560,560,ConstructionType_hous,Age_54,ConstructionYear_1981,HHSize_4,72.53525730531791,13473.769853511354,2145.3167184801378
561,561,ConstructionType_hous,Age_39,ConstructionYear_2016,HHSize_4,72.30513812916432,13867.02754093345,2145.3167184801378
562,562,ConstructionType_appt,Age_24,ConstructionYear_2030,HHSize_4,72.27614582276063,13669.070338211426,2145.3167184801378
563,563,ConstructionType_hous,Age_64,ConstructionYear_2011,HHSize_4,72.74334702538351,13787.29518769357,2145.3167184801378
564,564,ConstructionType_appt,Age_64,ConstructionYear_2011,HHSize_4,73.13099180072355,13759.462910421209,2145.3167184801378
565,565,ConstructionType_hous,Age_54,ConstructionYear_2011,HHSize_2,73.00515087869599,13686.43762504073,2145.3167184801378
566,566,ConstructionType_hous,Age_64,ConstructionYear_2011,HHSize_4,72.60960573583407,13763.670633638703,2145.3167184801378
567,567,ConstructionType_hous,Age_120,ConstructionYear_1945,HHSize_3,74.1168230993872,13446.098362112718,2145.3167184801378
568,568,ConstructionType_appt,Age_79,ConstructionYear_2030,HHSize_4,73.36743100181673,13662.821249613378,2145.3167184801378
569,569,ConstructionType_hous,Age_64,ConstructionYear_1981,HHSize_4,73.41233711684436,13836.15110331773,2145.3167184801378
570,570,ConstructionType_appt,Age_79,ConstructionYear_1981,HHSize_4,72.70592712966966,13450.006703778025,2145.3167184801378
571,571,ConstructionType_hous,Age_29,ConstructionYear_2016,HHSize_4,71.98253467198333,13593.56045673604,2145.3167184801378
572,572,ConstructionType_hous,Age_79,ConstructionYear_2016,HHSize_1,73.75311677044422,13654.271550462405,2145.3167184801378
573,573,ConstructionType_hous,Age_64,ConstructionYear_2011,HHSize_1,72.2072349829012,13704.470124031144,2145.3167184801378
574,574,ConstructionType_hous,Age_54,ConstructionYear_1961,HHSize_2,73.46270510581779,13483.265670005616,2145.3167184801378
575,575,ConstructionType_hous,Age_39,ConstructionYear_1961,HHSize_5,73.29477371237286,13532.961786850465,2145.3167184801378
576,576,ConstructionType_hous,Age_79,ConstructionYear_1945,HHSize_3,71.54505530105283,13754.316074844688,2145.3167184801378
577,577,ConstructionType_appt,Age_54,ConstructionYear_2030,HHSize_2,72.19788227239121,13692.810974922686,2145.3167184801378
578,578,ConstructionType_hous,Age_54,ConstructionYear_1945,HHSize_4,73.037335487068,13666.728575690971,2145.3167184801378
