,wf,Electricity,Water
0,218.70592459080657,2667.016459758782,66.93293928326156
1,1821.2377184725192,2645.8998409950823,301.4906662026104
2,1045.976975775725,2038.3750346650068,189.23786601326083
3,1562.2587589766388,4051.703480230215,291.08109814323865
4,475.9047161836802,3489.011098924942,281.9409099128736
5,269.3984703139255,2946.6725850794874,218.3951087185627
6,573.4129247017801,2312.5277002249913,298.01585023881074
7,712.5581983293505,3086.7815785777693,293.1741847884596
9,289.32394124831427,2151.1493183522934,298.83741356566344
10,546.35238673637,3030.5789905294077,286.73276401530137
11,268.62881208668057,2923.1028530729213,293.30084949004373
12,63.63448807877808,2773.515605068225,294.90466641912195
13,303.4916174913766,2719.0077504817473,298.0000057656989
14,5.107973607291242,3104.060868426146,286.3772925631104
15,670.9680365488653,2873.8882628932383,186.57880188540142
16,998.8543499261417,2917.7003197595927,340.43424641289096
17,705.6623851948524,2537.6253000056963,-29.155758205244894
18,357.44884610904296,3114.781347990121,289.98739412478415
19,454.07710168710105,2854.3446002403552,288.331174494441
20,50.38046859654411,2961.3492450898634,297.62117361590214
23,195.09766705047176,3184.0915503385468,323.9266043808155
26,508.86701447746714,2364.40611485233,306.01176333675295
27,11.466183078302741,3205.805130205768,294.8480669155975
28,238.8023260326962,2928.626724731333,289.9449279966923
29,718.062977091872,2386.564024733385,302.68669936964216
30,250.6954777292667,2525.0440723022252,290.31674648004014
31,381.6267258628541,2682.9799998056224,294.62643981397326
32,430.278767399732,2491.696236544029,370.7311895621669
33,306.8351192298189,3564.159079115475,289.3513306948488
34,203.4300104809301,3040.380175580713,298.5763058918181
35,286.88889523410955,2988.7135255125872,297.71222993814234
36,71.77219579374578,2921.7740784372904,293.35217379606536
37,177.47608033939187,2990.61875559954,326.33262598418963
38,129.2989029510683,3497.907069242196,70.07152393219357
40,935.3947172548326,2381.0998312247,292.60287306946543
41,703.1969431399302,2689.4291220255927,294.46189359663487
42,516.2037523453148,2322.883331980095,186.97300619698024
43,69.25079852013313,2866.2435067719216,291.66168709407424
45,1356.8529250184074,4021.573838081323,309.0832596518153
46,133.07643475539626,3749.65367539754,309.389456694438
48,867.2057871223598,3199.7077557627417,316.9924223745294
49,176.75493543952544,3242.8535162156304,311.93072407634037
50,392.1320813263505,2519.633060378213,298.4905140465036
51,404.0585509376255,3330.661945000269,283.31680852969237
52,22.008805860038095,3269.0261078071003,310.07442489157324
53,480.6761569656906,3604.6780376819397,284.9438079871112
54,85.84180621138998,3136.606428749384,297.6123423867099
55,501.8404672746429,2978.958133834907,295.07808136750566
56,328.17831576813836,3416.280121472183,297.37154175548716
57,115.5142878621973,3803.313656257059,318.59086183369635
58,449.7299550526994,2491.0330514583793,366.9019963896525
60,148.42993212755758,3300.6980166492745,317.56950951838553
61,471.5197468642154,2155.0288047668287,318.8598236170732
62,229.45687637901557,2964.395435968828,322.0492193522516
63,462.45736517674567,3244.231089756486,449.10078918067217
64,223.83872786470613,2945.0385006282927,285.5159090499997
65,171.78210835602516,2790.0820999781126,283.6662844851731
66,175.0205154973954,3104.6782520708784,295.7757498481778
67,437.7593853673012,3553.8451481839343,367.42039375089263
68,51.8627085686032,3545.8776495917186,293.1916252453164
69,416.77165186122636,2943.2955548627065,293.50236867843734
70,153.25720796967008,2966.061910137197,283.75785825662587
71,182.91228040226915,3232.412509097284,302.5661214720157
72,441.1532551566088,2277.400477018014,288.2501242602138
73,166.08961175938524,2764.688298995343,293.51924952120726
74,28.550333370477947,2833.465367806124,304.36842996972086
75,925.6737033461153,3020.464244856733,185.56532405770508
76,898.9406854672314,3267.6040084604106,173.97363191528993
77,142.7862817853884,3014.3823937114253,72.25799521731469
78,404.41527828500864,3359.387039374274,374.02055222508164
79,1894.2640022640867,3287.527293433004,296.1972553548172
80,1707.1224533821728,3095.4795667897424,188.14746614130073
81,128.5287462184661,3112.912402050652,292.2058142207224
83,213.48405818062247,2204.6899153838085,296.9583055180876
84,48.63315736149835,2544.6207864838047,287.5810059825825
86,653.5651819636112,2439.624464103429,289.81986043796013
87,546.3501435141061,3060.6006172477305,291.1544133000212
88,695.8024622312686,3151.8990069317515,298.8013362205781
89,781.6999491109062,2872.692305759785,69.26139792329704
90,186.594654911748,3458.475218220341,285.9704043753948
91,62.95416482286153,3081.9413858832568,286.276214522444
92,530.6412223726387,2550.6965872032238,68.14988359245379
93,926.736491071778,3768.172828062752,365.81794134697
94,350.523507167823,2513.511175384256,371.1594367017264
95,170.0286862527294,3571.32573033476,211.68617834973
96,699.4221401667046,2978.5497578025547,319.6298410156577
97,771.5256964136676,2536.7198921748927,316.58522104352494
98,161.73514408803484,2721.401873085853,214.7198685918133
101,480.9088099801206,2077.17530409965,349.73876403624934
102,1146.0492222687442,2535.6516154386977,-42.647411313090814
103,90.80881396971174,3325.6865413151427,194.51562154257527
104,93.02704616442932,3049.579020280874,292.7897608062271
105,1078.3836362116012,3557.559372818088,224.54711320518425
106,801.8217801768968,2420.6871028857768,329.2993806780903
107,148.5821812926556,3018.571447734983,317.04255918428896
108,230.93212411382905,2626.170048878773,294.38892113015214
109,335.67165632064086,2976.9059756196557,70.7784224713865
111,473.1483869174923,2700.915912362741,321.04346900120544
112,8.359362050559124,2635.9299038320482,322.76517827234244
113,891.6048716701172,2608.002303374336,370.9391053000245
114,538.8335052711473,2436.059314074987,320.78756680269083
115,419.7964340599334,3208.6544040280955,310.33010072692065
117,1643.7553982148268,4109.530407240684,310.9517185217473
119,214.92282336497087,3175.321146964294,293.9287193439372
120,232.59965992570702,3187.410527673384,304.0514615295573
121,486.25130869988067,2818.5705645340636,67.36307140028376
122,204.4334936713771,3236.1164915394,60.95504992514406
123,355.3978200136788,4093.4850202842763,294.9682958222721
124,454.8441048550207,2559.988921595136,281.7467516663964
125,187.52478754678916,2926.7384129056513,296.27413086522444
127,744.6270492956613,2579.7483423465346,71.94641867826272
128,827.4881113890023,2690.842152559231,455.3147270575228
130,163.11973240199157,2934.7686024394043,69.87886556180139
131,24.83130836070023,2221.5569927929428,295.7148350331296
132,141.1154565630017,2901.9335375820588,303.9107461903912
133,31.91608629796187,3261.595789273009,294.74363104875937
134,588.1213062846662,3213.31047880897,295.24550507791923
135,202.6533746420832,2513.52016208436,325.8164824217715
136,637.170622191884,2536.333587605946,318.95392678403226
137,499.1674350896697,2950.1921823918397,373.9722960856193
138,157.95807523987762,2609.562806462685,377.03107706096085
139,300.8168293117241,3078.6897137070587,222.82797836476968
140,848.7027066411597,2885.2642595919115,323.52426846642396
141,759.6502740492499,2976.65955948521,373.4531327972388
142,314.2733168147309,3588.209529519467,378.9402958445857
143,466.9560152951901,2970.604754525372,195.15137380522046
144,187.03076315859263,2515.897599653373,188.0498023357531
145,350.05038533264565,3092.4751636948426,59.16616952588573
146,329.4854801743801,2556.9709971841985,71.74186937357052
150,328.8198502873808,2732.005440006762,306.5266754565077
151,716.5715602122436,3258.2458438555077,295.0572581037175
152,569.2338852868036,2839.173984181756,61.22543305348283
154,289.34700300114133,2236.6372456390477,300.93792589016374
155,601.5173580798242,3154.1282412945397,293.0105173006983
156,252.62793662389396,3033.22142517909,299.2347434684052
157,316.02380701101816,3548.6536653467083,317.17339257607955
158,353.4614779353518,2862.115572282333,285.916625018082
160,575.2733754576648,2186.8816350512247,324.5255770395582
161,151.3960634347026,2625.852026964685,301.79106580839164
163,669.4313533234761,3023.229467053889,295.79674470672836
164,679.0882539313876,2660.0557192603515,299.96752818191004
165,78.94485376902554,3526.653521859633,299.9660890785961
166,224.3766237423868,2670.7191345492397,303.50221064315963
167,125.37847626486591,3265.640317739897,280.3746460890254
168,2061.1420265458605,2739.1395753372503,290.6474067688341
170,248.46244153042002,2994.223104407371,317.57029595564046
171,326.7897076231489,2360.223736195133,318.36121266187547
172,573.2182933183913,2939.417955181037,286.8070801321031
173,164.27220160579526,2976.0953387009217,296.89903766100764
175,357.5322406880027,2786.132190009309,65.57528721832414
176,1.609370872241214,3587.358583113783,294.56992519421385
177,355.64408661120837,2502.2800762572665,67.0295470041058
178,174.41097491673858,3464.3606757329826,315.0181931898633
179,200.0797003125872,2119.411973331138,298.48140944896625
180,1366.2545770581144,3098.555353868511,291.88419292820674
181,384.4180326688608,3394.018780647706,384.0705475590228
182,162.72995155946003,3481.7957326294263,74.6205636746537
183,631.9046159127572,3318.4029884364727,309.3698412827146
184,765.1290605139401,3419.850561511286,204.6748231358464
185,433.4568888049272,3511.240929025348,311.79897404443227
186,95.2109209650088,3418.074691144643,298.9394636035538
188,340.77003614291317,3190.209621727797,293.44148842646337
189,221.2153869984654,3206.369719550716,288.77591933941534
190,122.06211777069576,3306.31008949361,301.38275694521457
191,446.49484254284414,2839.203410778341,225.680321152965
192,432.21869041274726,3469.7770786766027,320.1319907083604
194,186.43813112628465,2226.8685389571483,294.54282603233867
195,128.2068390710009,2865.644827911627,219.92930554367413
196,297.02586135904204,3215.064826067757,-34.78407973439553
197,612.7780162173755,3053.094164630163,363.2427269187357
198,435.919932546859,2766.5357748310907,-39.235345855154
199,196.62793170736128,3745.5660818116858,309.5161872962052
200,231.44221321166248,3599.4421928745146,320.34071258409284
201,54.75640218112815,3491.1598922441412,296.26772227676133
202,558.2452318890533,2886.6279204158477,59.87020261658441
203,202.31638728952387,2703.685188741776,383.59738310978105
204,280.6707185352824,2668.923000973504,372.6288699558394
205,602.5524433396624,3213.211871694775,375.72701554455705
206,492.5298730664975,3154.9596462236586,58.85160741989604
207,400.6339919988034,2722.119375472832,366.8364421093322
208,204.118229563722,2545.805265511287,306.08575144649245
209,70.39719735805014,2508.122055757536,280.4153746565298
210,573.7435504550206,2166.7903848221804,187.73088146497886
211,876.3149146736704,2725.029394586239,300.4816858770758
212,122.79122638959721,3670.671890371378,326.40841192837775
213,127.8768202891817,2963.033449015016,317.26137190127406
214,951.203329219626,2349.470236233581,368.5010980353562
215,33.639108201189984,2977.217336130163,69.69331889299546
217,120.67933106496778,3087.146446190983,195.06590172769032
218,502.16264503618567,2639.0342245099177,317.7566818005048
219,327.2204870861417,3225.464297615177,293.43380459763813
220,611.4900651629989,1948.882211143736,315.4105609204633
221,293.67610040474966,2872.503270419213,322.6579177049987
222,1068.6681684230862,3347.8182515412336,294.3548002675891
225,353.3388381614521,2577.324023273628,293.5368594390078
226,135.89455261542412,2397.1051677766877,296.1679233980188
227,197.0716982003629,3521.7223948268834,66.56455148952998
228,120.60812134340208,3413.686819486032,297.3770718229997
231,856.2375456884222,3678.5737859634332,278.0635530185571
232,224.40374529276485,3313.1651786996526,67.7943634138028
233,142.43271616183046,2736.077452650833,301.66765978550774
234,54.630043126495494,3210.120843825982,296.94196952883203
235,376.5710884926997,3740.054665302237,185.05320843846118
236,932.0406556421626,2610.931674919237,362.6759831532292
237,542.9186904403822,3941.6966431523188,293.8622350830669
238,47.11088747844534,2846.7211984261103,298.8262502034782
239,120.08256860469416,3496.858080931972,297.7346139492621
241,623.4585580236202,2297.31532558366,293.4362035633057
242,253.55409608019002,2031.335724327252,290.17422722786597
243,301.45856037744056,2692.061995703646,286.23531413450746
245,105.039765473591,3255.2989338748107,295.013538845192
246,467.2358474692914,2208.487661378125,319.7222155857177
247,376.1521246063418,2393.1548445332496,297.5632761764003
248,478.62369953625466,2086.9756949300345,298.08958549520406
249,195.76519651189892,2777.9053903955346,295.4637954137077
250,756.6418124815326,3291.256095405328,292.12271894016163
251,1033.762860798963,3329.8611075407316,65.36791635239969
252,343.94122359231017,2134.101601931472,367.63618868808953
253,123.73787155150364,2993.084462680075,298.5900487317071
254,55.30304422855654,3097.4578194632427,300.29029945495193
255,1134.1194197989662,2783.762783011848,184.96705539850842
257,227.33560960262366,2890.3821742982204,288.34580432207395
258,226.0990771042216,3497.1518931219252,286.5897873733541
259,1355.2295618151104,3522.680670546221,320.29878549276026
260,502.6670400854907,1862.967188753143,294.83000914982966
261,440.64837652267335,3468.037576016402,284.76318409770823
262,2300.457665160227,2912.8398248406847,316.1435583730053
263,458.79904540939935,2750.8167177629803,366.9273287976677
264,253.27577801644054,3031.499737672243,368.9462391546605
265,257.5951381606415,2671.125134740723,313.59046379290265
266,325.04903980934125,2373.7631263952785,372.8396773929889
267,176.4974735157827,2876.3550057703346,316.5972642900685
268,511.79152103107714,3425.606686293227,218.32736649985318
269,237.17211821988437,2870.6566767036934,313.66285641656486
270,403.4317132830228,3582.202124981835,368.69298546763366
271,72.56388795965523,3141.317434465371,295.2048821090723
272,256.14952379527716,2624.848660034921,295.05351837974104
274,247.3736804869078,3451.296124696405,296.5846193348379
275,372.4749090062115,2769.362476174128,296.3036157832844
277,541.8264163387943,3601.670516417281,75.14858474995332
278,925.1417775159407,2159.1204710266197,290.2846447388554
279,88.72870399848526,3070.4275941303003,296.2007029208665
280,406.8965066559175,2439.691253014864,70.08810132480329
281,415.7798950121281,3287.88723259628,67.1195933525606
282,280.45836305065717,2774.4743788761157,457.4366825800128
283,34.86894361480058,3179.0574449077635,388.88145357143804
285,486.74081282515937,2233.793783499156,318.23529532882645
286,129.11367599352414,2257.992316744579,322.2664794766838
287,236.28705662541282,2728.1649700821426,319.6204584984289
288,248.24686948793143,3076.8323816304755,272.13695496430717
289,581.4534977877324,2753.68381950722,297.20713275172994
290,128.83628885258742,3123.3462928652125,286.4812086417792
291,1234.0507086590194,2606.085979481164,-42.34816286295113
292,267.3149732828776,3030.062942656098,313.1135825836247
293,248.6940289649067,3846.353065878933,265.12687108612937
294,189.9947019439909,2435.2381662016833,374.7109289590727
295,935.6902649089263,3279.0558801091292,306.80420149275983
296,243.61701501863442,3558.7219365199285,285.941938058408
297,332.33124605802817,2915.897586254433,302.4219373531367
298,196.10599504056358,2313.335294157354,291.77691583558817
299,631.4429957297742,2440.268635459645,295.4464178390137
300,421.27602435961137,3594.4889994114033,287.48067958266626
301,36.911048962542175,3192.0865286736944,296.77917936814936
302,545.6540430027616,3082.233401845304,365.07440636231
303,72.05882213042845,3450.684371116184,284.5584002028493
304,321.72917341064885,3080.323700967953,309.0560462071165
305,392.0442260591707,3242.7987597599763,453.8690096450509
306,243.08240181038028,3143.206863820412,306.9634999138804
307,530.1393689266878,3172.106908973139,370.74890666175776
308,213.28589779127574,3375.267845102279,312.4112406270436
309,358.3453558501654,2158.431684766158,65.50426384627872
310,671.1556976870213,2749.907237527881,213.7276715880421
311,211.52257121892518,3527.0851710999573,60.08045975152685
312,556.5579163881229,3070.1997820178185,181.566449627884
313,266.1674823076359,3755.1428003492683,291.7822227460848
314,355.9417542505467,2926.8326128473054,323.7920298985158
315,445.2558612073406,1946.5936022881174,368.7847101315813
317,373.4773620015743,3519.751484993797,284.8220675767364
318,481.91153452572576,3086.4136823404297,289.93729025762696
319,95.33579974929691,2752.0701908604738,455.49182178045805
320,397.03002810157653,3157.3986403374934,-39.94604867670004
321,161.6270142321736,2892.168422105071,273.713788914837
322,728.678334075129,2380.679412136887,297.9027927712727
324,116.39233582216109,3161.3660954629577,295.78780972382566
325,447.78778804397217,2217.572752158153,372.8422405609032
326,431.108543084911,2252.2297591880333,375.81362013215625
327,351.24641492627836,2501.6686883965745,224.2068906047045
328,777.7670697840261,2618.7600988220165,368.8967782183212
329,471.5732998144108,2435.8996899269137,312.6102955729152
330,666.869022887991,2439.8381097114943,70.92218492999258
331,788.8455139203649,2762.986526638825,295.0467794531732
332,423.46525316846976,2732.8003708985066,291.0415796193384
333,571.1465190912219,3004.981534671932,291.9847073589059
334,572.3135455615601,3403.746306871751,66.11721507604229
335,728.8036889709555,2303.5312605785634,376.04917550822677
336,317.17192705319593,2673.8430068944795,70.07815465269175
337,246.39154956455772,2665.0741803015217,288.2379264808734
338,275.1266426320568,2905.168880465115,319.77368884518813
339,131.39069693720162,2822.468737588991,291.2560332702608
340,367.22971270654716,2414.9268858573164,290.43367518638536
341,526.5476536889754,3226.8943552524574,297.75615451159695
342,251.24715130008,2532.720745954074,301.05398908632645
343,593.6851646645036,2729.816083052829,182.52157037302527
344,397.2323511954,2545.161934384462,295.30030426679036
345,288.11948193529787,2338.681215493869,294.5181136127428
346,539.5288731352152,3482.938027339212,302.03048478720194
347,292.41474255127685,3511.9721089924883,302.17531554444736
348,366.9160617224192,3425.268500262751,316.41091428330907
349,72.90650001125282,3122.3977884269343,291.8269318606852
350,328.8258057436203,2482.6085939853588,299.12165686039043
351,606.0277340003655,3014.5559096115508,314.8267811530733
353,376.6098864574193,2962.316716872121,291.7474027244862
354,227.63100996055317,2657.785228964902,290.46785813890574
355,307.6909255399125,3016.3173035881127,326.2123392487113
356,165.77360744780412,3077.508921850288,319.5500816742076
357,190.4804008951131,3286.028425525744,284.69549732667406
358,1039.5182307743348,3718.81345776836,296.62926443764735
359,383.72766936917577,2598.1239704878108,296.10345548450726
360,228.68235099677162,3191.6642456905247,191.55541987495081
361,252.08484779784348,2951.1317837927227,-29.692774805687733
362,348.9944452413506,2474.128447103812,319.39775577472363
363,292.31537922820905,2242.7916824715508,320.93488054736736
365,393.4219927511287,2799.0331921764587,192.12627981740496
366,642.828832373834,2297.072098402129,317.82272085588005
367,172.32526322463727,3277.0968845223406,306.6749860613533
368,232.46785923058525,2715.0641743132237,371.116735148067
369,237.15696413022042,2864.206584015763,296.41907221269923
370,613.1415069035137,2853.3152188180475,373.2817012857607
372,149.62814024394328,3374.4597432823493,216.59534963793925
373,276.2613088582887,3821.995432907912,70.33373278045275
374,896.2129315636133,3687.255512699965,196.16266477942506
376,933.5773809105552,2377.174340145444,180.0039431155746
377,637.1252789886685,2086.473524231464,297.3688384816097
378,1736.242228445828,3303.6679327147344,321.84739021203336
379,432.381494668241,2914.1773043796306,68.10243802418006
380,153.3809105554649,2754.6252954166,65.94228815145944
382,262.9526764222116,3162.5309616202558,295.5126769630047
383,2236.921891043908,3079.9362812749755,310.7320884050452
385,315.11593395358767,2861.2122415421227,315.3784814120532
386,398.0138430496002,2947.916295259221,288.7703813635792
387,1940.3041468346264,2840.715478669033,280.7326248573416
388,632.6150068357748,2524.571127510111,315.2540294544583
390,874.4312512678357,2428.562091049877,176.48690274003488
391,194.66150214842136,3071.391759726385,191.5152941170771
392,579.6191306447337,3294.262242854764,371.27733572799866
393,274.22597270420533,2797.092952075624,73.2825952725825
394,555.1995451540621,3209.4803542584773,297.4409007428772
395,33.11478389092123,2788.8432320329,289.3736500503884
397,104.43229782402278,3072.224079072259,283.09215571693403
398,189.02138318941516,2235.3752467933155,302.7953445752287
399,746.5629721820785,2355.650295252223,294.1337700567722
400,36.93881940073901,3141.300693417004,292.1213513372813
401,387.1154288304145,3369.1056036430127,286.7994728446328
402,802.764116006064,3073.481918750888,291.9420710866661
404,286.4153502320685,3447.0996620436304,291.9346209393665
406,677.1419373928765,2491.5473879927413,291.4956863006114
407,710.7445273087798,3304.260382756023,285.55141225533373
408,575.7895900360744,3103.2109847932397,293.1788751233724
409,536.9629046684498,3207.872581355223,291.1871600512541
410,162.0276855251444,3060.214535591563,292.0449512125711
411,174.6245448695837,2870.909032993221,285.8645777159568
413,281.98308230405536,2751.3644208090086,57.018520804868224
414,594.9383099620059,2780.354435984751,67.99419196773505
415,20.630259790347477,2717.908222372897,190.06047685082316
416,1165.0317141971007,2597.1747289031564,284.7922620286632
417,341.60403865554,2589.724321666643,298.0644399721221
418,269.5881279602264,2175.1628385239624,297.6041229848227
419,260.01702422956294,2467.241510085149,294.5414322112083
420,376.0156123398057,3160.916918415021,296.38664161316916
421,393.2677739758765,3023.347917747591,287.95826305988993
422,72.39814305286102,2780.6603879275567,296.09772584033095
423,75.37970628077875,2513.0934001117475,295.79662867501474
426,380.6552856565282,2510.610116513645,320.8549347026315
427,841.2411497326327,3122.1490144286213,317.3326558039499
429,313.3908163057448,3300.124574912712,-31.117691741223226
431,488.2807456856248,2933.4114764747496,292.6206865047263
432,197.46775218997573,2988.0579860118214,295.3501215372896
433,368.2254179597739,2943.217757832395,310.033591492487
434,558.737567995909,2742.1962079850955,372.388130590138
436,1303.1180244012455,2916.3963019092816,373.6935212028367
437,492.959892393313,3315.7361801144875,324.8733586832842
438,212.29541780306744,3649.6983888230297,316.4937603617272
439,260.94870496355765,2870.1599785751714,296.0132003310598
440,157.1424075976514,3104.393174362192,290.9029783473748
441,589.5211476935339,3195.6117075663683,292.1586090618799
442,834.945137845996,3189.451001375284,321.5230105813743
445,488.86646427358914,3147.347356909139,286.5230045121737
446,500.92673577093836,3175.5323327486713,285.9567507736401
448,142.93856573564008,3916.530816856381,289.42204708303484
449,231.35409574300732,2061.0631352079768,299.73395914738427
450,115.97869336183378,2397.824530195121,299.04667971092516
451,198.5882840054728,3069.767487918361,296.84712722709793
452,23.075011581150733,3474.1533221204522,294.4808277259496
453,1298.9148922018546,3927.9086978327036,286.1064988748158
454,2244.590382407316,3800.526046110413,59.821484963827636
455,602.3561500573944,3396.1655703512897,364.227624227274
457,505.80477929564967,3154.562709213468,370.1177621080002
458,171.99654779574226,2748.652454548095,192.20666184950073
459,522.694021868627,2360.820505048101,293.49565484650736
460,304.75850804786234,2305.634165655184,320.153429875452
461,596.2807679860456,3071.971524877017,433.40255720234273
462,179.90965722258804,3067.186336408581,285.7634917372854
463,306.1969391759476,3478.531932092129,278.868977664885
464,93.0795576775076,3328.3845703910024,204.25416732697929
465,133.28598699054828,3365.935382730207,356.0685242927478
466,461.6206483205336,3458.0025793360633,306.98889055563257
469,828.277246592046,3022.159956592805,285.0940130258992
470,532.3064300560951,2747.9384052820296,296.6710772978928
471,342.6108627675011,3091.0535206514824,292.73512232751966
472,666.3513371325621,2856.9426513199314,292.87033041968084
473,299.6348476387943,2978.428442782097,296.4062999411148
474,340.58755843904135,2979.9012290474193,310.1613361758017
475,341.5298798975732,2519.427259159192,287.7221703090746
476,159.38683519305064,2644.062244330057,188.30447372343392
477,582.0839131387249,2569.6053933979747,290.8799385697895
478,320.4577125824768,3421.395692103205,290.87671806424686
479,210.46327464059112,3680.3999087441443,293.61147432871087
480,1231.3661050953315,3777.878563032233,371.9678692873829
481,684.2426268135126,2336.540648963025,67.26719909769275
482,963.4576293097246,2942.460683413696,294.3913212989135
483,431.4458277585148,2669.007315386148,189.30997103902646
485,669.1457152760099,3124.887557726777,291.06826926011036
486,323.78861135005747,2757.490028083072,450.8261173955863
487,715.0926005278842,2850.6246344165666,320.1299586722252
488,226.41633007324901,2734.903999865828,68.27686283975157
489,452.05002496934003,3024.7123450068048,312.0078556612546
490,2386.3934091278797,2616.619437485219,375.7730977251512
491,892.0560120121901,2824.4808225937513,280.23988746635024
492,195.14537336057805,2925.541800061321,322.4232552524032
493,267.1777206864912,3414.9510631518574,311.72230341469503
494,277.7074811040749,2353.2840736858016,297.2662665189833
495,199.00105530833736,2551.545331234708,298.136581045693
496,658.1516176324395,3068.262410986553,294.87979673398536
497,170.27264690128115,3002.7993757978825,299.8170302879975
498,540.7385387326487,3155.9713206826946,291.62112953278665
499,551.0458176143213,2790.4914665998285,294.6426556238675
501,625.7286297110168,2525.4972726536243,319.3767223384006
503,348.0424767574843,2592.299574295463,320.4861861619304
504,257.6405060867537,3212.44184582797,61.81467986624072
505,517.2547890925813,2605.7271790582045,287.8599242528168
506,753.0461863342363,2274.5081498016834,289.80688924733533
508,575.3073776641868,2959.9616625420063,286.97326594483013
509,278.4051800823946,2817.3588038726452,297.0626945355228
510,554.8570187424904,2959.5474508705383,286.953486742468
511,238.21817769513214,3270.0371032520384,290.7803539310113
513,411.2574293395572,3446.1986467436177,57.50269691081426
515,832.9391139444183,2374.5916473676784,293.66945717876615
516,562.6203747518563,2579.816384471986,195.7961295495769
517,70.4417936207172,3221.732224005886,302.97400215082007
519,564.953965290232,2660.076051441632,288.5107380244221
520,382.66439220193575,2695.5271942490585,319.6299940389091
521,438.52914602180647,3244.6861832588233,313.87554406217436
522,557.9637231629282,3025.4243524244152,291.87739775786105
523,603.7855884023277,3555.651987716037,293.8544674631579
524,626.8671243092086,3069.231769633277,267.659883842099
525,601.1520838706502,3697.081380788637,319.9705352205405
526,122.69786978347379,2776.6060057323357,294.84755030016936
527,10.55484094545922,2761.795814369149,293.8120326061212
528,1416.2446715157525,4268.473665516405,284.93983713547567
529,384.63379974920645,2766.087490896343,325.5058504573705
530,48.73544125155205,2663.6439393306728,194.16744411132882
531,406.81587465552826,2787.9509530773985,185.09022746430801
532,178.00646391151713,3317.0150037891576,324.7443557254559
533,18.98792178656964,3120.8269358095095,383.7988531197889
536,196.58370777427663,3203.206329152311,290.8313660608065
537,241.7752034328801,3701.521345631856,294.3485497942812
538,51.82175567237872,3494.7015868924364,191.20566712624927
539,372.24216976747323,2789.6019050125897,364.51952092351286
540,281.9835329714646,2994.0870888632953,371.0350548617333
541,431.1969517264825,2790.690350225882,282.25283978528563
542,510.9733953272964,3290.2082834763896,451.1678288814703
543,299.15311679103246,2637.588275862177,371.60627343140817
544,83.73761975148767,3126.7319073801814,308.29561409568686
545,446.2009235097302,2816.145797819198,294.78943358971463
546,243.73610327606187,2539.317684563425,300.2155926908444
548,46.14251880894619,2795.937763026595,288.9579257470943
551,194.13215474904877,3867.748878556637,72.78416895644538
552,447.0923264288634,3556.3345723635907,305.52518284846883
553,2388.0940476906667,2314.7627554449145,362.27405279091727
554,246.17381982288774,2949.554872686007,284.66517710062266
555,549.7489794095857,2939.1299571441727,288.2041007378424
556,584.7180832114792,2761.9851805345893,294.20652062839883
557,113.56847988510646,3795.471346114008,289.0013121947715
558,615.7705899790635,2701.7706491945137,291.42581959993623
559,987.0090361303314,2768.3422210899957,364.7821381955317
561,503.2565731260144,2609.566156038178,298.41132854187333
565,357.4337620067298,2459.362552762408,307.75239518349787
566,346.18598242742513,3032.5348246603608,290.90865688469484
567,44.23143967596221,2197.066732767993,295.4030596628869
568,323.21077642606963,2835.449266793465,455.4209280150383
569,337.16588267275625,2802.5595650466576,218.700711731848
570,131.20512638298396,2319.10935876455,298.8192350871868
571,555.0926206948363,3379.9887477584252,291.96715742042306
572,789.9246580499942,3522.2099359257286,64.94989345223547
573,144.57364067718822,3231.052419965382,294.08608672429506
574,205.878914264014,2802.400074148313,294.7767621804918
575,296.93642773744637,2987.664783216779,287.2440714966107
576,488.75068247046164,2597.579843772393,290.81244389696496
577,7.715516987610578,2724.1870409488924,201.82749255223308
578,235.6415781836056,2343.822867207721,374.3083518819539
579,579.2967935776157,2811.2942235843793,317.634580357826
580,215.0002227052593,3238.248011139301,321.0857287120765
581,217.36753103176392,3078.739411751067,315.83732824471815
582,762.2960351766616,2346.599421203185,320.8521230046983
583,197.1128228597111,2589.690002199175,322.11889778945283
584,222.16970194042423,2618.82030748379,321.6383889843387
585,393.6152074836937,2468.6033147102435,321.7658678823582
586,671.2592986036208,2881.232313521439,293.32297306895236
587,109.63712011114458,3227.508573156444,286.9464863200767
588,305.97216613007623,3281.3644525603154,301.11361323481015
589,599.0098303542078,2980.2017898642907,296.9254978470068
590,831.4929619672192,2932.5319345684447,371.595050229184
591,460.2849919237435,3173.289564540749,444.268831720234
593,951.2664574350748,2046.6914992437808,292.316157564286
594,363.55894294671685,3020.113268148515,292.06810598840804
595,560.7881115105704,2460.658891282389,313.82834094305525
596,134.83399934122286,3509.1412749321044,306.98827278792373
597,748.8581024248492,3007.6535006103727,71.05482079494159
598,655.3278129243762,3202.987205214685,317.2862956113142
599,352.5028579195422,3482.2121835823555,294.08385959879365
600,260.8973893689546,2924.748355813701,284.7342748307188
601,259.8750949904935,2082.6886454625915,297.0923308530551
603,907.6729197205493,3219.008419832326,380.0011094798497
604,330.4485649628744,2674.574529076509,69.82038943058652
605,343.7827893819722,2379.2250311224434,326.6276529299253
606,735.005653309993,3373.151704872223,309.8924535660262
607,506.1268064700183,2585.0402713000954,69.90897105861474
608,667.185907025636,2859.011811486545,319.53587409157893
609,78.29277141946714,3157.135647236599,284.5760487853392
610,458.9540681880345,3262.807408027937,297.56024826763337
612,383.6102192819959,2728.788912948716,295.07328896376737
613,1690.587851447561,2546.714742645233,296.6746630089273
614,435.1206193055132,3074.220968856353,294.14175254212967
616,394.04257048159457,2654.61709009594,294.79330152071435
617,206.2279407738797,2971.653104043073,295.6017708714245
618,465.0192759482745,3294.1043243946137,290.7779975796901
619,627.8009570908938,2895.052046511344,281.88065735187286
620,129.36473960508994,2973.343670023697,285.5715697353903
621,1463.6262321817192,3763.394457288221,322.93456192214217
622,305.0781389999723,3246.807697934447,300.52984262710027
624,543.343209486813,3228.9933703205866,68.23439101769715
625,194.31625352455958,3286.679661042469,306.39382673988894
626,139.0189063200796,2366.254367352836,302.572634130552
627,164.24256112405587,3142.618374066617,57.36550341641474
628,157.5318426653184,3214.606722956555,322.2671151100635
629,259.5532290073471,2967.704973212208,302.57903841782144
630,306.1809986253106,2587.176871215296,290.7834343252055
632,534.0003327095034,3556.229683805567,362.1156215773217
633,172.45401321375076,2729.6934794874,-32.252336737443855
634,1217.2770382862468,3712.506125924658,67.0470945769142
635,448.4284884133839,3783.058536817796,293.1535271878812
636,204.2010928595306,2606.909330988275,308.3651352856572
637,491.842894404646,3502.4174572081565,283.6883926998495
638,162.4628645926088,2817.9135848368987,315.6310341794383
639,726.1741527334763,3003.60344508836,313.66107680261564
640,195.64194705371844,2956.6028934809947,190.1592382170332
641,608.1146581089778,3034.901397049638,188.2616718451209
642,470.8750003368693,2125.964367172426,65.57901056026141
643,273.3094908623783,2977.160250885885,70.61869899239353
644,290.0759167611311,3206.664059273981,74.88930965489863
645,1251.140147416522,2306.222381397495,368.22951332155196
646,628.3995371858805,2397.9597202134623,294.7589485465866
647,410.2903185777245,2768.251054119841,287.85841401878724
648,157.496753683454,2260.940412956001,296.18173503925146
649,1001.1593532100377,2253.769108980233,317.8164124804761
650,646.5102209358098,2537.1780845704866,290.41912865771775
651,69.59906664567784,3606.127685697195,305.79304281310385
652,270.124750780149,2927.517530950446,318.07764308006875
653,333.42536540035894,3137.328804273064,321.19676218691467
654,283.1844491712577,2833.790266281033,320.55251028570717
656,645.1838437456947,3630.4762382482036,256.7320598763388
657,1118.3695399816907,3899.015258022213,315.94398135259576
658,140.31626730263972,3304.2909599661616,367.73838193286275
659,212.30336686171046,3457.711440349696,294.86309420657454
661,1642.950353796599,4100.483080926833,293.5463156323126
663,418.4886894696977,2959.204230886208,293.7504002419125
664,33.83764152855834,3263.0286086943324,322.7344847186865
665,92.03998241504522,2161.0375235185134,72.93124155936717
666,331.29224410877464,2689.6150284333153,293.0273271035875
667,648.3299676148763,2430.4030053704537,294.74632761737524
668,353.6770721061216,2339.914125421959,296.9474534652477
669,443.1459163159136,3544.593621432895,197.00143842657002
671,434.53416551833374,2788.9868544249434,288.6870891907929
672,161.1091402007817,2591.661624847512,286.27026334257187
673,113.92516386650419,3292.2291203146306,288.8618909882693
674,247.2648623643988,2847.238466321158,297.54642302469045
675,32.497020441736325,2081.516532471828,302.7071288844411
676,454.7093185797984,2778.1236518686214,293.383160091383
677,320.67122894653056,2737.4845238331313,313.05327001451286
678,562.7097294733313,3207.880828733332,312.29075510092537
679,318.18935553807137,3150.189681508157,215.38271347046285
681,182.68579296482227,2658.754889786212,287.1602521440678
682,239.98466538014333,3302.1680924591137,66.20539334417138
683,168.97018875185552,3097.119849259053,-31.09738724507957
684,1094.3458542523,3019.5750921592303,180.1493674505701
686,661.2068920077904,2601.3564746528496,174.48448279357353
687,198.6190283544732,2436.191870502597,295.98339273386864
688,559.3730332693923,2370.579423173845,285.439559355604
689,551.336403247265,3730.098941275622,461.9879259488896
690,82.79578995571086,2855.690703451191,329.4311940399093
691,649.8320428524421,2353.549784362668,321.8938888345208
693,493.3076481649594,3391.969173475149,295.052285804288
694,952.4144075847867,2978.121374312945,314.98951259665137
695,174.3631045717947,3186.093166324049,295.35450725365575
696,347.27130166435137,2779.5154176378933,293.5279000697103
697,86.0749369650863,3759.402483053358,295.27855175436963
698,15.546959037370724,3214.2934441106013,296.31989476361736
699,122.17246151521543,2814.0041821353984,289.21680595429336
700,289.215947634387,2813.62044444326,76.16747881251537
701,625.3791314788234,3681.197669639858,57.45091139212448
702,311.97876179943285,2673.879991132356,279.8366390962464
703,171.88344828862006,3311.349149420847,318.3684798132541
704,296.89035747322237,3767.628051183855,314.21443120666373
705,794.3905916198715,2948.663315866781,70.16996205266055
706,742.0922803139855,3009.3725190934138,69.56675941059687
707,124.77999582568468,2975.8664218748936,69.97462589849621
708,590.5381039390662,2721.9728778587164,369.6415429562336
709,740.2812622948369,3357.1823663297864,63.5110291253616
710,248.0198323163836,1994.156387944835,297.31136341081697
711,192.63059757664467,3485.72020320694,365.86099968060967
712,485.7465576452245,2636.118995746527,298.5680980670365
713,111.6325307605478,2969.841288791009,309.4787130438146
714,1204.5058252241686,3193.536051453073,325.1460629136648
715,746.9547428039373,2497.131088176645,224.34490101593875
716,617.9495081702132,3358.270487223629,294.608738841517
717,65.09281515697539,3065.641962287916,295.35455835947084
718,236.80724121153617,2941.219705221411,69.18343096204289
719,664.0112518964638,2296.2355290610376,370.0278819372312
720,816.248605256287,3518.383981251423,447.9511509054398
721,298.61128896445837,3387.402629243941,318.67167876683993
723,741.8589798506707,2724.651568649549,292.9203471961657
725,296.2265624690683,3532.9022101305322,314.1515859562458
727,359.44409911472826,3599.017683245719,293.44274973997176
728,1070.1559261944647,2555.82336009798,62.78697534615874
729,99.17870759318916,3018.3226279146284,297.41617663594417
730,390.26074781666114,3427.7543113746992,292.2931330781996
731,150.16684391091948,3389.586101102895,300.9046264145517
732,513.3439311637551,3462.716967071732,285.23370362882815
735,82.3292494227537,3447.074617479137,288.6500050392966
736,377.3513031467012,2382.846635064685,291.3065776278857
737,274.2015043832514,2435.2390423427555,291.19964005691446
738,269.10566189565844,2456.5777446430266,285.11485106916865
739,572.9142167547133,2868.365693255821,291.2004014903581
740,322.5937936056247,3402.083182749019,296.2207252162345
741,528.1265872690925,2721.9013043277123,295.38915021631266
742,183.95982207569008,2946.440072439209,195.99588604070468
743,763.5378519934904,2638.802480648786,177.69485216450985
744,301.20828769620886,2526.085565219214,185.85521678907728
745,524.8187137679962,2382.894236123161,184.7697639459872
746,35.09343865117526,2588.095143806061,294.176340517631
747,763.8700481550171,2751.1316097397557,296.53246811747533
748,110.35261620166516,3894.1321552490936,295.73910874422893
749,301.3784425775127,2652.0167583619705,292.86298260012114
750,310.64690509663467,2035.3615436109326,386.06040104541495
751,180.10936828171882,2121.629827819821,-35.836591224756546
752,21.77577261449276,3263.7349964163645,315.25059456937146
753,174.85357211560367,2615.381044163953,76.89734428037245
754,460.9478898224839,2716.261367796207,293.059085732101
755,358.0870547346548,2558.118713057988,296.08337366835605
756,520.1618574624883,3396.615949581373,293.0410779131445
757,362.9298165524319,3176.408012589124,291.98847109219815
758,109.6935576114904,3091.945143328186,285.3599582301962
759,356.48053888855407,2798.166038904865,297.1106545365287
760,134.1168492687174,2902.9588562240456,285.74603643850537
761,515.061632996763,3520.253779333433,176.83315376095746
763,229.354033544778,3777.533088406457,285.56011368119437
765,935.0060543022792,2976.2317881575927,316.5488279536003
766,526.2337739814002,2893.614159764452,326.20713911593464
768,802.1632390386391,2614.035992966065,59.45672611159322
770,442.4735692614187,3702.624899793304,282.04612628213835
771,35.351197677808976,2700.167144382195,289.8105470887389
772,340.41236028961237,3124.638528048967,302.94557206501764
773,111.916420158768,2373.8887808401228,194.8802212110348
774,595.5792408707672,3261.974129323339,195.4345092370802
775,468.1400117221925,2973.719222423494,192.50906250305687
776,214.24823706062665,3465.0372285789726,315.35544919433084
777,61.463461417893754,3070.774902349079,293.13318705213294
778,220.16221914730625,2774.4749282236767,293.89742536675584
781,1789.2055302384076,3071.1605226907977,369.36213759661314
782,507.896177438997,2821.9798057261823,320.36925935339235
783,801.8458875019727,2614.822442744793,452.65595270256694
784,470.86931620348963,3153.869152112452,320.1585721097716
785,45.2521110208885,2713.699668482113,288.2575262305917
786,646.2708103942931,2599.5613266646,314.4701721204849
787,324.14181756415155,2757.7368379038435,374.0235229756129
788,330.6180776874073,3497.9901634372227,290.63806233453585
790,459.5568751259542,3319.785433966965,287.74953850100485
791,516.806144318376,2834.168842235783,370.936370330112
792,476.2486024767761,2648.435660708033,288.08806802803764
793,941.4558716934376,2586.0435502050627,286.78057182538475
794,97.93979180930872,2993.400352694647,289.6748344078642
795,509.4120217552921,2588.752989562561,292.9759641070512
796,225.7380319081192,3375.655862767751,64.18296515278871
797,151.62572099439222,2285.0054127589083,68.91651814908768
798,384.4765401008382,2745.6638528912604,63.04594519568839
799,288.3773303437684,3210.3374256835414,315.8530949541856
800,265.09105534736864,2543.91647338862,295.1503336087959
801,277.75263726901767,3221.4005003038824,288.8257529910398
802,351.1338029145707,2552.443399838477,372.49755142766594
803,530.0775031889814,3327.103808508251,295.8949227660034
804,344.05823950063973,3249.100241653682,296.22429099010446
805,461.97955120360064,2592.389175775378,294.6368364775701
806,707.0729042001161,3220.916019952391,290.2578021033694
808,79.99880124605,3436.183544625412,293.5192980484026
809,253.18245615651023,2372.648978917259,281.64045002080815
812,544.5994525976862,2821.5260323077937,311.45505408952283
814,125.40725420751015,3064.1791749257145,185.15200048783748
815,89.73335145903248,2847.079407985913,321.29702016791197
816,401.0506885298577,2943.80342461498,59.24033539828368
817,280.5976011937448,3034.702925869379,301.1479290948144
819,29.281397172780157,2939.5908662268384,181.54476317766083
820,54.91899719722618,3284.7540249301,296.26430212287073
821,676.0081901231567,2473.496516665059,-32.568643621336136
822,407.221905936986,2892.122979194724,287.78755595966163
823,391.8682964291101,2797.596589601157,370.61232317342973
824,385.9831579454651,3591.4008071415333,362.61959630695407
826,408.2086152224022,3128.034621409673,289.99359183132236
827,23.515308684392465,2991.9000289526507,190.6157357463097
829,430.34789698246885,2103.9891856576605,195.072444606252
832,380.333569970056,3545.819526738263,368.5095530637384
833,384.02310035055496,3436.9856605806312,318.19311078348363
834,2121.5481028577037,2898.84542045062,290.35112047873946
835,163.82166750672624,3333.5347866310844,67.79555455307175
836,90.46818020541708,3311.1261499160028,287.43899428359106
837,157.5030717092875,2337.1894504118427,299.4583857635309
838,355.33036870335656,3090.2931938322918,289.2620139159614
839,56.276749695985956,2671.9335908541,321.64157283206794
840,641.0740494656708,2870.234578080055,318.6437786576145
841,192.5321512854196,2917.9904149999725,377.9474591504325
843,257.0535948020746,3437.9642613396386,295.2188772293968
844,132.22876356207578,3046.0010521227528,290.7367325583145
845,221.02896805205987,2704.553481757378,299.33671613273134
846,450.69955514693606,3633.665287082194,56.81517750688936
847,209.11131822869731,3282.7707302064227,444.9713304666626
848,223.4358456001533,2947.627344120309,376.4263109236306
849,361.7411814129167,3871.1218075142638,322.8213335742712
850,503.4753321414692,3574.2164692768897,285.93505685980665
851,190.9864592257418,2875.104294930426,285.9742714283961
853,355.0591683868316,3088.9593475188285,292.1587462980404
854,449.5265555736404,3155.6399812653117,292.4785408299387
855,243.93037172354212,2293.2265885804723,293.61412363664795
856,441.58868190743345,2551.4270107211823,291.86414822123953
857,614.4596917820878,4056.967043392306,188.45056259959858
858,170.29829298979885,3256.6255759525,275.8911960649287
859,391.5655930286201,3289.0152689429506,367.95573941046194
860,365.35689069143217,3242.576423731663,319.2135793516627
861,683.3199149039301,2921.999066147821,314.3433438780365
862,775.7939796305398,2679.7441544857293,186.66324741971985
863,646.4364184199299,2932.2113044696016,285.26460748842214
865,278.62768548202894,2417.687045059513,283.0688383114345
866,405.7255305323637,3374.271278092832,370.5857853123771
867,419.37207903235964,3186.742938589408,289.60223785110753
868,61.46201946998702,3313.3997142865837,303.34991445445127
869,302.41579182137014,3228.70270055234,-37.32021479095872
870,28.478937301645054,2266.427135350709,291.3116727664053
871,645.5647651132082,2524.2256071433626,289.6205759922908
872,459.4960958921679,3045.373760844904,322.91329404172706
873,676.4782108105334,3245.6615721295016,59.11348516692275
874,142.49755522382807,2915.263362984055,295.4341189943382
875,521.6347600959486,3178.8250591292967,63.44228804329784
876,1749.1343490739202,3293.216784753493,318.80210020196967
877,1752.278203623363,3186.790275972185,296.8235870917577
879,173.97131143942175,3062.624004963739,295.65707238462244
880,147.16356712995184,4156.749676087294,291.5277699961977
881,492.8737332140529,3342.515449437359,290.3991696794275
882,96.06550820546457,2849.8313862066448,372.19606616632825
883,517.7749898217606,2580.500114770199,319.98648634319335
884,538.1422298049649,2221.8258137270827,317.78954504422484
885,125.38924953629092,2565.727982427737,370.8516993518183
886,436.9917216664845,2597.3603638583736,63.60107376084401
887,440.1901603124232,2207.6420689801002,280.93944201843067
888,458.2464260258306,2703.660231599464,292.30312686312567
889,276.32493267985734,2290.5998799197896,300.895601155344
890,63.302194433752696,2825.821002697139,296.61181148165616
891,236.40279898046214,2321.7624512007405,290.76265828301916
892,566.0501860464453,2545.4798387504293,293.5418714519044
893,87.94800862366112,3152.9962327119597,287.2913139021875
894,622.684770814467,2848.0600955578657,370.3548872574642
895,492.4525909331583,3263.655880456245,316.91624203876864
896,317.4124434670416,2662.376281560474,321.79974798176056
897,108.69220876967651,3560.2498235070325,293.5679287228947
898,456.2496779161619,3514.2502587346435,64.46137094387319
899,118.46514400945317,3089.930956910647,316.73974926318766
900,336.9046879494475,2425.0126435259635,293.1915218743042
901,751.1548649120429,3098.4546104011024,362.62172536342337
903,1056.6956566972665,3721.9896512365367,74.01242668580534
904,390.54342480338767,2419.0193047584416,52.636071235805204
905,152.00458415135282,3232.368056875157,365.3092620436333
907,246.69657897350208,2784.682617060936,298.36853317522537
908,105.61228451476794,2979.9256869933697,192.36048273368482
909,133.45533840096942,2976.665972625145,302.77349410990416
910,380.305424700076,3302.22637698156,362.6639067534204
911,443.7921360993036,3069.638774956733,317.24464078130353
913,436.1348864677507,3200.5690254302917,285.2829307352888
914,59.74865594376063,2725.4163499825336,299.09422949707493
915,128.5204251904852,3039.1846937956407,285.634014040396
916,15.048248180784118,3868.466754224308,303.78522223768545
917,269.91510804476684,2766.3903339490253,291.60762303605463
919,1692.759271439615,2904.6208890861885,193.3230057409589
920,341.21348665214657,3388.261094040431,365.3854574283321
921,440.19889457657206,3307.712204707701,371.35613183766776
922,316.0560432565497,2493.411430955708,65.33294782911999
923,535.4723573829123,2501.8479749810426,298.2768687498176
924,525.1821949713906,2603.0714151748484,377.40845666052735
925,742.4309937762879,2682.692719109444,326.40710076385
926,777.4720580976252,3366.7086866824793,188.6208583758895
928,1033.5408657875528,2885.1600711864708,292.8679759117169
929,898.697440046807,2585.1455951005114,288.1105691924714
930,588.3308940284338,2988.4854922656195,292.3146048382262
932,490.56258964294767,2314.2173319104795,288.08064252352955
933,176.84329722570732,3129.300467657416,285.5441577389912
934,703.9983108126057,3097.9124301894703,297.8138959674473
935,134.80982444886382,3321.8318574536156,294.7863406255038
936,450.5170751842268,3195.5861367378084,293.4244999945976
937,468.25660306907344,2990.767206623857,292.22448150550616
938,501.8042152375126,3367.5727681292933,295.3272510036424
939,305.23334439205405,3243.890708313817,289.1177624393856
940,35.33838041496092,3525.45084741004,289.52719830330267
941,383.80117927270965,3067.414431284878,292.64427089319014
942,1123.066076010766,2659.898249419542,207.64555839935247
943,432.1654333814547,3017.9298039173523,289.7527043066661
944,48.42860441174698,3204.2067196308503,293.9786294335916
945,437.5370056316294,2205.2008542288845,285.0163947779206
946,2001.6747752857486,3183.2105124328746,182.28212217776303
947,504.085200279803,3062.2192486658478,286.0640944005881
948,258.7448835628921,3033.2635341699524,313.1048016111345
949,9.61291991168187,3392.513454272116,314.2412444484914
950,155.28235285309216,3279.305350169232,311.791858889304
951,68.76241849106069,3618.719530426778,291.9302570145366
952,331.7322237647857,2663.7169738643456,63.48936346380973
953,357.57567846845313,2588.132218081767,63.76833586875814
954,369.5115521899874,3113.402031212292,319.82411124251394
955,391.1357452797889,1898.5635941405453,69.08247132872796
