,index,e_BuildingSqm,elec,heat,cool,w,wf
0,0,3600.0,0.0,0.0,0.0,65.466,109.82249790538162
1,1,3600.0,0.0,0.0,0.0,65.466,109.82249790538162
2,2,3600.0,0.0,0.0,0.0,65.466,109.82249790538162
3,3,3600.0,0.0,0.0,0.0,65.466,109.82249790538162
4,4,105.0,260838.09933619265,0.0,103670.18504759988,65.466,160.5625939473137
5,5,39.0,83421.88017269323,0.0,22325.681020370586,65.466,161.52077601849177
6,6,525.0,187549.5748279765,0.0,42934.00196225112,65.466,154.46507167618023
7,7,525.0,62516.524942658834,0.0,14311.333987417043,65.466,154.46507167618023
8,8,525.0,0.0,0.0,0.0,65.466,154.46507167618023
9,9,12000.0,0.0,0.0,0.0,65.466,0.0
10,10,3600.0,0.0,0.0,0.0,65.466,109.82249790538162
11,11,3600.0,0.0,0.0,0.0,65.466,109.82249790538162
12,12,3600.0,0.0,0.0,0.0,65.466,109.82249790538162
13,13,3600.0,0.0,0.0,0.0,65.466,109.82249790538162
14,14,3600.0,0.0,0.0,0.0,65.466,109.82249790538162
15,15,3600.0,0.0,0.0,0.0,65.466,109.82249790538162
16,16,3600.0,0.0,0.0,0.0,65.466,109.82249790538162
17,17,3600.0,0.0,0.0,0.0,65.466,109.82249790538162
18,18,3600.0,0.0,0.0,0.0,65.466,109.82249790538162
19,19,12000.0,0.0,55510079.03056037,3841566.954830231,65.466,0.0
20,20,12000.0,0.0,55510079.03056037,11524700.864490692,65.466,0.0
21,21,12000.0,0.0,55510079.03056037,2944045.848840077,65.466,0.0
22,22,12000.0,3990486.428305042,55510079.03056037,2944045.848840077,65.466,0.0
23,23,525.0,187549.5748279765,809521.9858623386,42934.00196225112,65.466,154.46507167618023
24,24,525.0,187549.5748279765,809521.9858623386,42934.00196225112,65.466,154.46507167618023
25,25,39.0,27807.293390897743,247883.96893683073,22325.681020370586,65.466,161.52077601849177
26,26,105.0,695568.2648965137,858059.8924736448,77281.20353205202,65.466,160.5625939473137
27,27,525.0,125033.04988531767,809521.9858623386,42934.00196225112,65.466,154.46507167618023
28,28,525.0,187549.5748279765,809521.9858623386,57594.54724866659,65.466,154.46507167618023
29,29,525.0,187549.5748279765,54555.872216939024,57594.54724866659,65.466,154.46507167618023
30,30,525.0,0.0,54555.872216939024,57594.54724866659,65.466,154.46507167618023
31,31,12000.0,0.0,3740974.0948758186,0.0,65.466,0.0
32,32,12000.0,0.0,3740974.0948758186,0.0,65.466,0.0
33,33,12000.0,0.0,7756831.949598116,0.0,65.466,0.0
34,34,12000.0,0.0,0.0,0.0,65.466,0.0
35,35,12000.0,0.0,0.0,9215127.559786657,65.466,0.0
36,36,12000.0,3990486.428305042,0.0,2632893.5885104733,65.466,0.0
37,37,12000.0,3990486.428305042,0.0,2632893.5885104733,65.466,0.0
38,38,12000.0,0.0,0.0,2632893.5885104733,65.466,0.0
39,39,12000.0,0.0,0.0,3949340.382765709,65.466,0.0
40,40,12000.0,0.0,0.0,11524700.864490692,65.466,0.0
41,41,12000.0,0.0,7756831.949598116,11524700.864490692,65.466,0.0
42,42,3600.0,0.0,0.0,0.0,65.466,109.82249790538162
43,43,3600.0,0.0,0.0,0.0,65.466,109.82249790538162
44,44,3600.0,0.0,0.0,0.0,65.466,109.82249790538162
45,45,3600.0,0.0,0.0,0.0,65.466,109.82249790538162
46,46,525.0,62516.524942658834,113120.4659316392,0.0,65.466,154.46507167618023
47,47,525.0,62516.524942658834,37706.82197721307,128802.00588675338,65.466,154.46507167618023
48,48,39.0,0.0,140317.1442161387,59535.149387654885,65.466,161.52077601849177
49,49,525.0,0.0,18185.290738979675,42934.00196225112,65.466,154.46507167618023
50,50,12000.0,1330162.1427683474,0.0,2944045.848840077,65.466,0.0
51,51,12000.0,0.0,0.0,3949340.382765709,65.466,0.0
52,52,12000.0,0.0,0.0,3949340.382765709,65.466,0.0
53,53,3600.0,0.0,0.0,0.0,65.466,109.82249790538162
54,54,3600.0,0.0,0.0,0.0,65.466,109.82249790538162
55,55,3600.0,0.0,0.0,0.0,65.466,109.82249790538162
56,56,525.0,0.0,0.0,19198.1824162222,65.466,154.46507167618023
57,57,525.0,0.0,0.0,19198.1824162222,65.466,154.46507167618023
58,58,525.0,0.0,0.0,19198.1824162222,65.466,154.46507167618023
59,59,12000.0,0.0,0.0,1316446.7942552364,65.466,0.0
60,60,12000.0,0.0,1246991.3649586062,3841566.954830231,65.466,0.0
61,61,12000.0,0.0,3740974.0948758186,57096.210018901445,65.466,0.0
62,62,12000.0,0.0,3740974.0948758186,46904.57652268905,65.466,0.0
63,63,12000.0,0.0,2243617.053161213,981348.6162800256,65.466,0.0
64,64,3600.0,0.0,0.0,0.0,65.466,109.82249790538162
65,65,525.0,375099.14965595305,113120.4659316392,0.0,65.466,154.46507167618023
66,66,12000.0,0.0,7756831.949598116,2944045.848840077,65.466,0.0
67,67,12000.0,0.0,0.0,3949340.382765709,65.466,0.0
68,68,12000.0,0.0,0.0,2944045.848840077,65.466,0.0
69,69,12000.0,0.0,0.0,981348.6162800256,65.466,0.0
70,70,12000.0,0.0,0.0,981348.6162800256,65.466,0.0
71,71,3600.0,0.0,0.0,0.0,65.466,109.82249790538162
72,72,3600.0,0.0,0.0,0.0,65.466,109.82249790538162
73,73,3600.0,0.0,0.0,0.0,65.466,109.82249790538162
74,74,3600.0,0.0,0.0,0.0,65.466,109.82249790538162
75,75,3600.0,0.0,0.0,0.0,65.466,109.82249790538162
76,76,3600.0,0.0,0.0,0.0,65.466,109.82249790538162
77,77,3600.0,0.0,0.0,0.0,65.466,109.82249790538162
78,78,3600.0,0.0,0.0,0.0,65.466,109.82249790538162
79,79,12000.0,0.0,55510079.03056037,5888091.697680154,65.466,0.0
80,80,12000.0,0.0,3740974.0948758186,2944045.848840077,65.466,0.0
81,81,12000.0,0.0,3740974.0948758186,3949340.382765709,65.466,0.0
82,82,12000.0,0.0,1246991.3649586062,3949340.382765709,65.466,0.0
83,83,12000.0,1330162.1427683474,2585610.649866039,3949340.382765709,65.466,0.0
84,84,3600.0,0.0,0.0,0.0,65.466,109.82249790538162
85,85,12000.0,3990486.428305042,0.0,3949340.382765709,65.466,0.0
86,86,12000.0,3990486.428305042,0.0,1316446.7942552364,65.466,0.0
87,87,12000.0,0.0,0.0,1316446.7942552364,65.466,0.0
88,88,3600.0,0.0,0.0,0.0,65.466,109.82249790538162
89,89,3600.0,0.0,0.0,0.0,65.466,109.82249790538162
90,90,12000.0,1330162.1427683474,0.0,981348.6162800256,65.466,0.0
91,91,12000.0,1330162.1427683474,7756831.949598116,981348.6162800256,65.466,0.0
92,92,12000.0,1330162.1427683474,7756831.949598116,0.0,65.466,0.0
93,93,12000.0,1330162.1427683474,7756831.949598116,0.0,65.466,0.0
94,94,12000.0,1330162.1427683474,3740974.0948758186,0.0,65.466,0.0
95,95,12000.0,0.0,3740974.0948758186,0.0,65.466,0.0
96,96,3600.0,0.0,0.0,0.0,65.466,109.82249790538162
97,97,3600.0,0.0,0.0,0.0,65.466,109.82249790538162
98,98,3600.0,0.0,0.0,0.0,65.466,109.82249790538162
99,99,3600.0,0.0,0.0,0.0,65.466,109.82249790538162
100,100,3600.0,0.0,0.0,0.0,65.466,109.82249790538162
101,101,3600.0,0.0,0.0,0.0,65.466,109.82249790538162
102,102,3600.0,0.0,0.0,0.0,65.466,109.82249790538162
103,103,3600.0,0.0,0.0,0.0,65.466,109.82249790538162
104,104,3600.0,0.0,0.0,0.0,65.466,109.82249790538162
105,105,12000.0,3990486.428305042,0.0,1962697.2325600516,65.466,0.0
106,106,12000.0,3990486.428305042,0.0,981348.6162800256,65.466,0.0
107,107,12000.0,3990486.428305042,0.0,981348.6162800256,65.466,0.0
108,108,105.0,173408.2096091659,60330.91516354091,68694.4031396018,65.466,160.5625939473137
109,109,36.0,115153.98854654259,28441.71714852643,32384.50433724085,65.466,161.56432974899988
110,110,525.0,187549.5748279765,113120.4659316392,42934.00196225112,65.466,154.46507167618023
111,111,525.0,0.0,113120.4659316392,14311.333987417043,65.466,154.46507167618023
112,112,12000.0,3990486.428305042,0.0,1316446.7942552364,65.466,0.0
113,113,12000.0,0.0,0.0,1316446.7942552364,65.466,0.0
114,114,12000.0,3990486.428305042,7756831.949598116,1316446.7942552364,65.466,0.0
115,115,12000.0,3990486.428305042,7756831.949598116,0.0,65.466,0.0
116,116,12000.0,3990486.428305042,55510079.03056037,2944045.848840077,65.466,0.0
117,117,12000.0,3990486.428305042,55510079.03056037,2944045.848840077,65.466,0.0
118,118,12000.0,3990486.428305042,55510079.03056037,2944045.848840077,65.466,0.0
119,119,12000.0,3990486.428305042,7756831.949598116,2944045.848840077,65.466,0.0
120,120,3600.0,0.0,0.0,0.0,65.466,109.82249790538162
121,121,3600.0,0.0,0.0,0.0,65.466,109.82249790538162
122,122,525.0,187549.5748279765,0.0,0.0,65.466,154.46507167618023
123,123,525.0,187549.5748279765,54555.872216939024,0.0,65.466,154.46507167618023
124,124,525.0,187549.5748279765,0.0,0.0,65.466,154.46507167618023
125,125,3600.0,0.0,0.0,0.0,65.466,109.82249790538162
126,126,3600.0,0.0,0.0,0.0,65.466,109.82249790538162
127,127,39.0,83421.88017269323,28369.05355280829,0.0,65.466,161.52077601849177
128,128,39.0,250265.6405180797,58822.642284452384,29949.164569306628,65.466,161.52077601849177
129,129,12000.0,1330162.1427683474,1246991.3649586062,11524700.864490692,65.466,0.0
130,130,12000.0,1330162.1427683474,2585610.649866039,3949340.382765709,65.466,0.0
131,131,12000.0,0.0,18503359.67685345,3949340.382765709,65.466,0.0
132,132,525.0,0.0,0.0,57594.54724866659,65.466,154.46507167618023
133,133,525.0,0.0,0.0,57594.54724866659,65.466,154.46507167618023
134,134,525.0,0.0,0.0,57594.54724866659,65.466,154.46507167618023
135,135,12000.0,0.0,0.0,3949340.382765709,65.466,0.0
136,136,12000.0,0.0,0.0,3949340.382765709,65.466,0.0
137,137,12000.0,0.0,0.0,3949340.382765709,65.466,0.0
138,138,12000.0,0.0,129523517.73797417,3949340.382765709,65.466,0.0
139,139,12000.0,0.0,166530237.0916811,0.0,65.466,0.0
140,140,12000.0,0.0,129523517.73797417,0.0,65.466,0.0
141,141,12000.0,0.0,0.0,0.0,65.466,0.0
142,142,12000.0,0.0,3740974.0948758186,3841566.954830231,65.466,0.0
143,143,12000.0,0.0,3740974.0948758186,3841566.954830231,65.466,0.0
144,144,12000.0,0.0,2585610.649866039,26890968.68381161,65.466,0.0
145,145,12000.0,0.0,18099274.54906227,0.0,65.466,0.0
146,146,12000.0,0.0,15960669.804261155,0.0,65.466,0.0
147,147,12000.0,0.0,111020158.06112072,0.0,65.466,0.0
148,148,12000.0,0.0,2585610.649866039,981348.6162800256,65.466,0.0
149,149,12000.0,0.0,2585610.649866039,2944045.848840077,65.466,0.0
150,150,12000.0,0.0,2585610.649866039,1316446.7942552364,65.466,0.0
151,151,12000.0,0.0,7756831.949598116,3841566.954830231,65.466,0.0
152,152,3600.0,0.0,0.0,0.0,65.466,109.82249790538162
153,153,12000.0,0.0,7756831.949598116,0.0,65.466,0.0
154,154,12000.0,0.0,7756831.949598116,0.0,65.466,0.0
155,155,12000.0,0.0,3740974.0948758186,0.0,65.466,0.0
156,156,12000.0,3990486.428305042,3740974.0948758186,0.0,65.466,0.0
157,157,12000.0,3990486.428305042,0.0,0.0,65.466,0.0
158,158,12000.0,3990486.428305042,0.0,0.0,65.466,0.0
159,159,3600.0,0.0,0.0,0.0,65.466,109.82249790538162
160,160,12000.0,0.0,0.0,0.0,65.466,0.0
161,161,12000.0,0.0,0.0,0.0,65.466,0.0
162,162,12000.0,0.0,5559557.98502184,0.0,65.466,0.0
163,163,12000.0,0.0,0.0,0.0,65.466,0.0
164,164,12000.0,0.0,0.0,0.0,65.466,0.0
165,165,3600.0,0.0,0.0,0.0,65.466,109.82249790538162
166,166,3600.0,0.0,0.0,0.0,65.466,109.82249790538162
167,167,12000.0,1330162.1427683474,1246991.3649586062,0.0,65.466,0.0
168,168,12000.0,3990486.428305042,11222922.284627458,0.0,65.466,0.0
169,169,12000.0,0.0,0.0,0.0,65.466,0.0
170,170,12000.0,0.0,18503359.67685345,0.0,65.466,0.0
171,171,525.0,0.0,269840.6619541128,0.0,65.466,154.46507167618023
172,172,525.0,0.0,18185.290738979675,0.0,65.466,154.46507167618023
173,173,525.0,437615.6745986119,37706.82197721307,0.0,65.466,154.46507167618023
174,174,525.0,437615.6745986119,269840.6619541128,0.0,65.466,154.46507167618023
175,175,525.0,0.0,269840.6619541128,14311.333987417043,65.466,154.46507167618023
176,176,525.0,0.0,269840.6619541128,14311.333987417043,65.466,154.46507167618023
177,177,525.0,0.0,33251.39542554407,14311.333987417043,65.466,154.46507167618023
178,178,525.0,187549.5748279765,0.0,0.0,65.466,154.46507167618023
179,179,525.0,187549.5748279765,18185.290738979675,0.0,65.466,154.46507167618023
180,180,525.0,62516.524942658834,18185.290738979675,0.0,65.466,154.46507167618023
181,181,525.0,62516.524942658834,18185.290738979675,0.0,65.466,154.46507167618023
182,182,12000.0,1330162.1427683474,1246991.3649586062,0.0,65.466,0.0
183,183,12000.0,0.0,0.0,0.0,65.466,0.0
184,184,12000.0,0.0,0.0,0.0,65.466,0.0
185,185,12000.0,0.0,55510079.03056037,0.0,65.466,0.0
186,186,12000.0,0.0,7756831.949598116,0.0,65.466,0.0
187,187,3600.0,0.0,0.0,0.0,65.466,109.82249790538162
188,188,3600.0,0.0,0.0,0.0,65.466,109.82249790538162
189,189,525.0,0.0,0.0,0.0,65.466,154.46507167618023
190,190,12000.0,0.0,32687995.903757904,981348.6162800256,65.466,0.0
191,191,12000.0,0.0,32687995.903757904,2944045.848840077,65.466,0.0
192,192,3600.0,0.0,0.0,0.0,65.466,109.82249790538162
193,193,3600.0,0.0,0.0,0.0,65.466,109.82249790538162
194,194,3600.0,0.0,0.0,0.0,65.466,109.82249790538162
195,195,3600.0,0.0,0.0,0.0,65.466,109.82249790538162
196,196,12000.0,0.0,7756831.949598116,3949340.382765709,65.466,0.0
197,197,3600.0,0.0,0.0,0.0,65.466,109.82249790538162
198,198,3600.0,0.0,0.0,0.0,65.466,109.82249790538162
199,199,3600.0,0.0,0.0,0.0,65.466,109.82249790538162
200,200,3600.0,0.0,0.0,0.0,65.466,109.82249790538162
201,201,3600.0,0.0,0.0,0.0,65.466,109.82249790538162
202,202,3600.0,0.0,0.0,0.0,65.466,109.82249790538162
203,203,3600.0,0.0,0.0,0.0,65.466,109.82249790538162
204,204,3600.0,0.0,0.0,0.0,65.466,109.82249790538162
205,205,12000.0,3990486.428305042,0.0,3949340.382765709,65.466,0.0
206,206,3600.0,0.0,0.0,0.0,65.466,109.82249790538162
207,207,3600.0,0.0,0.0,0.0,65.466,109.82249790538162
208,208,3600.0,0.0,0.0,0.0,65.466,109.82249790538162
209,209,3600.0,0.0,0.0,0.0,65.466,109.82249790538162
210,210,12000.0,0.0,2585610.649866039,0.0,65.466,0.0
211,211,12000.0,0.0,1246991.3649586062,0.0,65.466,0.0
212,212,12000.0,3990486.428305042,1246991.3649586062,2944045.848840077,65.466,0.0
213,213,3600.0,0.0,0.0,0.0,65.466,109.82249790538162
214,214,3600.0,0.0,0.0,0.0,65.466,109.82249790538162
215,215,525.0,187549.5748279765,0.0,14311.333987417043,65.466,154.46507167618023
216,216,525.0,187549.5748279765,0.0,14311.333987417043,65.466,154.46507167618023
217,217,12000.0,3990486.428305042,0.0,981348.6162800256,65.466,0.0
218,218,12000.0,3990486.428305042,0.0,1316446.7942552364,65.466,0.0
219,219,12000.0,3990486.428305042,2585610.649866039,1316446.7942552364,65.466,0.0
220,220,12000.0,3990486.428305042,0.0,1316446.7942552364,65.466,0.0
221,221,12000.0,3990486.428305042,0.0,1316446.7942552364,65.466,0.0
222,222,12000.0,3990486.428305042,0.0,3949340.382765709,65.466,0.0
223,223,12000.0,3990486.428305042,0.0,3949340.382765709,65.466,0.0
224,224,12000.0,0.0,0.0,3949340.382765709,65.466,0.0
225,225,12000.0,3990486.428305042,0.0,981348.6162800256,65.466,0.0
226,226,12000.0,3990486.428305042,0.0,981348.6162800256,65.466,0.0
227,227,12000.0,1330162.1427683474,55510079.03056037,8460168.803992372,65.466,0.0
228,228,12000.0,1330162.1427683474,55510079.03056037,8460168.803992372,65.466,0.0
229,229,12000.0,1330162.1427683474,55510079.03056037,3949340.382765709,65.466,0.0
230,230,3600.0,0.0,0.0,0.0,65.466,109.82249790538162
231,231,3600.0,0.0,0.0,0.0,65.466,109.82249790538162
232,232,12000.0,0.0,18503359.67685345,3949340.382765709,65.466,0.0
233,233,3600.0,0.0,0.0,0.0,65.466,109.82249790538162
234,234,3600.0,0.0,0.0,0.0,65.466,109.82249790538162
235,235,3600.0,0.0,0.0,0.0,65.466,109.82249790538162
236,236,12000.0,0.0,0.0,0.0,65.466,0.0
237,237,12000.0,3990486.428305042,3740974.0948758186,0.0,65.466,0.0
238,238,12000.0,3990486.428305042,55510079.03056037,0.0,65.466,0.0
239,239,12000.0,3990486.428305042,0.0,0.0,65.466,0.0
240,240,3600.0,0.0,0.0,0.0,65.466,109.82249790538162
241,241,3600.0,0.0,0.0,0.0,65.466,109.82249790538162
242,242,3600.0,0.0,0.0,0.0,65.466,109.82249790538162
243,243,12000.0,3990486.428305042,0.0,11524700.864490692,65.466,0.0
244,244,12000.0,3990486.428305042,0.0,11524700.864490692,65.466,0.0
245,245,12000.0,3990486.428305042,3740974.0948758186,11524700.864490692,65.466,0.0
246,246,12000.0,3990486.428305042,1863109.7362466836,0.0,65.466,0.0
247,247,12000.0,3990486.428305042,5355952.741158959,0.0,65.466,0.0
248,248,12000.0,1330162.1427683474,5355952.741158959,0.0,65.466,0.0
249,249,12000.0,1330162.1427683474,3740974.0948758186,0.0,65.466,0.0
250,250,12000.0,0.0,3740974.0948758186,0.0,65.466,0.0
251,251,12000.0,0.0,55510079.03056037,2944045.848840077,65.466,0.0
252,252,12000.0,0.0,55510079.03056037,2944045.848840077,65.466,0.0
253,253,3600.0,0.0,0.0,0.0,65.466,109.82249790538162
254,254,3600.0,0.0,0.0,0.0,65.466,109.82249790538162
255,255,3600.0,0.0,0.0,0.0,65.466,109.82249790538162
256,256,3600.0,0.0,0.0,0.0,65.466,109.82249790538162
257,257,3600.0,0.0,0.0,0.0,65.466,109.82249790538162
258,258,3600.0,0.0,0.0,0.0,65.466,109.82249790538162
259,259,3600.0,0.0,0.0,0.0,65.466,109.82249790538162
260,260,12000.0,0.0,0.0,3841566.954830231,65.466,0.0
261,261,3600.0,0.0,0.0,0.0,65.466,109.82249790538162
262,262,3600.0,0.0,0.0,0.0,65.466,109.82249790538162
263,263,3600.0,0.0,0.0,0.0,65.466,109.82249790538162
264,264,11100.0,1985989.7563691288,2306934.025173422,605164.9800393492,65.466,0.938171635141152
265,265,3600.0,0.0,0.0,0.0,65.466,109.82249790538162
266,266,3600.0,0.0,0.0,0.0,65.466,109.82249790538162
267,267,3600.0,0.0,0.0,0.0,65.466,109.82249790538162
268,268,3600.0,0.0,0.0,0.0,65.466,109.82249790538162
269,269,3600.0,0.0,0.0,0.0,65.466,109.82249790538162
270,270,3600.0,0.0,0.0,0.0,65.466,109.82249790538162
271,271,3600.0,0.0,0.0,0.0,65.466,109.82249790538162
272,272,3600.0,0.0,0.0,0.0,65.466,109.82249790538162
273,273,11100.0,0.0,1594459.9007507241,0.0,65.466,0.938171635141152
274,274,11100.0,0.0,4783379.702252172,0.0,65.466,0.938171635141152
275,275,525.0,0.0,75413.64395442614,0.0,65.466,154.46507167618023
276,276,525.0,0.0,0.0,76792.72966488879,65.466,154.46507167618023
277,277,525.0,0.0,0.0,0.0,65.466,154.46507167618023
278,278,525.0,0.0,809521.9858623386,0.0,65.466,154.46507167618023
279,279,3600.0,0.0,0.0,0.0,65.466,109.82249790538162
280,280,3600.0,0.0,0.0,0.0,65.466,109.82249790538162
281,281,3600.0,0.0,0.0,0.0,65.466,109.82249790538162
282,282,3600.0,0.0,0.0,0.0,65.466,109.82249790538162
283,283,12000.0,0.0,0.0,0.0,65.466,0.0
284,284,12000.0,0.0,3740974.0948758186,0.0,65.466,0.0
285,285,12000.0,0.0,3740974.0948758186,0.0,65.466,0.0
286,286,12000.0,0.0,7756831.949598116,0.0,65.466,0.0
287,287,12000.0,0.0,0.0,0.0,65.466,0.0
288,288,12000.0,0.0,0.0,0.0,65.466,0.0
289,289,12000.0,0.0,0.0,0.0,65.466,0.0
290,290,3600.0,0.0,0.0,0.0,65.466,109.82249790538162
291,291,39.0,83421.88017269323,0.0,0.0,65.466,161.52077601849177
292,292,525.0,187549.5748279765,0.0,0.0,65.466,154.46507167618023
293,293,525.0,187549.5748279765,0.0,14311.333987417043,65.466,154.46507167618023
294,294,525.0,187549.5748279765,0.0,42934.00196225112,65.466,154.46507167618023
295,295,12000.0,3990486.428305042,3740974.0948758186,2944045.848840077,65.466,0.0
296,296,12000.0,3990486.428305042,1246991.3649586062,2944045.848840077,65.466,0.0
297,297,12000.0,3990486.428305042,18503359.67685345,3949340.382765709,65.466,0.0
298,298,12000.0,3990486.428305042,0.0,3949340.382765709,65.466,0.0
299,299,12000.0,0.0,0.0,0.0,65.466,0.0
300,300,12000.0,11971459.284915125,0.0,0.0,65.466,0.0
301,301,12000.0,5320648.57107339,0.0,2944045.848840077,65.466,0.0
302,302,3600.0,0.0,0.0,0.0,65.466,109.82249790538162
303,303,3600.0,0.0,0.0,0.0,65.466,109.82249790538162
304,304,3600.0,0.0,0.0,0.0,65.466,109.82249790538162
305,305,3600.0,0.0,0.0,0.0,65.466,109.82249790538162
306,306,3600.0,0.0,0.0,0.0,65.466,109.82249790538162
307,307,3600.0,0.0,0.0,0.0,65.466,109.82249790538162
308,308,12000.0,5320648.57107339,0.0,3949340.382765709,65.466,0.0
309,309,12000.0,14631783.570451822,55510079.03056037,3949340.382765709,65.466,0.0
310,310,12000.0,2660324.285536695,7756831.949598116,11524700.864490692,65.466,0.0
311,311,3600.0,0.0,0.0,0.0,65.466,109.82249790538162
312,312,3600.0,0.0,0.0,0.0,65.466,109.82249790538162
313,313,3600.0,0.0,0.0,0.0,65.466,109.82249790538162
314,314,3600.0,0.0,0.0,0.0,65.466,109.82249790538162
315,315,3600.0,0.0,0.0,0.0,65.466,109.82249790538162
316,316,3600.0,0.0,0.0,0.0,65.466,109.82249790538162
317,317,3600.0,0.0,0.0,0.0,65.466,109.82249790538162
318,318,12000.0,3990486.428305042,0.0,2944045.848840077,65.466,0.0
319,319,3600.0,0.0,0.0,0.0,65.466,109.82249790538162
320,320,12000.0,3990486.428305042,0.0,0.0,65.466,0.0
321,321,12000.0,0.0,0.0,6869440.31396018,65.466,0.0
322,322,12000.0,0.0,0.0,26890968.68381161,65.466,0.0
323,323,12000.0,0.0,3740974.0948758186,10794834.779080283,65.466,0.0
324,324,525.0,0.0,54555.872216939024,14311.333987417043,65.466,154.46507167618023
325,325,525.0,0.0,18185.290738979675,19198.1824162222,65.466,154.46507167618023
326,326,3600.0,0.0,0.0,0.0,65.466,109.82249790538162
327,327,525.0,0.0,18185.290738979675,19198.1824162222,65.466,154.46507167618023
328,328,12000.0,0.0,1246991.3649586062,2632893.5885104733,65.466,0.0
329,329,12000.0,0.0,1246991.3649586062,5265787.1770209465,65.466,0.0
330,330,525.0,187549.5748279765,269840.6619541128,0.0,65.466,154.46507167618023
331,331,11100.0,1985989.7563691288,11410405.134059627,0.0,65.466,0.938171635141152
332,332,39.0,83421.88017269323,0.0,0.0,65.466,161.52077601849177
333,333,525.0,187549.5748279765,0.0,0.0,65.466,154.46507167618023
334,334,525.0,187549.5748279765,0.0,0.0,65.466,154.46507167618023
335,335,36.0,0.0,0.0,0.0,65.466,161.56432974899988
336,336,12000.0,0.0,7756831.949598116,0.0,65.466,0.0
337,337,12000.0,0.0,7756831.949598116,0.0,65.466,0.0
338,338,39.0,0.0,58822.642284452384,0.0,65.466,161.52077601849177
339,339,39.0,0.0,28369.05355280829,0.0,65.466,161.52077601849177
340,340,39.0,0.0,58822.642284452384,9983.054856435545,65.466,161.52077601849177
341,341,39.0,0.0,28369.05355280829,0.0,65.466,161.52077601849177
342,342,105.0,0.0,1457139.5745522091,0.0,65.466,160.5625939473137
343,343,525.0,187549.5748279765,78107.64414190149,0.0,65.466,154.46507167618023
344,344,3600.0,0.0,0.0,0.0,65.466,109.82249790538162
345,345,3600.0,0.0,0.0,0.0,65.466,109.82249790538162
346,346,3600.0,0.0,0.0,0.0,65.466,109.82249790538162
347,347,3600.0,0.0,0.0,0.0,65.466,109.82249790538162
348,348,525.0,187549.5748279765,0.0,0.0,65.466,154.46507167618023
349,349,525.0,187549.5748279765,809521.9858623386,0.0,65.466,154.46507167618023
350,350,525.0,0.0,113120.4659316392,0.0,65.466,154.46507167618023
351,351,3600.0,0.0,0.0,0.0,65.466,109.82249790538162
352,352,3600.0,0.0,0.0,0.0,65.466,109.82249790538162
353,353,3600.0,0.0,0.0,0.0,65.466,109.82249790538162
354,354,3600.0,0.0,0.0,0.0,65.466,109.82249790538162
355,355,3600.0,0.0,0.0,0.0,65.466,109.82249790538162
356,356,12000.0,0.0,0.0,2944045.848840077,65.466,0.0
357,357,12000.0,3990486.428305042,0.0,2944045.848840077,65.466,0.0
358,358,12000.0,3990486.428305042,0.0,2944045.848840077,65.466,0.0
359,359,12000.0,1330162.1427683474,3740974.0948758186,2944045.848840077,65.466,0.0
360,360,3600.0,0.0,0.0,0.0,65.466,109.82249790538162
361,361,3600.0,0.0,0.0,0.0,65.466,109.82249790538162
362,362,3600.0,0.0,0.0,0.0,65.466,109.82249790538162
363,363,3600.0,0.0,0.0,0.0,65.466,109.82249790538162
364,364,3600.0,0.0,0.0,0.0,65.466,109.82249790538162
365,365,3600.0,0.0,0.0,0.0,65.466,109.82249790538162
366,366,3600.0,0.0,0.0,0.0,65.466,109.82249790538162
367,367,3600.0,0.0,0.0,0.0,65.466,109.82249790538162
368,368,3600.0,0.0,0.0,0.0,65.466,109.82249790538162
369,369,3600.0,0.0,0.0,0.0,65.466,109.82249790538162
370,370,12000.0,0.0,0.0,981348.6162800256,65.466,0.0
371,371,12000.0,0.0,0.0,0.0,65.466,0.0
372,372,12000.0,0.0,0.0,0.0,65.466,0.0
373,373,12000.0,9311134.999378432,0.0,0.0,65.466,0.0
374,374,12000.0,3990486.428305042,3740974.0948758186,0.0,65.466,0.0
375,375,12000.0,3990486.428305042,3740974.0948758186,0.0,65.466,0.0
376,376,12000.0,0.0,0.0,0.0,65.466,0.0
377,377,3600.0,0.0,0.0,0.0,65.466,109.82249790538162
378,378,3600.0,0.0,0.0,0.0,65.466,109.82249790538162
379,379,3600.0,0.0,0.0,0.0,65.466,109.82249790538162
380,380,3600.0,0.0,0.0,0.0,65.466,109.82249790538162
381,381,3600.0,0.0,0.0,0.0,65.466,109.82249790538162
382,382,12000.0,3990486.428305042,0.0,0.0,65.466,0.0
383,383,12000.0,3990486.428305042,0.0,0.0,65.466,0.0
384,384,12000.0,3990486.428305042,0.0,3949340.382765709,65.466,0.0
385,385,12000.0,3990486.428305042,7756831.949598116,3949340.382765709,65.466,0.0
386,386,525.0,187549.5748279765,113120.4659316392,168068.5542738226,65.466,154.46507167618023
387,387,525.0,187549.5748279765,809521.9858623386,168068.5542738226,65.466,154.46507167618023
388,388,525.0,187549.5748279765,809521.9858623386,168068.5542738226,65.466,154.46507167618023
389,389,525.0,187549.5748279765,0.0,168068.5542738226,65.466,154.46507167618023
390,390,525.0,187549.5748279765,0.0,168068.5542738226,65.466,154.46507167618023
391,391,525.0,187549.5748279765,0.0,42934.00196225112,65.466,154.46507167618023
392,392,525.0,187549.5748279765,0.0,42934.00196225112,65.466,154.46507167618023
393,393,525.0,187549.5748279765,0.0,42934.00196225112,65.466,154.46507167618023
394,394,3600.0,0.0,0.0,0.0,65.466,109.82249790538162
395,395,3600.0,0.0,0.0,0.0,65.466,109.82249790538162
396,396,525.0,62516.524942658834,18185.290738979675,0.0,65.466,154.46507167618023
397,397,3600.0,0.0,0.0,0.0,65.466,109.82249790538162
398,398,3600.0,0.0,0.0,0.0,65.466,109.82249790538162
399,399,3600.0,0.0,0.0,0.0,65.466,109.82249790538162
400,400,3600.0,0.0,0.0,0.0,65.466,109.82249790538162
401,401,525.0,0.0,0.0,42934.00196225112,65.466,154.46507167618023
402,402,525.0,187549.5748279765,0.0,42934.00196225112,65.466,154.46507167618023
403,403,12000.0,3990486.428305042,0.0,0.0,65.466,0.0
404,404,12000.0,3990486.428305042,0.0,2944045.848840077,65.466,0.0
405,405,12000.0,0.0,0.0,2944045.848840077,65.466,0.0
406,406,12000.0,3990486.428305042,0.0,2944045.848840077,65.466,0.0
407,407,12000.0,3990486.428305042,0.0,2944045.848840077,65.466,0.0
408,408,12000.0,3990486.428305042,55510079.03056037,2944045.848840077,65.466,0.0
409,409,12000.0,3990486.428305042,3740974.0948758186,2944045.848840077,65.466,0.0
410,410,12000.0,3990486.428305042,32687995.903757904,2944045.848840077,65.466,0.0
411,411,3600.0,0.0,0.0,0.0,65.466,109.82249790538162
412,412,12000.0,3990486.428305042,3740974.0948758186,2944045.848840077,65.466,0.0
413,413,12000.0,3990486.428305042,18503359.67685345,2944045.848840077,65.466,0.0
414,414,12000.0,3990486.428305042,18503359.67685345,0.0,65.466,0.0
415,415,525.0,187549.5748279765,269840.6619541128,0.0,65.466,154.46507167618023
416,416,525.0,187549.5748279765,269840.6619541128,0.0,65.466,154.46507167618023
417,417,12000.0,3990486.428305042,2585610.649866039,9215127.559786657,65.466,0.0
418,418,12000.0,0.0,18503359.67685345,9215127.559786657,65.466,0.0
419,419,12000.0,0.0,0.0,0.0,65.466,0.0
420,420,36.0,0.0,0.0,0.0,65.466,161.56432974899988
421,421,105.0,0.0,0.0,0.0,65.466,160.5625939473137
422,422,39.0,27807.293390897743,0.0,0.0,65.466,161.52077601849177
423,423,39.0,0.0,0.0,87395.64822238775,65.466,161.52077601849177
424,424,39.0,83421.88017269323,0.0,0.0,65.466,161.52077601849177
425,425,12000.0,1330162.1427683474,0.0,11524700.864490692,65.466,0.0
426,426,12000.0,3990486.428305042,0.0,2944045.848840077,65.466,0.0
427,427,12000.0,3990486.428305042,0.0,2944045.848840077,65.466,0.0
428,428,12000.0,3990486.428305042,0.0,981348.6162800256,65.466,0.0
429,429,12000.0,3990486.428305042,5355952.741158959,981348.6162800256,65.466,0.0
430,430,3600.0,0.0,0.0,0.0,65.466,109.82249790538162
431,431,12000.0,1330162.1427683474,0.0,2944045.848840077,65.466,0.0
432,432,12000.0,1330162.1427683474,0.0,2944045.848840077,65.466,0.0
433,433,12000.0,1330162.1427683474,0.0,2944045.848840077,65.466,0.0
434,434,12000.0,1330162.1427683474,0.0,3949340.382765709,65.466,0.0
435,435,12000.0,3990486.428305042,7481948.189751637,2632893.5885104733,65.466,0.0
436,436,3600.0,0.0,0.0,0.0,65.466,109.82249790538162
437,437,12000.0,0.0,0.0,3949340.382765709,65.466,0.0
438,438,12000.0,0.0,0.0,11524700.864490692,65.466,0.0
439,439,12000.0,0.0,0.0,11524700.864490692,65.466,0.0
440,440,3600.0,0.0,0.0,0.0,65.466,109.82249790538162
441,441,12000.0,0.0,3740974.0948758186,2944045.848840077,65.466,0.0
442,442,12000.0,0.0,0.0,11524700.864490692,65.466,0.0
443,443,12000.0,3990486.428305042,0.0,3949340.382765709,65.466,0.0
444,444,12000.0,3990486.428305042,4987965.459834425,3949340.382765709,65.466,0.0
445,445,12000.0,3990486.428305042,8728939.554710245,2944045.848840077,65.466,0.0
446,446,11100.0,1985989.7563691288,1594459.9007507241,2435426.5693721874,65.466,0.938171635141152
447,447,12000.0,3990486.428305042,2585610.649866039,3949340.382765709,65.466,0.0
448,448,12000.0,3990486.428305042,2585610.649866039,2944045.848840077,65.466,0.0
449,449,12000.0,3990486.428305042,0.0,0.0,65.466,0.0
450,450,3600.0,0.0,0.0,0.0,65.466,109.82249790538162
451,451,3600.0,0.0,0.0,0.0,65.466,109.82249790538162
452,452,525.0,187549.5748279765,0.0,0.0,65.466,154.46507167618023
453,453,3600.0,0.0,0.0,0.0,65.466,109.82249790538162
454,454,3600.0,0.0,0.0,0.0,65.466,109.82249790538162
455,455,3600.0,0.0,0.0,0.0,65.466,109.82249790538162
456,456,3600.0,0.0,0.0,0.0,65.466,109.82249790538162
457,457,3600.0,0.0,0.0,0.0,65.466,109.82249790538162
458,458,3600.0,0.0,0.0,0.0,65.466,109.82249790538162
459,459,3600.0,0.0,0.0,0.0,65.466,109.82249790538162
460,460,3600.0,0.0,0.0,0.0,65.466,109.82249790538162
461,461,3600.0,0.0,0.0,0.0,65.466,109.82249790538162
462,462,3600.0,0.0,0.0,0.0,65.466,109.82249790538162
463,463,3600.0,0.0,0.0,0.0,65.466,109.82249790538162
464,464,3600.0,0.0,0.0,0.0,65.466,109.82249790538162
465,465,3600.0,0.0,0.0,0.0,65.466,109.82249790538162
466,466,3600.0,0.0,0.0,0.0,65.466,109.82249790538162
467,467,3600.0,0.0,0.0,0.0,65.466,109.82249790538162
468,468,3600.0,0.0,0.0,0.0,65.466,109.82249790538162
469,469,3600.0,0.0,0.0,0.0,65.466,109.82249790538162
470,470,525.0,187549.5748279765,0.0,0.0,65.466,154.46507167618023
471,471,525.0,187549.5748279765,0.0,0.0,65.466,154.46507167618023
472,472,525.0,187549.5748279765,0.0,56022.851424607536,65.466,154.46507167618023
473,473,525.0,187549.5748279765,809521.9858623386,56022.851424607536,65.466,154.46507167618023
474,474,525.0,187549.5748279765,113120.4659316392,14311.333987417043,65.466,154.46507167618023
475,475,525.0,62516.524942658834,54555.872216939024,57594.54724866659,65.466,154.46507167618023
476,476,12000.0,1330162.1427683474,0.0,3949340.382765709,65.466,0.0
477,477,12000.0,0.0,0.0,0.0,65.466,0.0
478,478,12000.0,3990486.428305042,0.0,0.0,65.466,0.0
479,479,12000.0,1330162.1427683474,0.0,981348.6162800256,65.466,0.0
480,480,12000.0,1330162.1427683474,0.0,981348.6162800256,65.466,0.0
481,481,12000.0,1330162.1427683474,0.0,3841566.954830231,65.466,0.0
482,482,12000.0,1330162.1427683474,0.0,11524700.864490692,65.466,0.0
483,483,12000.0,0.0,0.0,2944045.848840077,65.466,0.0
484,484,12000.0,3990486.428305042,0.0,981348.6162800256,65.466,0.0
485,485,12000.0,3990486.428305042,0.0,1316446.7942552364,65.466,0.0
486,486,3600.0,0.0,0.0,0.0,65.466,109.82249790538162
487,487,3600.0,0.0,0.0,0.0,65.466,109.82249790538162
488,488,12000.0,3990486.428305042,0.0,3949340.382765709,65.466,0.0
489,489,12000.0,3990486.428305042,7756831.949598116,3949340.382765709,65.466,0.0
490,490,12000.0,3990486.428305042,7756831.949598116,3949340.382765709,65.466,0.0
491,491,12000.0,3990486.428305042,7756831.949598116,981348.6162800256,65.466,0.0
492,492,12000.0,3990486.428305042,32687995.903757904,981348.6162800256,65.466,0.0
493,493,12000.0,3990486.428305042,7756831.949598116,981348.6162800256,65.466,0.0
494,494,12000.0,3990486.428305042,7756831.949598116,0.0,65.466,0.0
495,495,3600.0,0.0,0.0,0.0,65.466,109.82249790538162
496,496,12000.0,3990486.428305042,0.0,0.0,65.466,0.0
497,497,12000.0,3990486.428305042,7756831.949598116,0.0,65.466,0.0
498,498,12000.0,3990486.428305042,0.0,0.0,65.466,0.0
499,499,12000.0,3990486.428305042,0.0,0.0,65.466,0.0
500,500,3600.0,0.0,0.0,0.0,65.466,109.82249790538162
501,501,3600.0,0.0,0.0,0.0,65.466,109.82249790538162
502,502,3600.0,0.0,0.0,0.0,65.466,109.82249790538162
503,503,12000.0,3990486.428305042,7756831.949598116,0.0,65.466,0.0
504,504,12000.0,3990486.428305042,3740974.0948758186,0.0,65.466,0.0
505,505,12000.0,3990486.428305042,3740974.0948758186,0.0,65.466,0.0
506,506,12000.0,3990486.428305042,3740974.0948758186,981348.6162800256,65.466,0.0
507,507,525.0,187549.5748279765,0.0,14311.333987417043,65.466,154.46507167618023
508,508,12000.0,3990486.428305042,0.0,3841566.954830231,65.466,0.0
509,509,12000.0,3990486.428305042,0.0,3841566.954830231,65.466,0.0
510,510,12000.0,3990486.428305042,0.0,2944045.848840077,65.466,0.0
511,511,36.0,115153.98854654259,75243.15764865973,0.0,65.466,161.56432974899988
512,512,11100.0,0.0,34231215.40217888,0.0,65.466,0.938171635141152
513,513,105.0,172209.02681128107,135744.55911796706,0.0,65.466,160.5625939473137
514,514,12000.0,3990486.428305042,7756831.949598116,0.0,65.466,0.0
515,515,3600.0,0.0,0.0,0.0,65.466,109.82249790538162
516,516,3600.0,0.0,0.0,0.0,65.466,109.82249790538162
517,517,3600.0,0.0,0.0,0.0,65.466,109.82249790538162
518,518,525.0,0.0,0.0,168068.5542738226,65.466,154.46507167618023
519,519,12000.0,1330162.1427683474,0.0,11524700.864490692,65.466,0.0
520,520,12000.0,0.0,0.0,11524700.864490692,65.466,0.0
521,521,12000.0,0.0,7756831.949598116,11524700.864490692,65.466,0.0
522,522,3600.0,0.0,0.0,0.0,65.466,109.82249790538162
523,523,3600.0,0.0,0.0,0.0,65.466,109.82249790538162
524,524,3600.0,0.0,0.0,0.0,65.466,109.82249790538162
525,525,3600.0,0.0,0.0,0.0,65.466,109.82249790538162
526,526,3600.0,0.0,0.0,0.0,65.466,109.82249790538162
527,527,3600.0,0.0,0.0,0.0,65.466,109.82249790538162
528,528,3600.0,0.0,0.0,0.0,65.466,109.82249790538162
529,529,3600.0,0.0,0.0,0.0,65.466,109.82249790538162
530,530,3600.0,0.0,0.0,0.0,65.466,109.82249790538162
531,531,3600.0,0.0,0.0,0.0,65.466,109.82249790538162
532,532,12000.0,1330162.1427683474,0.0,0.0,65.466,0.0
533,533,12000.0,3990486.428305042,0.0,0.0,65.466,0.0
534,534,12000.0,3990486.428305042,55510079.03056037,0.0,65.466,0.0
535,535,12000.0,3990486.428305042,55510079.03056037,0.0,65.466,0.0
536,536,12000.0,3990486.428305042,55510079.03056037,0.0,65.466,0.0
537,537,12000.0,3990486.428305042,55510079.03056037,0.0,65.466,0.0
538,538,525.0,187549.5748279765,809521.9858623386,0.0,65.466,154.46507167618023
539,539,525.0,0.0,809521.9858623386,57594.54724866659,65.466,154.46507167618023
540,540,12000.0,0.0,0.0,3949340.382765709,65.466,0.0
541,541,12000.0,3990486.428305042,0.0,0.0,65.466,0.0
542,542,12000.0,3990486.428305042,0.0,0.0,65.466,0.0
543,543,12000.0,3990486.428305042,0.0,2944045.848840077,65.466,0.0
544,544,525.0,187549.5748279765,18185.290738979675,57594.54724866659,65.466,154.46507167618023
545,545,525.0,0.0,18185.290738979675,57594.54724866659,65.466,154.46507167618023
546,546,525.0,0.0,0.0,42934.00196225112,65.466,154.46507167618023
547,547,3600.0,0.0,0.0,0.0,65.466,109.82249790538162
548,548,3600.0,0.0,0.0,0.0,65.466,109.82249790538162
549,549,3600.0,0.0,0.0,0.0,65.466,109.82249790538162
550,550,3600.0,0.0,0.0,0.0,65.466,109.82249790538162
551,551,3600.0,0.0,0.0,0.0,65.466,109.82249790538162
552,552,3600.0,0.0,0.0,0.0,65.466,109.82249790538162
553,553,3600.0,0.0,0.0,0.0,65.466,109.82249790538162
554,554,3600.0,0.0,0.0,0.0,65.466,109.82249790538162
555,555,12000.0,1330162.1427683474,55510079.03056037,10531574.354041893,65.466,0.0
556,556,11100.0,661996.5854563762,34231215.40217888,811808.8564573956,65.466,0.938171635141152
557,557,11100.0,661996.5854563762,11410405.134059627,811808.8564573956,65.466,0.938171635141152
558,558,11100.0,0.0,0.0,1815494.9401180474,65.466,0.938171635141152
559,559,11100.0,0.0,0.0,1815494.9401180474,65.466,0.938171635141152
560,560,39.0,194651.05373628423,28369.05355280829,0.0,65.466,161.52077601849177
561,561,105.0,401821.0625596558,0.0,0.0,65.466,160.5625939473137
562,562,525.0,187549.5748279765,0.0,0.0,65.466,154.46507167618023
563,563,3600.0,0.0,0.0,0.0,65.466,109.82249790538162
564,564,3600.0,0.0,0.0,0.0,65.466,109.82249790538162
565,565,3600.0,0.0,0.0,0.0,65.466,109.82249790538162
566,566,3600.0,0.0,0.0,0.0,65.466,109.82249790538162
567,567,3600.0,0.0,0.0,0.0,65.466,109.82249790538162
568,568,3600.0,0.0,0.0,0.0,65.466,109.82249790538162
569,569,12000.0,3990486.428305042,28441717.148526426,3949340.382765709,65.466,0.0
570,570,525.0,187549.5748279765,37706.82197721307,57594.54724866659,65.466,154.46507167618023
571,571,525.0,187549.5748279765,18185.290738979675,57594.54724866659,65.466,154.46507167618023
572,572,525.0,187549.5748279765,0.0,42934.00196225112,65.466,154.46507167618023
573,573,525.0,187549.5748279765,54555.872216939024,42934.00196225112,65.466,154.46507167618023
574,574,525.0,187549.5748279765,0.0,14311.333987417043,65.466,154.46507167618023
575,575,525.0,187549.5748279765,0.0,0.0,65.466,154.46507167618023
576,576,12000.0,1330162.1427683474,0.0,0.0,65.466,0.0
577,577,12000.0,0.0,7756831.949598116,0.0,65.466,0.0
578,578,525.0,0.0,37706.82197721307,0.0,65.466,154.46507167618023
579,579,3600.0,0.0,0.0,0.0,65.466,109.82249790538162
580,580,3600.0,0.0,0.0,0.0,65.466,109.82249790538162
581,581,3600.0,0.0,0.0,0.0,65.466,109.82249790538162
582,582,3600.0,0.0,0.0,0.0,65.466,109.82249790538162
583,583,12000.0,3990486.428305042,0.0,1316446.7942552364,65.466,0.0
584,584,12000.0,3990486.428305042,0.0,3949340.382765709,65.466,0.0
585,585,12000.0,3990486.428305042,0.0,3949340.382765709,65.466,0.0
586,586,3600.0,0.0,0.0,0.0,65.466,109.82249790538162
587,587,12000.0,3990486.428305042,0.0,3949340.382765709,65.466,0.0
588,588,12000.0,3990486.428305042,0.0,1316446.7942552364,65.466,0.0
589,589,12000.0,3990486.428305042,0.0,1316446.7942552364,65.466,0.0
590,590,12000.0,3990486.428305042,0.0,1316446.7942552364,65.466,0.0
591,591,525.0,187549.5748279765,54555.872216939024,123377.46172488875,65.466,154.46507167618023
592,592,525.0,62516.524942658834,54555.872216939024,11047.66749364594,65.466,154.46507167618023
593,593,525.0,62516.524942658834,809521.9858623386,10487.484384646827,65.466,154.46507167618023
594,594,525.0,187549.5748279765,809521.9858623386,10487.484384646827,65.466,154.46507167618023
595,595,12000.0,0.0,55510079.03056037,8460168.803992372,65.466,0.0
596,596,12000.0,0.0,7756831.949598116,0.0,65.466,0.0
597,597,12000.0,0.0,7756831.949598116,0.0,65.466,0.0
598,598,12000.0,0.0,7756831.949598116,0.0,65.466,0.0
599,599,12000.0,0.0,7756831.949598116,0.0,65.466,0.0
600,600,3600.0,0.0,0.0,0.0,65.466,109.82249790538162
601,601,3600.0,0.0,0.0,0.0,65.466,109.82249790538162
602,602,3600.0,0.0,0.0,0.0,65.466,109.82249790538162
603,603,3600.0,0.0,0.0,0.0,65.466,109.82249790538162
604,604,3600.0,0.0,0.0,0.0,65.466,109.82249790538162
605,605,525.0,187549.5748279765,0.0,19198.1824162222,65.466,154.46507167618023
606,606,525.0,187549.5748279765,0.0,57594.54724866659,65.466,154.46507167618023
607,607,3600.0,0.0,0.0,0.0,65.466,109.82249790538162
608,608,3600.0,0.0,0.0,0.0,65.466,109.82249790538162
609,609,3600.0,0.0,0.0,0.0,65.466,109.82249790538162
610,610,525.0,187549.5748279765,113120.4659316392,57594.54724866659,65.466,154.46507167618023
611,611,525.0,187549.5748279765,54555.872216939024,134387.27691355534,65.466,154.46507167618023
612,612,525.0,187549.5748279765,54555.872216939024,153585.45932977757,65.466,154.46507167618023
613,613,525.0,187549.5748279765,809521.9858623386,19198.1824162222,65.466,154.46507167618023
614,614,525.0,0.0,0.0,42934.00196225112,65.466,154.46507167618023
615,615,525.0,0.0,0.0,14311.333987417043,65.466,154.46507167618023
616,616,12000.0,3990486.428305042,0.0,0.0,65.466,0.0
617,617,12000.0,3990486.428305042,0.0,3949340.382765709,65.466,0.0
618,618,12000.0,3990486.428305042,0.0,0.0,65.466,0.0
619,619,12000.0,0.0,0.0,0.0,65.466,0.0
620,620,12000.0,0.0,55510079.03056037,11848021.14829713,65.466,0.0
621,621,3600.0,0.0,0.0,0.0,65.466,109.82249790538162
622,622,3600.0,0.0,0.0,0.0,65.466,109.82249790538162
623,623,3600.0,0.0,0.0,0.0,65.466,109.82249790538162
624,624,12000.0,1330162.1427683474,7756831.949598116,3949340.382765709,65.466,0.0
625,625,12000.0,0.0,7756831.949598116,3949340.382765709,65.466,0.0
626,626,12000.0,0.0,7756831.949598116,3949340.382765709,65.466,0.0
627,627,12000.0,0.0,1246991.3649586062,3949340.382765709,65.466,0.0
628,628,525.0,0.0,18185.290738979675,42934.00196225112,65.466,154.46507167618023
629,629,3600.0,0.0,0.0,0.0,65.466,109.82249790538162
630,630,525.0,0.0,0.0,57594.54724866659,65.466,154.46507167618023
631,631,525.0,187549.5748279765,0.0,57594.54724866659,65.466,154.46507167618023
632,632,3600.0,0.0,0.0,0.0,65.466,109.82249790538162
633,633,3600.0,0.0,0.0,0.0,65.466,109.82249790538162
634,634,3600.0,0.0,0.0,0.0,65.466,109.82249790538162
635,635,3600.0,0.0,0.0,0.0,65.466,109.82249790538162
636,636,3600.0,0.0,0.0,0.0,65.466,109.82249790538162
637,637,3600.0,0.0,0.0,0.0,65.466,109.82249790538162
638,638,3600.0,0.0,0.0,0.0,65.466,109.82249790538162
639,639,3600.0,0.0,0.0,0.0,65.466,109.82249790538162
640,640,3600.0,0.0,0.0,0.0,65.466,109.82249790538162
641,641,3600.0,0.0,0.0,0.0,65.466,109.82249790538162
642,642,12000.0,1330162.1427683474,0.0,981348.6162800256,65.466,0.0
643,643,12000.0,3990486.428305042,0.0,8460168.803992372,65.466,0.0
644,644,12000.0,3990486.428305042,7756831.949598116,981348.6162800256,65.466,0.0
645,645,12000.0,3990486.428305042,7756831.949598116,981348.6162800256,65.466,0.0
646,646,12000.0,3990486.428305042,0.0,2944045.848840077,65.466,0.0
647,647,12000.0,0.0,0.0,2944045.848840077,65.466,0.0
648,648,3600.0,0.0,0.0,0.0,65.466,109.82249790538162
649,649,3600.0,0.0,0.0,0.0,65.466,109.82249790538162
650,650,3600.0,0.0,0.0,0.0,65.466,109.82249790538162
651,651,12000.0,0.0,0.0,0.0,65.466,0.0
652,652,12000.0,0.0,0.0,0.0,65.466,0.0
653,653,525.0,0.0,0.0,14311.333987417043,65.466,154.46507167618023
654,654,525.0,0.0,0.0,168068.5542738226,65.466,154.46507167618023
655,655,525.0,437615.6745986119,0.0,168068.5542738226,65.466,154.46507167618023
656,656,525.0,62516.524942658834,0.0,57594.54724866659,65.466,154.46507167618023
657,657,525.0,62516.524942658834,0.0,57594.54724866659,65.466,154.46507167618023
658,658,3600.0,0.0,0.0,0.0,65.466,109.82249790538162
659,659,3600.0,0.0,0.0,0.0,65.466,109.82249790538162
660,660,3600.0,0.0,0.0,0.0,65.466,109.82249790538162
661,661,12000.0,9311134.999378432,55510079.03056037,0.0,65.466,0.0
662,662,39.0,55614.586781795486,58822.642284452384,0.0,65.466,161.52077601849177
663,663,39.0,83421.88017269323,58822.642284452384,0.0,65.466,161.52077601849177
664,664,525.0,187549.5748279765,54555.872216939024,19198.1824162222,65.466,154.46507167618023
665,665,12000.0,3990486.428305042,720492.2527064686,0.0,65.466,0.0
666,666,12000.0,0.0,0.0,0.0,65.466,0.0
667,667,12000.0,0.0,0.0,0.0,65.466,0.0
668,668,12000.0,0.0,0.0,887930.454646928,65.466,0.0
669,669,3600.0,0.0,0.0,0.0,65.466,109.82249790538162
670,670,3600.0,0.0,0.0,0.0,65.466,109.82249790538162
671,671,3600.0,0.0,0.0,0.0,65.466,109.82249790538162
672,672,3600.0,0.0,0.0,0.0,65.466,109.82249790538162
673,673,525.0,0.0,0.0,0.0,65.466,154.46507167618023
674,674,525.0,0.0,0.0,0.0,65.466,154.46507167618023
675,675,12000.0,0.0,0.0,0.0,65.466,0.0
676,676,3600.0,0.0,0.0,0.0,65.466,109.82249790538162
677,677,3600.0,0.0,0.0,0.0,65.466,109.82249790538162
678,678,3600.0,0.0,0.0,0.0,65.466,109.82249790538162
679,679,3600.0,0.0,0.0,0.0,65.466,109.82249790538162
680,680,12000.0,0.0,74013438.70741381,0.0,65.466,0.0
681,681,525.0,0.0,269840.6619541128,0.0,65.466,154.46507167618023
682,682,12000.0,0.0,111020158.06112072,0.0,65.466,0.0
683,683,3600.0,0.0,0.0,0.0,65.466,109.82249790538162
684,684,3600.0,0.0,0.0,0.0,65.466,109.82249790538162
685,685,525.0,0.0,54555.872216939024,0.0,65.466,154.46507167618023
686,686,3600.0,0.0,0.0,0.0,65.466,109.82249790538162
687,687,3600.0,0.0,0.0,0.0,65.466,109.82249790538162
688,688,3600.0,0.0,0.0,0.0,65.466,109.82249790538162
689,689,3600.0,0.0,0.0,0.0,65.466,109.82249790538162
690,690,3600.0,0.0,0.0,0.0,65.466,109.82249790538162
691,691,3600.0,0.0,0.0,0.0,65.466,109.82249790538162
692,692,12000.0,3990486.428305042,7756831.949598116,3949340.382765709,65.466,0.0
693,693,12000.0,3990486.428305042,0.0,3949340.382765709,65.466,0.0
694,694,12000.0,3990486.428305042,0.0,3949340.382765709,65.466,0.0
695,695,3600.0,0.0,0.0,0.0,65.466,109.82249790538162
696,696,3600.0,0.0,0.0,0.0,65.466,109.82249790538162
697,697,12000.0,3990486.428305042,0.0,3949340.382765709,65.466,0.0
698,698,12000.0,0.0,0.0,3949340.382765709,65.466,0.0
699,699,12000.0,0.0,0.0,0.0,65.466,0.0
700,700,12000.0,0.0,0.0,0.0,65.466,0.0
701,701,12000.0,0.0,0.0,0.0,65.466,0.0
702,702,3600.0,0.0,0.0,0.0,65.466,109.82249790538162
703,703,12000.0,3990486.428305042,0.0,11524700.864490692,65.466,0.0
704,704,12000.0,0.0,0.0,25380506.41197712,65.466,0.0
705,705,12000.0,0.0,7756831.949598116,25380506.41197712,65.466,0.0
706,706,3600.0,0.0,0.0,0.0,65.466,109.82249790538162
707,707,12000.0,9311134.999378432,7756831.949598116,0.0,65.466,0.0
708,708,3600.0,0.0,0.0,0.0,65.466,109.82249790538162
709,709,12000.0,1330162.1427683474,0.0,2944045.848840077,65.466,0.0
710,710,12000.0,3990486.428305042,3740974.0948758186,2944045.848840077,65.466,0.0
711,711,12000.0,3990486.428305042,3740974.0948758186,2944045.848840077,65.466,0.0
712,712,12000.0,1330162.1427683474,3740974.0948758186,2944045.848840077,65.466,0.0
713,713,12000.0,1330162.1427683474,3740974.0948758186,2944045.848840077,65.466,0.0
714,714,12000.0,0.0,3740974.0948758186,2944045.848840077,65.466,0.0
715,715,12000.0,0.0,3740974.0948758186,2944045.848840077,65.466,0.0
716,716,3600.0,0.0,0.0,0.0,65.466,109.82249790538162
717,717,12000.0,0.0,1246991.3649586062,0.0,65.466,0.0
718,718,12000.0,0.0,0.0,981348.6162800256,65.466,0.0
719,719,12000.0,3990486.428305042,0.0,981348.6162800256,65.466,0.0
720,720,525.0,437615.6745986119,54555.872216939024,14311.333987417043,65.466,154.46507167618023
721,721,12000.0,9311134.999378432,3740974.0948758186,0.0,65.466,0.0
722,722,12000.0,3990486.428305042,3740974.0948758186,0.0,65.466,0.0
723,723,12000.0,1330162.1427683474,2585610.649866039,11524700.864490692,65.466,0.0
724,724,12000.0,1330162.1427683474,2585610.649866039,11524700.864490692,65.466,0.0
725,725,12000.0,1330162.1427683474,2585610.649866039,11524700.864490692,65.466,0.0
726,726,12000.0,1330162.1427683474,2585610.649866039,0.0,65.466,0.0
727,727,12000.0,1330162.1427683474,23270495.84879435,0.0,65.466,0.0
728,728,12000.0,1330162.1427683474,18099274.54906227,0.0,65.466,0.0
729,729,12000.0,1330162.1427683474,5171221.299732078,0.0,65.466,0.0
730,730,12000.0,1330162.1427683474,0.0,0.0,65.466,0.0
731,731,12000.0,1330162.1427683474,0.0,0.0,65.466,0.0
732,732,12000.0,1330162.1427683474,0.0,0.0,65.466,0.0
733,733,12000.0,1330162.1427683474,7756831.949598116,0.0,65.466,0.0
734,734,12000.0,3990486.428305042,7756831.949598116,2944045.848840077,65.466,0.0
735,735,12000.0,3990486.428305042,3740974.0948758186,0.0,65.466,0.0
736,736,12000.0,3990486.428305042,3740974.0948758186,0.0,65.466,0.0
737,737,12000.0,0.0,0.0,0.0,65.466,0.0
738,738,12000.0,0.0,0.0,0.0,65.466,0.0
739,739,12000.0,3990486.428305042,0.0,0.0,65.466,0.0
740,740,12000.0,0.0,0.0,0.0,65.466,0.0
741,741,12000.0,0.0,0.0,0.0,65.466,0.0
742,742,12000.0,0.0,3740974.0948758186,0.0,65.466,0.0
743,743,12000.0,13301621.42768347,3740974.0948758186,3949340.382765709,65.466,0.0
744,744,3600.0,0.0,0.0,0.0,65.466,109.82249790538162
745,745,3600.0,0.0,0.0,0.0,65.466,109.82249790538162
746,746,3600.0,0.0,0.0,0.0,65.466,109.82249790538162
747,747,3600.0,0.0,0.0,0.0,65.466,109.82249790538162
748,748,3600.0,0.0,0.0,0.0,65.466,109.82249790538162
749,749,3600.0,0.0,0.0,0.0,65.466,109.82249790538162
750,750,3600.0,0.0,0.0,0.0,65.466,109.82249790538162
751,751,3600.0,0.0,0.0,0.0,65.466,109.82249790538162
752,752,3600.0,0.0,0.0,0.0,65.466,109.82249790538162
753,753,3600.0,0.0,0.0,0.0,65.466,109.82249790538162
754,754,3600.0,0.0,0.0,0.0,65.466,109.82249790538162
755,755,3600.0,0.0,0.0,0.0,65.466,109.82249790538162
756,756,12000.0,0.0,0.0,2944045.848840077,65.466,0.0
757,757,3600.0,0.0,0.0,0.0,65.466,109.82249790538162
758,758,12000.0,0.0,0.0,2944045.848840077,65.466,0.0
759,759,525.0,0.0,0.0,42934.00196225112,65.466,154.46507167618023
760,760,525.0,0.0,0.0,42934.00196225112,65.466,154.46507167618023
761,761,525.0,0.0,0.0,42934.00196225112,65.466,154.46507167618023
762,762,525.0,187549.5748279765,0.0,3892.576873852333,65.466,154.46507167618023
763,763,3600.0,0.0,0.0,0.0,65.466,109.82249790538162
764,764,3600.0,0.0,0.0,0.0,65.466,109.82249790538162
765,765,3600.0,0.0,0.0,0.0,65.466,109.82249790538162
766,766,12000.0,0.0,0.0,3949340.382765709,65.466,0.0
767,767,12000.0,5320648.57107339,0.0,2944045.848840077,65.466,0.0
768,768,12000.0,1330162.1427683474,0.0,3949340.382765709,65.466,0.0
769,769,12000.0,0.0,3740974.0948758186,2944045.848840077,65.466,0.0
770,770,12000.0,0.0,3740974.0948758186,2944045.848840077,65.466,0.0
771,771,12000.0,0.0,3740974.0948758186,3949340.382765709,65.466,0.0
772,772,3600.0,0.0,0.0,0.0,65.466,109.82249790538162
773,773,3600.0,0.0,0.0,0.0,65.466,109.82249790538162
774,774,3600.0,0.0,0.0,0.0,65.466,109.82249790538162
775,775,525.0,62516.524942658834,809521.9858623386,42934.00196225112,65.466,154.46507167618023
776,776,12000.0,1330162.1427683474,0.0,2944045.848840077,65.466,0.0
777,777,12000.0,1330162.1427683474,7756831.949598116,2944045.848840077,65.466,0.0
778,778,12000.0,0.0,3740974.0948758186,3949340.382765709,65.466,0.0
779,779,525.0,187549.5748279765,54555.872216939024,57594.54724866659,65.466,154.46507167618023
780,780,525.0,62516.524942658834,54555.872216939024,57594.54724866659,65.466,154.46507167618023
781,781,525.0,0.0,0.0,57594.54724866659,65.466,154.46507167618023
782,782,525.0,0.0,0.0,57594.54724866659,65.466,154.46507167618023
783,783,525.0,0.0,0.0,14311.333987417043,65.466,154.46507167618023
784,784,525.0,0.0,0.0,14311.333987417043,65.466,154.46507167618023
785,785,12000.0,0.0,0.0,0.0,65.466,0.0
786,786,12000.0,1330162.1427683474,0.0,0.0,65.466,0.0
787,787,12000.0,1330162.1427683474,3740974.0948758186,3949340.382765709,65.466,0.0
788,788,12000.0,1330162.1427683474,3740974.0948758186,3949340.382765709,65.466,0.0
789,789,3600.0,0.0,0.0,0.0,65.466,109.82249790538162
790,790,3600.0,0.0,0.0,0.0,65.466,109.82249790538162
791,791,12000.0,3990486.428305042,0.0,0.0,65.466,0.0
792,792,3600.0,0.0,0.0,0.0,65.466,109.82249790538162
793,793,3600.0,0.0,0.0,0.0,65.466,109.82249790538162
794,794,3600.0,0.0,0.0,0.0,65.466,109.82249790538162
795,795,3600.0,0.0,0.0,0.0,65.466,109.82249790538162
796,796,3600.0,0.0,0.0,0.0,65.466,109.82249790538162
797,797,3600.0,0.0,0.0,0.0,65.466,109.82249790538162
798,798,3600.0,0.0,0.0,0.0,65.466,109.82249790538162
799,799,3600.0,0.0,0.0,0.0,65.466,109.82249790538162
800,800,3600.0,0.0,0.0,0.0,65.466,109.82249790538162
801,801,525.0,187549.5748279765,809521.9858623386,0.0,65.466,154.46507167618023
802,802,525.0,187549.5748279765,54555.872216939024,0.0,65.466,154.46507167618023
803,803,12000.0,3990486.428305042,55510079.03056037,0.0,65.466,0.0
804,804,12000.0,3990486.428305042,55510079.03056037,2944045.848840077,65.466,0.0
805,805,3600.0,0.0,0.0,0.0,65.466,109.82249790538162
806,806,3600.0,0.0,0.0,0.0,65.466,109.82249790538162
807,807,3600.0,0.0,0.0,0.0,65.466,109.82249790538162
808,808,3600.0,0.0,0.0,0.0,65.466,109.82249790538162
809,809,3600.0,0.0,0.0,0.0,65.466,109.82249790538162
810,810,3600.0,0.0,0.0,0.0,65.466,109.82249790538162
811,811,3600.0,0.0,0.0,0.0,65.466,109.82249790538162
812,812,3600.0,0.0,0.0,0.0,65.466,109.82249790538162
813,813,525.0,125033.04988531767,54555.872216939024,0.0,65.466,154.46507167618023
814,814,525.0,187549.5748279765,113120.4659316392,168068.5542738226,65.466,154.46507167618023
815,815,12000.0,3990486.428305042,2585610.649866039,11524700.864490692,65.466,0.0
816,816,12000.0,3990486.428305042,7756831.949598116,3949340.382765709,65.466,0.0
817,817,12000.0,3990486.428305042,0.0,2944045.848840077,65.466,0.0
818,818,12000.0,3990486.428305042,0.0,2944045.848840077,65.466,0.0
819,819,12000.0,0.0,0.0,140713.72956806712,65.466,0.0
820,820,12000.0,0.0,0.0,140713.72956806712,65.466,0.0
821,821,12000.0,0.0,0.0,0.0,65.466,0.0
822,822,12000.0,3990486.428305042,0.0,0.0,65.466,0.0
823,823,3600.0,0.0,0.0,0.0,65.466,109.82249790538162
824,824,11100.0,0.0,0.0,0.0,65.466,0.938171635141152
825,825,11100.0,0.0,0.0,7106898.866435927,65.466,0.938171635141152
826,826,105.0,0.0,98200.56999049026,302523.3976928807,65.466,160.5625939473137
827,827,36.0,0.0,13716.90501454467,126771.7095093976,65.466,161.56432974899988
828,828,36.0,0.0,41150.715043634016,0.0,65.466,161.56432974899988
829,829,525.0,0.0,54555.872216939024,0.0,65.466,154.46507167618023
830,830,525.0,0.0,54555.872216939024,0.0,65.466,154.46507167618023
831,831,525.0,312582.6247132942,54555.872216939024,0.0,65.466,154.46507167618023
832,832,525.0,562648.7244839296,0.0,0.0,65.466,154.46507167618023
833,833,525.0,125033.04988531767,0.0,0.0,65.466,154.46507167618023
834,834,3600.0,0.0,0.0,0.0,65.466,109.82249790538162
835,835,3600.0,0.0,0.0,0.0,65.466,109.82249790538162
836,836,3600.0,0.0,0.0,0.0,65.466,109.82249790538162
837,837,3600.0,0.0,0.0,0.0,65.466,109.82249790538162
838,838,3600.0,0.0,0.0,0.0,65.466,109.82249790538162
839,839,12000.0,1330162.1427683474,0.0,0.0,65.466,0.0
840,840,12000.0,1330162.1427683474,0.0,2944045.848840077,65.466,0.0
841,841,12000.0,0.0,0.0,0.0,65.466,0.0
842,842,12000.0,0.0,0.0,0.0,65.466,0.0
843,843,12000.0,1330162.1427683474,0.0,0.0,65.466,0.0
844,844,12000.0,0.0,0.0,2944045.848840077,65.466,0.0
845,845,12000.0,3990486.428305042,0.0,3949340.382765709,65.466,0.0
846,846,12000.0,3990486.428305042,0.0,3949340.382765709,65.466,0.0
847,847,3600.0,0.0,0.0,0.0,65.466,109.82249790538162
848,848,3600.0,0.0,0.0,0.0,65.466,109.82249790538162
849,849,12000.0,0.0,2585610.649866039,0.0,65.466,0.0
850,850,12000.0,3990486.428305042,2585610.649866039,0.0,65.466,0.0
851,851,12000.0,0.0,0.0,0.0,65.466,0.0
852,852,12000.0,0.0,28441717.148526426,11524700.864490692,65.466,0.0
853,853,12000.0,0.0,0.0,11524700.864490692,65.466,0.0
854,854,12000.0,0.0,2585610.649866039,3949340.382765709,65.466,0.0
855,855,3600.0,0.0,0.0,0.0,65.466,109.82249790538162
856,856,12000.0,1330162.1427683474,0.0,11524700.864490692,65.466,0.0
857,857,12000.0,1330162.1427683474,0.0,11524700.864490692,65.466,0.0
858,858,12000.0,1330162.1427683474,0.0,11524700.864490692,65.466,0.0
859,859,12000.0,1330162.1427683474,0.0,2944045.848840077,65.466,0.0
860,860,12000.0,1330162.1427683474,0.0,2944045.848840077,65.466,0.0
861,861,12000.0,1330162.1427683474,3740974.0948758186,2944045.848840077,65.466,0.0
862,862,12000.0,1330162.1427683474,0.0,2944045.848840077,65.466,0.0
863,863,525.0,62516.524942658834,0.0,57594.54724866659,65.466,154.46507167618023
864,864,3600.0,0.0,0.0,0.0,65.466,109.82249790538162
865,865,12000.0,0.0,7756831.949598116,0.0,65.466,0.0
866,866,12000.0,0.0,7756831.949598116,0.0,65.466,0.0
867,867,12000.0,0.0,7756831.949598116,0.0,65.466,0.0
868,868,12000.0,0.0,7756831.949598116,981348.6162800256,65.466,0.0
869,869,12000.0,0.0,7756831.949598116,981348.6162800256,65.466,0.0
870,870,12000.0,0.0,55510079.03056037,981348.6162800256,65.466,0.0
871,871,12000.0,0.0,0.0,981348.6162800256,65.466,0.0
872,872,3600.0,0.0,0.0,0.0,65.466,109.82249790538162
873,873,3600.0,0.0,0.0,0.0,65.466,109.82249790538162
874,874,3600.0,0.0,0.0,0.0,65.466,109.82249790538162
875,875,12000.0,0.0,3740974.0948758186,171288.63005670437,65.466,0.0
876,876,12000.0,0.0,3740974.0948758186,2157425.359127347,65.466,0.0
877,877,12000.0,3990486.428305042,3740974.0948758186,1489987.588855949,65.466,0.0
878,878,12000.0,3990486.428305042,8728939.554710245,3949340.382765709,65.466,0.0
879,879,12000.0,3990486.428305042,9975930.91966885,1316446.7942552364,65.466,0.0
880,880,12000.0,3990486.428305042,13716905.01454467,981348.6162800256,65.466,0.0
881,881,12000.0,3990486.428305042,13716905.01454467,11524700.864490692,65.466,0.0
882,882,12000.0,3990486.428305042,0.0,171288.63005670437,65.466,0.0
883,883,12000.0,3990486.428305042,0.0,11524700.864490692,65.466,0.0
884,884,12000.0,3990486.428305042,0.0,11524700.864490692,65.466,0.0
885,885,4650.0,918938.5267416977,0.0,5954428.779986857,65.466,94.57869222754796
886,886,4650.0,918938.5267416977,1932836.61568584,2040492.531095616,65.466,94.57869222754796
887,887,11100.0,1985989.7563691288,2306934.025173422,811808.8564573956,65.466,0.938171635141152
888,888,11100.0,1985989.7563691288,2306934.025173422,605164.9800393492,65.466,0.938171635141152
889,889,11100.0,1985989.7563691288,2306934.025173422,0.0,65.466,0.938171635141152
890,890,12000.0,3990486.428305042,7756831.949598116,0.0,65.466,0.0
891,891,3600.0,0.0,0.0,0.0,65.466,109.82249790538162
892,892,3600.0,0.0,0.0,0.0,65.466,109.82249790538162
893,893,3600.0,0.0,0.0,0.0,65.466,109.82249790538162
894,894,12000.0,3990486.428305042,3740974.0948758186,3841566.954830231,65.466,0.0
895,895,12000.0,3990486.428305042,7756831.949598116,3841566.954830231,65.466,0.0
896,896,12000.0,3990486.428305042,3740974.0948758186,3841566.954830231,65.466,0.0
897,897,12000.0,2660324.285536695,7756831.949598116,3841566.954830231,65.466,0.0
898,898,12000.0,2660324.285536695,0.0,2944045.848840077,65.466,0.0
899,899,12000.0,1330162.1427683474,0.0,2944045.848840077,65.466,0.0
900,900,12000.0,1330162.1427683474,12928053.249330195,2944045.848840077,65.466,0.0
901,901,525.0,0.0,414775.0417493437,42934.00196225112,65.466,154.46507167618023
902,902,525.0,0.0,37706.82197721307,42934.00196225112,65.466,154.46507167618023
903,903,525.0,0.0,0.0,42934.00196225112,65.466,154.46507167618023
904,904,525.0,0.0,0.0,57594.54724866659,65.466,154.46507167618023
905,905,525.0,187549.5748279765,0.0,0.0,65.466,154.46507167618023
906,906,3600.0,0.0,0.0,0.0,65.466,109.82249790538162
907,907,3600.0,0.0,0.0,0.0,65.466,109.82249790538162
908,908,3600.0,0.0,0.0,0.0,65.466,109.82249790538162
909,909,525.0,187549.5748279765,0.0,57594.54724866659,65.466,154.46507167618023
910,910,12000.0,3990486.428305042,0.0,3949340.382765709,65.466,0.0
911,911,12000.0,3990486.428305042,3740974.0948758186,2944045.848840077,65.466,0.0
912,912,12000.0,3990486.428305042,3740974.0948758186,3949340.382765709,65.466,0.0
913,913,12000.0,3990486.428305042,55510079.03056037,0.0,65.466,0.0
914,914,12000.0,3990486.428305042,0.0,0.0,65.466,0.0
915,915,12000.0,3990486.428305042,2585610.649866039,0.0,65.466,0.0
916,916,39.0,83421.88017269323,19607.5474281508,0.0,65.466,161.52077601849177
917,917,12000.0,0.0,1246991.3649586062,0.0,65.466,0.0
918,918,12000.0,2660324.285536695,0.0,0.0,65.466,0.0
919,919,12000.0,2660324.285536695,3740974.0948758186,0.0,65.466,0.0
920,920,12000.0,6650810.713841735,3740974.0948758186,0.0,65.466,0.0
921,921,12000.0,11971459.284915125,3740974.0948758186,0.0,65.466,0.0
922,922,12000.0,5320648.57107339,3740974.0948758186,0.0,65.466,0.0
923,923,3600.0,0.0,0.0,0.0,65.466,109.82249790538162
924,924,3600.0,0.0,0.0,0.0,65.466,109.82249790538162
925,925,3600.0,0.0,0.0,0.0,65.466,109.82249790538162
926,926,3600.0,0.0,0.0,0.0,65.466,109.82249790538162
927,927,3600.0,0.0,0.0,0.0,65.466,109.82249790538162
928,928,11100.0,0.0,11410405.134059627,0.0,65.466,0.938171635141152
929,929,11100.0,1985989.7563691288,768978.0083911406,0.0,65.466,0.938171635141152
930,930,11100.0,1985989.7563691288,1594459.9007507241,0.0,65.466,0.938171635141152
931,931,525.0,187549.5748279765,0.0,0.0,65.466,154.46507167618023
932,932,12000.0,3990486.428305042,0.0,0.0,65.466,0.0
933,933,12000.0,3990486.428305042,0.0,0.0,65.466,0.0
934,934,12000.0,3990486.428305042,2585610.649866039,3841566.954830231,65.466,0.0
935,935,12000.0,3990486.428305042,20684885.19892831,3841566.954830231,65.466,0.0
936,936,12000.0,3990486.428305042,2585610.649866039,1316446.7942552364,65.466,0.0
937,937,12000.0,0.0,2585610.649866039,981348.6162800256,65.466,0.0
938,938,3600.0,0.0,0.0,0.0,65.466,109.82249790538162
939,939,3600.0,0.0,0.0,0.0,65.466,109.82249790538162
940,940,12000.0,3990486.428305042,18503359.67685345,2944045.848840077,65.466,0.0
941,941,12000.0,0.0,2585610.649866039,0.0,65.466,0.0
942,942,12000.0,0.0,0.0,0.0,65.466,0.0
943,943,12000.0,0.0,0.0,1316446.7942552364,65.466,0.0
944,944,12000.0,0.0,7756831.949598116,981348.6162800256,65.466,0.0
945,945,12000.0,0.0,0.0,981348.6162800256,65.466,0.0
946,946,12000.0,3990486.428305042,7756831.949598116,0.0,65.466,0.0
947,947,12000.0,3990486.428305042,7756831.949598116,1316446.7942552364,65.466,0.0
948,948,12000.0,1330162.1427683474,7756831.949598116,25380506.41197712,65.466,0.0
949,949,525.0,62516.524942658834,113120.4659316392,31462.453153940474,65.466,154.46507167618023
950,950,525.0,62516.524942658834,113120.4659316392,31462.453153940474,65.466,154.46507167618023
951,951,12000.0,1330162.1427683474,7756831.949598116,2944045.848840077,65.466,0.0
952,952,12000.0,1330162.1427683474,7756831.949598116,2944045.848840077,65.466,0.0
953,953,12000.0,1330162.1427683474,7756831.949598116,3949340.382765709,65.466,0.0
954,954,12000.0,1330162.1427683474,7756831.949598116,3949340.382765709,65.466,0.0
955,955,3600.0,0.0,0.0,0.0,65.466,109.82249790538162
956,956,3600.0,0.0,0.0,0.0,65.466,109.82249790538162
957,957,3600.0,0.0,0.0,0.0,65.466,109.82249790538162
958,958,3600.0,0.0,0.0,0.0,65.466,109.82249790538162
959,959,3600.0,0.0,0.0,0.0,65.466,109.82249790538162
960,960,3600.0,0.0,0.0,0.0,65.466,109.82249790538162
961,961,12000.0,0.0,7756831.949598116,3949340.382765709,65.466,0.0
962,962,12000.0,0.0,7756831.949598116,3949340.382765709,65.466,0.0
963,963,3600.0,0.0,0.0,0.0,65.466,109.82249790538162
964,964,3600.0,0.0,0.0,0.0,65.466,109.82249790538162
965,965,3600.0,0.0,0.0,0.0,65.466,109.82249790538162
966,966,3600.0,0.0,0.0,0.0,65.466,109.82249790538162
967,967,3600.0,0.0,0.0,0.0,65.466,109.82249790538162
968,968,11100.0,1985989.7563691288,34231215.40217888,1815494.9401180474,65.466,0.938171635141152
969,969,12000.0,3990486.428305042,55510079.03056037,2944045.848840077,65.466,0.0
970,970,12000.0,3990486.428305042,0.0,1489987.588855949,65.466,0.0
971,971,12000.0,3990486.428305042,0.0,2272663.027264308,65.466,0.0
972,972,12000.0,3990486.428305042,0.0,2157425.359127347,65.466,0.0
973,973,3600.0,0.0,0.0,0.0,65.466,109.82249790538162
974,974,3600.0,0.0,0.0,0.0,65.466,109.82249790538162
975,975,3600.0,0.0,0.0,0.0,65.466,109.82249790538162
976,976,3600.0,0.0,0.0,0.0,65.466,109.82249790538162
977,977,3600.0,0.0,0.0,0.0,65.466,109.82249790538162
978,978,3600.0,0.0,0.0,0.0,65.466,109.82249790538162
979,979,12000.0,1330162.1427683474,3740974.0948758186,0.0,65.466,0.0
980,980,3600.0,0.0,0.0,0.0,65.466,109.82249790538162
981,981,3600.0,0.0,0.0,0.0,65.466,109.82249790538162
982,982,12000.0,3990486.428305042,0.0,2944045.848840077,65.466,0.0
983,983,12000.0,3990486.428305042,0.0,0.0,65.466,0.0
984,984,12000.0,3990486.428305042,7756831.949598116,0.0,65.466,0.0
985,985,12000.0,3990486.428305042,7756831.949598116,0.0,65.466,0.0
986,986,12000.0,3990486.428305042,2585610.649866039,981348.6162800256,65.466,0.0
987,987,12000.0,3990486.428305042,2585610.649866039,981348.6162800256,65.466,0.0
988,988,12000.0,3990486.428305042,1246991.3649586062,0.0,65.466,0.0
989,989,12000.0,3990486.428305042,1246991.3649586062,0.0,65.466,0.0
990,990,12000.0,3990486.428305042,1246991.3649586062,981348.6162800256,65.466,0.0
991,991,12000.0,3990486.428305042,1246991.3649586062,981348.6162800256,65.466,0.0
992,992,12000.0,3990486.428305042,1246991.3649586062,981348.6162800256,65.466,0.0
993,993,12000.0,3990486.428305042,3740974.0948758186,981348.6162800256,65.466,0.0
994,994,12000.0,3990486.428305042,55510079.03056037,3841566.954830231,65.466,0.0
995,995,12000.0,3990486.428305042,5355952.741158959,2944045.848840077,65.466,0.0
996,996,12000.0,3990486.428305042,5355952.741158959,2944045.848840077,65.466,0.0
997,997,12000.0,3990486.428305042,2243617.053161213,3949340.382765709,65.466,0.0
998,998,36.0,0.0,24679.78758477334,43442.744210422796,65.466,161.56432974899988
999,999,525.0,0.0,809521.9858623386,57594.54724866659,65.466,154.46507167618023
