,index,w_ConstructionType,w_Age,w_ConstructionYear,w_HHSize,e_sqm,w_Income,Water,Electricity,w,wf
0,0,ConstructionType_hous,Age_39,ConstructionYear_1991,HHSize_3,71.9687238991,13664.904655000002,38.3510632877,1251.98435297,2098.206722972973,2098.2062068838372
1,1,ConstructionType_hous,Age_79,ConstructionYear_1991,HHSize_4,72.5805121053,13358.8291858,39.9159631988,1237.20751055,2098.206722972973,2098.218447193796
2,2,ConstructionType_hous,Age_64,ConstructionYear_1970,HHSize_3,73.0444886476,13760.0621083,36.5312311566,1305.80002479,2098.206722972973,2098.2024011567896
3,3,ConstructionType_hous,Age_39,ConstructionYear_2001,HHSize_4,73.5530240556,13819.453537200001,40.2405901069,1582.80837642,2098.206722972973,2098.200025891321
4,4,ConstructionType_hous,Age_79,ConstructionYear_1991,HHSize_3,71.91325747399999,13563.1822378,37.8344095483,967.3456029660001,2098.206722972973,2098.2102749354276
5,5,ConstructionType_hous,Age_79,ConstructionYear_1961,HHSize_1,71.7628107457,13589.6679859,27.5328028538,884.9316903710001,2098.206722972973,2098.209215761613
6,6,ConstructionType_hous,Age_54,ConstructionYear_1970,HHSize_2,73.2121155049,13588.2759886,31.074853945900003,923.286522578,2098.206722972973,2098.20927111904
7,7,ConstructionType_hous,Age_79,ConstructionYear_1981,HHSize_4,73.0159961342,13444.160887600001,41.112703613,1353.88674532,2098.206722972973,2098.2150345511886
8,8,ConstructionType_hous,Age_39,ConstructionYear_1970,HHSize_2,71.9999294155,13696.3339909,29.0907738309,1133.24176921,2098.206722972973,2098.2049499686864
9,9,ConstructionType_hous,Age_54,ConstructionYear_1970,HHSize_6,72.4016928233,13649.644284900001,48.2509440735,989.9972872669999,2098.206722972973,2098.206817077704
10,10,ConstructionType_hous,Age_39,ConstructionYear_1991,HHSize_3,72.6502419632,13850.460022,36.1829104573,1160.73853253,2098.206722972973,2098.1987860860577
11,11,ConstructionType_hous,Age_54,ConstructionYear_1970,HHSize_1,72.5027386757,13345.4326675,28.163469486799997,1108.69308296,2098.206722972973,2098.218982959008
12,12,ConstructionType_hous,Age_54,ConstructionYear_1991,HHSize_4,72.5039761571,13582.5751083,40.9090603979,1365.07028253,2098.206722972973,2098.2094992575626
13,13,ConstructionType_appt,Age_79,ConstructionYear_2030,HHSize_8,73.6500593125,13641.0215377,59.7350432822,1371.36407717,2098.206722972973,2098.207161650458
14,14,ConstructionType_appt,Age_39,ConstructionYear_2020,HHSize_5,73.0866492281,13600.486388299998,44.762535640900005,1282.97653926,2098.206722972973,2098.208782835747
15,15,ConstructionType_hous,Age_54,ConstructionYear_2001,HHSize_2,73.3521789012,13419.8400049,30.947109273699997,1213.50498982,2098.206722972973,2098.216007109821
16,16,ConstructionType_appt,Age_79,ConstructionYear_2016,HHSize_1,73.70154037270001,13546.40259,25.797474004,970.107394451,2098.206722972973,2098.210945600674
17,17,ConstructionType_appt,Age_79,ConstructionYear_2016,HHSize_1,74.3320097377,13438.8757981,26.055723485300003,1112.45671268,2098.206722972973,2098.2152456318836
18,18,ConstructionType_hous,Age_39,ConstructionYear_1991,HHSize_1,71.796807895,13793.514115099999,26.3566909216,1241.35508388,2098.206722972973,2098.201063626007
19,19,ConstructionType_hous,Age_54,ConstructionYear_1970,HHSize_2,72.4983140178,13532.3130454,30.8681372322,1170.51056629,2098.206722972973,2098.2115093181806
20,20,ConstructionType_hous,Age_54,ConstructionYear_2011,HHSize_3,72.9941614776,13792.321144999998,36.000313530999996,1527.44580293,2098.206722972973,2098.2011110777516
21,21,ConstructionType_appt,Age_54,ConstructionYear_2035,HHSize_3,73.8473576204,13686.614598600001,36.4554590944,1219.64157933,2098.206722972973,2098.2053382692907
22,22,ConstructionType_hous,Age_79,ConstructionYear_2030,HHSize_3,73.2198821098,13832.8649403,36.7980311865,971.3924189910001,2098.206722972973,2098.1994896190877
23,23,ConstructionType_hous,Age_79,ConstructionYear_2030,HHSize_3,73.8040984819,13796.503029499998,36.3007611251,1116.3773912000001,2098.206722972973,2098.200943664288
24,24,ConstructionType_hous,Age_39,ConstructionYear_2016,HHSize_1,72.1650441013,13800.742444299998,25.572723695900002,1352.94934241,2098.206722972973,2098.200774475156
25,25,ConstructionType_hous,Age_64,ConstructionYear_2030,HHSize_2,72.9441497495,13837.969195700001,31.5936845196,1294.32377652,2098.206722972973,2098.199285550971
26,26,ConstructionType_hous,Age_79,ConstructionYear_2030,HHSize_3,73.1206355845,13683.610778400001,37.3791713441,1483.21060389,2098.206722972973,2098.205458549804
27,27,ConstructionType_appt,Age_79,ConstructionYear_2030,HHSize_3,73.2218869527,13588.010881,35.178735253,1504.57887378,2098.206722972973,2098.209281721286
28,28,ConstructionType_hous,Age_54,ConstructionYear_2030,HHSize_3,74.53108396180001,13677.9168817,36.526069211999996,1333.90165262,2098.206722972973,2098.205685955884
29,29,ConstructionType_hous,Age_79,ConstructionYear_2001,HHSize_4,71.8769966716,13687.6397682,40.9614465518,1252.36245598,2098.206722972973,2098.2052976902896
30,30,ConstructionType_hous,Age_64,ConstructionYear_2035,HHSize_4,73.9672598245,13958.579538799999,41.7181467945,1335.68139689,2098.206722972973,2098.194461934224
31,31,ConstructionType_appt,Age_29,ConstructionYear_1991,HHSize_4,74.1527725183,13750.425704,39.413174217199995,1233.49069158,2098.206722972973,2098.2027862975306
32,32,ConstructionType_appt,Age_54,ConstructionYear_1991,HHSize_4,72.2652954969,13559.1075872,40.981942631500004,1095.57189043,2098.206722972973,2098.2104378142108
33,33,ConstructionType_hous,Age_79,ConstructionYear_2035,HHSize_4,74.6117658036,13689.3931373,41.6415394678,1486.78426721,2098.206722972973,2098.2052269853552
34,34,ConstructionType_hous,Age_39,ConstructionYear_1991,HHSize_3,73.0653278171,13433.651351100001,34.045956263,1100.00942245,2098.206722972973,2098.21545483379
35,35,ConstructionType_hous,Age_79,ConstructionYear_1961,HHSize_2,72.1638299642,13661.534622699999,29.764914596,1260.27947258,2098.206722972973,2098.2063416150545
36,36,ConstructionType_hous,Age_39,ConstructionYear_2011,HHSize_5,72.5463465313,13701.9824137,46.0450905715,1117.4901178,2098.206722972973,2098.2047239626113
37,37,ConstructionType_hous,Age_39,ConstructionYear_2011,HHSize_6,73.1143698715,13694.565855300001,51.3014064724,1349.8131962000002,2098.206722972973,2098.205020441092
38,38,ConstructionType_hous,Age_39,ConstructionYear_2001,HHSize_2,72.2617747567,13474.7902894,31.4842883731,1104.81869415,2098.206722972973,2098.2138097948587
39,39,ConstructionType_hous,Age_54,ConstructionYear_1970,HHSize_4,72.5330889719,13541.219258899999,40.8147832525,1236.57927585,2098.206722972973,2098.211153137157
40,40,ConstructionType_hous,Age_64,ConstructionYear_2011,HHSize_1,72.9034919684,13723.4527477,26.1073643635,1184.5313830999999,2098.206722972973,2098.203865253756
41,41,ConstructionType_hous,Age_54,ConstructionYear_1961,HHSize_3,74.1555647027,13617.624067299997,36.3055353067,1236.56180172,2098.206722972973,2098.208097241128
42,42,ConstructionType_hous,Age_64,ConstructionYear_2030,HHSize_4,73.9888357891,13555.8826945,40.8511128577,1123.29135968,2098.206722972973,2098.2105664117657
43,43,ConstructionType_hous,Age_64,ConstructionYear_2016,HHSize_4,72.5763907983,13576.8743039,40.7307335426,1058.36185747,2098.206722972973,2098.2097272265096
44,44,ConstructionType_hous,Age_120,ConstructionYear_2001,HHSize_4,73.5248036057,13668.1947551,40.977618422199996,1162.23591346,2098.206722972973,2098.206074975182
45,45,ConstructionType_hous,Age_29,ConstructionYear_2030,HHSize_1,71.7484448383,13712.794964899998,26.932747437199996,1345.45717734,2098.206722972973,2098.2042917229055
46,46,ConstructionType_hous,Age_39,ConstructionYear_1981,HHSize_4,71.6113815513,13877.449499399998,41.542346382,1323.07648869,2098.206722972973,2098.197706956605
47,47,ConstructionType_hous,Age_54,ConstructionYear_1991,HHSize_4,73.0507215531,13655.5585955,42.3532363063,1145.26631721,2098.206722972973,2098.2065804157487
48,48,ConstructionType_appt,Age_79,ConstructionYear_1970,HHSize_3,73.2631935764,13382.477751100001,36.178497268899996,1472.70802177,2098.206722972973,2098.2175013067185
49,49,ConstructionType_hous,Age_54,ConstructionYear_1981,HHSize_3,73.3350399953,13542.7058462,35.0988463428,1218.98468663,2098.206722972973,2098.2110935143733
50,50,ConstructionType_hous,Age_54,ConstructionYear_2011,HHSize_3,73.0787405275,13615.180144999998,36.698069195500004,1519.92112804,2098.206722972973,2098.2081952078033
51,51,ConstructionType_hous,Age_120,ConstructionYear_1945,HHSize_2,73.5342244032,13531.4768383,31.25860684,1427.1675672000001,2098.206722972973,2098.211542538483
52,52,ConstructionType_appt,Age_64,ConstructionYear_1945,HHSize_3,72.9113052324,13713.178361200002,35.9336672114,1230.36753632,2098.206722972973,2098.2042761426483
53,53,ConstructionType_hous,Age_54,ConstructionYear_1970,HHSize_3,73.02501787060001,13687.164572799998,37.9217323278,1644.93703726,2098.206722972973,2098.205316448397
54,54,ConstructionType_hous,Age_64,ConstructionYear_1991,HHSize_5,72.32037503869999,13613.5741472,45.08111401520001,1053.58602155,2098.206722972973,2098.2082595966035
55,55,ConstructionType_hous,Age_120,ConstructionYear_1961,HHSize_5,73.8893023671,13820.1998316,47.3904680262,1299.89178833,2098.206722972973,2098.199995974613
56,56,ConstructionType_hous,Age_54,ConstructionYear_1961,HHSize_1,75.1363660659,13740.7695287,24.316774178600003,1017.33859471,2098.206722972973,2098.2031722505963
57,57,ConstructionType_hous,Age_64,ConstructionYear_2011,HHSize_1,74.6117483213,13855.6977995,24.478826693600002,1170.74557653,2098.206722972973,2098.1985761999354
58,58,ConstructionType_hous,Age_64,ConstructionYear_2001,HHSize_4,71.8658109311,13677.7933432,41.7024494549,1322.10457356,2098.206722972973,2098.2056914667464
59,59,ConstructionType_hous,Age_54,ConstructionYear_1991,HHSize_4,71.7303209182,13893.8120662,40.8381547923,1599.61110579,2098.206722972973,2098.197052565962
60,60,ConstructionType_hous,Age_54,ConstructionYear_1991,HHSize_3,71.7023481217,13750.4832361,36.000879714,1416.38784888,2098.206722972973,2098.2027845179796
61,61,ConstructionType_hous,Age_24,ConstructionYear_2020,HHSize_4,73.0999279142,13480.1857189,42.1344996718,1440.17391188,2098.206722972973,2098.2135938443134
62,62,ConstructionType_hous,Age_29,ConstructionYear_1991,HHSize_1,73.0887179751,13568.9101305,26.336689678699997,1322.62766275,2098.206722972973,2098.2100456176468
63,63,ConstructionType_hous,Age_79,ConstructionYear_1981,HHSize_5,72.98107489590001,13739.4480042,43.1908003551,1526.92552199,2098.206722972973,2098.2032255610525
64,64,ConstructionType_hous,Age_79,ConstructionYear_2035,HHSize_3,72.7745772342,13816.8915975,34.2255745521,1406.87394005,2098.206722972973,2098.200128513719
65,65,ConstructionType_hous,Age_79,ConstructionYear_1991,HHSize_5,72.9763722854,13648.694791400001,44.8710250417,1391.94261568,2098.206722972973,2098.2068549262717
66,66,ConstructionType_hous,Age_29,ConstructionYear_2011,HHSize_6,73.3822745897,13649.4223213,52.264365128,1102.02035265,2098.206722972973,2098.206825745188
67,67,ConstructionType_appt,Age_79,ConstructionYear_1945,HHSize_8,73.0485015854,13371.6362565,58.183228893199995,1621.90273212,2098.206722972973,2098.2179349216867
68,68,ConstructionType_hous,Age_29,ConstructionYear_1945,HHSize_7,74.0084606791,13921.5622637,56.000094456899994,1154.25511626,2098.206722972973,2098.195942305501
69,69,ConstructionType_hous,Age_54,ConstructionYear_1945,HHSize_7,74.26720148140001,13750.696606200001,52.4137930367,1344.43563422,2098.206722972973,2098.2027754368564
70,70,ConstructionType_hous,Age_54,ConstructionYear_1991,HHSize_5,73.0824190912,13582.412895500001,43.8939213335,1371.3102473,2098.206722972973,2098.2095056211438
71,71,ConstructionType_hous,Age_120,ConstructionYear_1991,HHSize_5,72.4703226872,13731.309173299998,47.0372569034,1247.29794086,2098.206722972973,2098.2035511557256
72,72,ConstructionType_appt,Age_54,ConstructionYear_2001,HHSize_5,72.6485247391,13709.4757311,44.48696096,1294.5397978,2098.206722972973,2098.2044242731117
73,73,ConstructionType_hous,Age_39,ConstructionYear_2011,HHSize_6,73.7796368619,13692.2918995,52.1515463706,1304.13565788,2098.206722972973,2098.2051112378344
74,74,ConstructionType_hous,Age_54,ConstructionYear_2030,HHSize_2,72.148493774,13546.674727599999,30.2989252096,1171.04258504,2098.206722972973,2098.210935046651
75,75,ConstructionType_hous,Age_54,ConstructionYear_2030,HHSize_3,72.7442216819,13534.833838600001,34.0551275872,1297.25130498,2098.206722972973,2098.211408454899
76,76,ConstructionType_hous,Age_54,ConstructionYear_2001,HHSize_1,72.5860957066,13590.261457799998,24.3200971107,1188.63175723,2098.206722972973,2098.2091918514093
77,77,ConstructionType_hous,Age_39,ConstructionYear_2035,HHSize_2,72.1139202951,13598.000942800001,31.308934449200002,1322.3007103,2098.206722972973,2098.2088824382045
78,78,ConstructionType_appt,Age_64,ConstructionYear_1981,HHSize_2,72.9727379054,13749.1597508,30.7904601469,1341.87005667,2098.206722972973,2098.2028371769798
79,79,ConstructionType_appt,Age_64,ConstructionYear_1945,HHSize_4,72.2859555994,13346.8296795,37.6987286938,1590.51683362,2098.206722972973,2098.2189271384664
80,80,ConstructionType_appt,Age_39,ConstructionYear_1945,HHSize_6,74.057756083,13609.8022785,49.793513311999995,951.1169126230001,2098.206722972973,2098.2084100707516
81,81,ConstructionType_hous,Age_79,ConstructionYear_1981,HHSize_7,74.4565564696,13583.395786399999,55.8587884053,1590.5500998,2098.206722972973,2098.209466020115
82,82,ConstructionType_hous,Age_54,ConstructionYear_2030,HHSize_4,73.2200351441,13715.059770299998,39.00249827,1255.5856456,2098.206722972973,2098.20420083374
83,83,ConstructionType_hous,Age_79,ConstructionYear_2016,HHSize_4,73.1918921591,13812.5829093,40.5046011362,1292.86856551,2098.206722972973,2098.200300735713
84,84,ConstructionType_hous,Age_79,ConstructionYear_2011,HHSize_4,73.6126160857,13570.2623752,40.1114928823,1358.90195849,2098.206722972973,2098.2099914262176
85,85,ConstructionType_hous,Age_64,ConstructionYear_2001,HHSize_7,73.353506179,13787.0794437,54.5394510382,1458.58340053,2098.206722972973,2098.2013206252964
86,86,ConstructionType_hous,Age_64,ConstructionYear_1961,HHSize_7,73.46742738409999,13793.8251456,54.4261743068,1436.38920333,2098.206722972973,2098.201050829776
87,87,ConstructionType_hous,Age_54,ConstructionYear_2001,HHSize_3,72.8373973515,13604.530494999999,37.200677844,1537.16980231,2098.206722972973,2098.208621155661
88,88,ConstructionType_hous,Age_54,ConstructionYear_2001,HHSize_5,72.9395085058,13691.5146813,44.7404455545,1346.11043276,2098.206722972973,2098.2051424992055
89,89,ConstructionType_hous,Age_64,ConstructionYear_1981,HHSize_4,74.5003997571,13697.6392044,39.8155531492,1335.1058653,2098.206722972973,2098.2048972356583
90,90,ConstructionType_hous,Age_120,ConstructionYear_2016,HHSize_4,74.8828481286,13752.3829371,39.885821689400004,1287.47773723,2098.206722972973,2098.2027078665055
91,91,ConstructionType_hous,Age_79,ConstructionYear_2016,HHSize_4,73.4953560726,13597.778954499998,40.94725143,1540.93034991,2098.206722972973,2098.208891019933
92,92,ConstructionType_hous,Age_39,ConstructionYear_1981,HHSize_3,73.979095035,13532.9793847,34.2212752552,1274.57904516,2098.206722972973,2098.2114823534534
93,93,ConstructionType_hous,Age_64,ConstructionYear_1991,HHSize_5,74.12359811430001,13363.636105,42.55574224,1404.60186762,2098.206722972973,2098.2182546275417
94,94,ConstructionType_hous,Age_79,ConstructionYear_2030,HHSize_5,72.6310717934,13676.216454899999,44.6507459334,1235.44478683,2098.206722972973,2098.2057543654932
95,95,ConstructionType_hous,Age_79,ConstructionYear_1981,HHSize_5,74.1945898963,13578.823710100001,46.285832563,1361.60905937,2098.206722972973,2098.209648920425
96,96,ConstructionType_hous,Age_39,ConstructionYear_1970,HHSize_4,72.712711895,13762.636932700003,40.8472430693,1232.13746459,2098.206722972973,2098.2022982568515
97,97,ConstructionType_hous,Age_54,ConstructionYear_1981,HHSize_4,73.4506601498,13739.9152372,40.965786536100005,1408.22913447,2098.206722972973,2098.2032067749396
98,98,ConstructionType_hous,Age_79,ConstructionYear_1945,HHSize_5,72.9240297733,13712.3139834,46.9408734706,1081.70438871,2098.206722972973,2098.204310705671
99,99,ConstructionType_hous,Age_64,ConstructionYear_2020,HHSize_4,74.1452711702,13634.862718900002,41.7383526762,1200.69117188,2098.206722972973,2098.207407842674
100,100,ConstructionType_appt,Age_39,ConstructionYear_2016,HHSize_4,72.9929211764,13649.515801399999,37.4857923102,1270.09130766,2098.206722972973,2098.2068220919277
101,101,ConstructionType_hous,Age_29,ConstructionYear_2020,HHSize_3,74.0358413407,13716.775638100002,34.9508030236,1080.05618825,2098.206722972973,2098.204132039631
102,102,ConstructionType_hous,Age_39,ConstructionYear_2030,HHSize_1,73.8156681072,13969.565676100001,25.313692701500003,964.8139748410001,2098.206722972973,2098.1940226143925
103,103,ConstructionType_appt,Age_64,ConstructionYear_1945,HHSize_3,73.3319376713,13816.930904700002,34.7840202562,931.661918765,2098.206722972973,2098.2001268246972
104,104,ConstructionType_hous,Age_64,ConstructionYear_1981,HHSize_2,73.0431731502,13777.548270200003,30.8484134797,1219.50405428,2098.206722972973,2098.2017018578413
105,105,ConstructionType_hous,Age_79,ConstructionYear_2001,HHSize_1,72.40290475270001,13500.087900999999,25.0110767497,1183.10080305,2098.206722972973,2098.2127980735086
106,106,ConstructionType_hous,Age_79,ConstructionYear_1970,HHSize_2,72.251263353,13545.406990099998,29.776862274299997,1214.56818206,2098.206722972973,2098.2109857235855
107,107,ConstructionType_appt,Age_54,ConstructionYear_1970,HHSize_2,73.2585728065,13772.388597100002,31.165034488699998,1097.7394992999998,2098.206722972973,2098.2019081577014
108,108,ConstructionType_hous,Age_64,ConstructionYear_2011,HHSize_4,72.9861042352,13784.6061593,41.1700936314,1430.26137077,2098.206722972973,2098.2014196140562
109,109,ConstructionType_hous,Age_120,ConstructionYear_2011,HHSize_3,72.17081353270001,13452.4394607,36.3266536329,1404.16072444,2098.206722972973,2098.2147036596093
110,110,ConstructionType_hous,Age_120,ConstructionYear_2001,HHSize_3,73.26500257100001,13624.1005245,37.1250683164,1206.23732878,2098.206722972973,2098.207838428559
111,111,ConstructionType_hous,Age_24,ConstructionYear_1970,HHSize_5,73.00429461680001,13666.5514132,44.548575916000004,1380.48923827,2098.206722972973,2098.2061408065824
112,112,ConstructionType_hous,Age_64,ConstructionYear_2001,HHSize_5,72.3898008105,13536.398067200002,47.3563051508,1246.92882141,2098.206722972973,2098.211345975065
113,113,ConstructionType_hous,Age_64,ConstructionYear_1981,HHSize_8,72.688264932,13569.0102331,56.0938641482,1507.06626837,2098.206722972973,2098.210041699462
114,114,ConstructionType_appt,Age_79,ConstructionYear_2030,HHSize_8,73.2059252959,13601.2069426,61.198878705,1430.64799506,2098.206722972973,2098.208753993976
115,115,ConstructionType_appt,Age_54,ConstructionYear_2016,HHSize_5,72.8318867973,13843.261099899999,44.3365160333,1132.9886497000002,2098.206722972973,2098.1990739459943
116,116,ConstructionType_hous,Age_64,ConstructionYear_1981,HHSize_5,73.4862302601,13522.0035946,46.107410256099996,1428.81773886,2098.206722972973,2098.2119213980627
117,117,ConstructionType_hous,Age_54,ConstructionYear_1945,HHSize_2,72.7389094899,13582.179756799998,32.9781415549,1227.57373369,2098.206722972973,2098.2095150181667
118,118,ConstructionType_hous,Age_39,ConstructionYear_1981,HHSize_3,73.4459391256,14107.374820500001,37.8165548656,1313.18563418,2098.206722972973,2098.1885114875563
119,119,ConstructionType_hous,Age_54,ConstructionYear_1981,HHSize_4,73.3957151271,13683.558388999998,40.2129857329,1185.90262558,2098.206722972973,2098.2054605859953
120,120,ConstructionType_hous,Age_54,ConstructionYear_2030,HHSize_1,73.0659054143,13674.478989,23.6315948101,1471.86227104,2098.206722972973,2098.2058237567876
121,121,ConstructionType_hous,Age_54,ConstructionYear_1970,HHSize_2,72.0735381958,13528.1543716,31.650609604499998,1241.96299001,2098.206722972973,2098.2116757209924
122,122,ConstructionType_hous,Age_79,ConstructionYear_1970,HHSize_3,72.5380896523,13589.9594701,37.3305302881,1114.39860581,2098.206722972973,2098.209203938101
123,123,ConstructionType_hous,Age_64,ConstructionYear_2001,HHSize_5,73.5821986089,13716.072422,46.780578491099995,1147.78221597,2098.206722972973,2098.204160258938
124,124,ConstructionType_hous,Age_79,ConstructionYear_2001,HHSize_5,72.9473573193,13813.2259234,46.8878192033,1238.25450531,2098.206722972973,2098.200275072933
125,125,ConstructionType_hous,Age_79,ConstructionYear_1961,HHSize_3,73.7593616229,13683.067541100001,34.6209546729,1131.54315706,2098.206722972973,2098.20548013816
126,126,ConstructionType_hous,Age_79,ConstructionYear_2020,HHSize_2,72.7466766513,13847.8872787,32.439504465700004,1326.70421522,2098.206722972973,2098.19888895364
127,127,ConstructionType_hous,Age_54,ConstructionYear_2011,HHSize_5,72.1409342045,13645.943438600001,44.6266551696,1272.69660351,2098.206722972973,2098.20696513607
128,128,ConstructionType_hous,Age_64,ConstructionYear_2011,HHSize_4,73.2486661377,13835.0555139,40.9851158896,1179.80766037,2098.206722972973,2098.1994020085713
129,129,ConstructionType_hous,Age_64,ConstructionYear_2011,HHSize_4,73.29742188600001,13424.2115488,40.823610941,1380.06330127,2098.206722972973,2098.2158322966843
130,130,ConstructionType_appt,Age_29,ConstructionYear_2011,HHSize_5,72.58780958060001,13541.792714200003,44.926237200200006,1085.22559942,2098.206722972973,2098.211130195252
131,131,ConstructionType_hous,Age_39,ConstructionYear_2001,HHSize_5,72.9436289906,13726.579757299998,44.172808584399995,1116.66094269,2098.206722972973,2098.2037401909315
132,132,ConstructionType_hous,Age_54,ConstructionYear_1981,HHSize_3,72.6018604039,13662.674411000002,34.7189555795,1075.29666863,2098.206722972973,2098.2062959390055
133,133,ConstructionType_hous,Age_64,ConstructionYear_1945,HHSize_1,73.4560583378,13728.662175200001,26.4781582008,1163.71565003,2098.206722972973,2098.2036568022236
134,134,ConstructionType_hous,Age_54,ConstructionYear_2016,HHSize_1,72.84298742,13734.617538600001,26.702571345,1305.93951375,2098.206722972973,2098.203418769104
135,135,ConstructionType_hous,Age_79,ConstructionYear_2030,HHSize_3,73.382141133,13857.9217326,36.5222850151,1593.14487267,2098.206722972973,2098.198487523703
136,136,ConstructionType_hous,Age_79,ConstructionYear_2001,HHSize_3,72.6688359453,13829.4252345,36.3777591189,1528.55762773,2098.206722972973,2098.1996272962315
137,137,ConstructionType_hous,Age_79,ConstructionYear_2020,HHSize_3,73.4143584038,13432.3595524,37.0383650382,1177.8173094,2098.206722972973,2098.215506420202
138,138,ConstructionType_appt,Age_79,ConstructionYear_1961,HHSize_5,72.85771816329999,13564.711409799998,42.9238017115,1188.95029313,2098.206722972973,2098.210213582203
139,139,ConstructionType_hous,Age_79,ConstructionYear_2030,HHSize_2,72.36949179,13694.711041,31.2201168992,1230.86702815,2098.206722972973,2098.205014793627
140,140,ConstructionType_appt,Age_54,ConstructionYear_1981,HHSize_3,73.18170135220001,13736.0102701,34.13217646,906.533445793,2098.206722972973,2098.2033630005785
141,141,ConstructionType_hous,Age_79,ConstructionYear_2020,HHSize_5,73.1660058016,13765.1936954,46.6423657934,1361.07857271,2098.206722972973,2098.2021959109693
142,142,ConstructionType_appt,Age_54,ConstructionYear_2030,HHSize_4,72.98179939939999,13482.0209465,39.7694480467,1050.12143514,2098.206722972973,2098.2135204774254
143,143,ConstructionType_hous,Age_79,ConstructionYear_1991,HHSize_4,72.7316396817,13614.931969799998,38.6418984696,1146.80365286,2098.206722972973,2098.208205206956
144,144,ConstructionType_hous,Age_54,ConstructionYear_2035,HHSize_4,71.8816093919,13796.8405095,40.032761835900004,1464.58469506,2098.206722972973,2098.2009305794495
145,145,ConstructionType_appt,Age_64,ConstructionYear_1991,HHSize_4,71.8773988791,13939.2978227,36.4281192225,1652.67252727,2098.206722972973,2098.1952334897305
146,146,ConstructionType_hous,Age_64,ConstructionYear_1970,HHSize_4,73.2070487436,13679.8975405,41.0211812324,1254.80001511,2098.206722972973,2098.2056070296676
147,147,ConstructionType_hous,Age_79,ConstructionYear_2016,HHSize_2,73.62705359430001,13694.6763091,30.2149508875,1258.92325708,2098.206722972973,2098.2050159136743
148,148,ConstructionType_hous,Age_54,ConstructionYear_1981,HHSize_1,73.6823466041,13673.923990399999,24.9527718419,1274.71613922,2098.206722972973,2098.2058458200568
149,149,ConstructionType_appt,Age_24,ConstructionYear_1991,HHSize_2,73.8256221938,13767.6255877,30.0929682196,1154.83272291,2098.206722972973,2098.2020985171926
150,150,ConstructionType_hous,Age_79,ConstructionYear_1981,HHSize_4,72.6674015246,13616.743248100001,40.137487173000004,1221.99930905,2098.206722972973,2098.2081327848127
151,151,ConstructionType_hous,Age_120,ConstructionYear_2001,HHSize_4,72.4061418437,13531.4993715,39.4164576318,1263.25760951,2098.206722972973,2098.211541878647
152,152,ConstructionType_hous,Age_54,ConstructionYear_2030,HHSize_2,72.9331447371,13515.103270500002,29.324237456,1206.27166718,2098.206722972973,2098.212197471163
153,153,ConstructionType_hous,Age_54,ConstructionYear_2011,HHSize_3,73.42393043050001,13684.0536881,38.026119611599995,1165.4438406,2098.206722972973,2098.2054407722644
154,154,ConstructionType_appt,Age_79,ConstructionYear_1981,HHSize_1,73.3930457394,13614.9956818,26.2975636704,1139.01685802,2098.206722972973,2098.20820252045
155,155,ConstructionType_hous,Age_54,ConstructionYear_2011,HHSize_2,73.45306049279999,13490.1082125,29.920385902899998,1267.34477282,2098.206722972973,2098.213196951809
156,156,ConstructionType_hous,Age_64,ConstructionYear_2011,HHSize_4,73.5621133867,13511.9271433,40.6881043045,1285.5691142,2098.206722972973,2098.2123243549977
157,157,ConstructionType_hous,Age_64,ConstructionYear_2001,HHSize_6,73.351482722,13531.546772,51.8468630175,1363.112604,2098.206722972973,2098.211539780396
158,158,ConstructionType_appt,Age_79,ConstructionYear_1945,HHSize_5,72.09075044069999,13589.571978400001,46.3868583436,1259.40861027,2098.206722972973,2098.20921953282
159,159,ConstructionType_hous,Age_79,ConstructionYear_1945,HHSize_2,73.11932170989999,13483.720601899999,31.0496985485,1409.43499905,2098.206722972973,2098.2134524738235
160,160,ConstructionType_appt,Age_39,ConstructionYear_1991,HHSize_1,73.2389257013,13689.2263335,24.8328697673,1175.61485199,2098.206722972973,2098.2052339528
161,161,ConstructionType_hous,Age_29,ConstructionYear_1991,HHSize_4,72.862444384,13735.0552526,40.0446616742,1092.03700196,2098.206722972973,2098.2034012598388
162,162,ConstructionType_hous,Age_39,ConstructionYear_2020,HHSize_3,73.8250165261,13509.1868794,36.7616561206,1291.74327248,2098.206722972973,2098.2124338865615
163,163,ConstructionType_hous,Age_54,ConstructionYear_1961,HHSize_3,74.2627259005,13528.9366637,36.8956328227,1123.93678225,2098.206722972973,2098.2116439674337
164,164,ConstructionType_hous,Age_54,ConstructionYear_2001,HHSize_3,73.994284463,13576.785554,37.1065913679,1127.65240927,2098.206722972973,2098.2097304721133
165,165,ConstructionType_hous,Age_120,ConstructionYear_1945,HHSize_3,73.3463252105,13455.5089523,35.5247962762,1465.62501086,2098.206722972973,2098.214580654207
166,166,ConstructionType_appt,Age_79,ConstructionYear_2016,HHSize_3,72.9379178593,13627.0988019,34.4595521845,1379.49436261,2098.206722972973,2098.2077185945277
167,167,ConstructionType_hous,Age_29,ConstructionYear_2001,HHSize_2,74.11638028770001,13660.808091600002,30.5609653425,1038.75521708,2098.206722972973,2098.2063702528217
168,168,ConstructionType_hous,Age_64,ConstructionYear_2016,HHSize_6,72.99808811289999,13624.036732799997,51.931883014300006,1362.06755202,2098.206722972973,2098.2078410366585
169,169,ConstructionType_hous,Age_64,ConstructionYear_1961,HHSize_3,73.7152517631,13317.5926048,35.3012176281,967.722434341,2098.206722972973,2098.220096067069
170,170,ConstructionType_hous,Age_29,ConstructionYear_1945,HHSize_4,73.4861531217,13557.851690000001,41.3241797441,1361.84954211,2098.206722972973,2098.210487776607
171,171,ConstructionType_hous,Age_79,ConstructionYear_1961,HHSize_4,73.40410159439999,13726.6704216,40.087203185,1255.63613279,2098.206722972973,2098.203736466247
172,172,ConstructionType_hous,Age_64,ConstructionYear_2030,HHSize_6,73.113413361,13586.018800799999,49.6307401333,1415.56326597,2098.206722972973,2098.209361408954
173,173,ConstructionType_hous,Age_54,ConstructionYear_2030,HHSize_7,73.3060963661,13765.1931893,54.4084116962,1469.34637327,2098.206722972973,2098.202195901265
174,174,ConstructionType_hous,Age_64,ConstructionYear_2016,HHSize_7,72.9675463672,13705.070712,57.235399909099996,1476.93940674,2098.206722972973,2098.2046003666273
175,175,ConstructionType_appt,Age_54,ConstructionYear_2001,HHSize_6,72.6816328456,13625.884999799999,50.8631228175,1440.03140995,2098.206722972973,2098.207767191432
176,176,ConstructionType_hous,Age_39,ConstructionYear_1945,HHSize_3,72.0903914474,13794.4786738,37.8886686008,1154.73462044,2098.206722972973,2098.2010249883942
177,177,ConstructionType_hous,Age_54,ConstructionYear_1970,HHSize_3,73.3998410602,13757.7996349,37.8878740982,1319.9287344,2098.206722972973,2098.2024915605925
178,178,ConstructionType_hous,Age_64,ConstructionYear_1991,HHSize_2,73.2767392771,13724.529489300001,31.0744514917,1261.56446269,2098.206722972973,2098.203822112598
179,179,ConstructionType_hous,Age_64,ConstructionYear_1981,HHSize_2,72.07701348399999,13694.124202899999,29.8697524725,1093.65724805,2098.206722972973,2098.205038324667
180,180,ConstructionType_hous,Age_39,ConstructionYear_1945,HHSize_2,73.2064088605,13504.217762299999,31.5222549967,1335.01654905,2098.206722972973,2098.2126327416745
181,181,ConstructionType_appt,Age_54,ConstructionYear_1981,HHSize_2,73.9995643201,13466.2874667,29.5325466985,1110.73809696,2098.206722972973,2098.2141494662956
182,182,ConstructionType_appt,Age_64,ConstructionYear_1945,HHSize_2,71.9439178514,13656.427648700002,30.1976768626,1081.7371797,2098.206722972973,2098.206545900312
183,183,ConstructionType_appt,Age_39,ConstructionYear_1945,HHSize_2,72.3883554105,13650.405507799998,32.123180902600005,1161.09694178,2098.206722972973,2098.2067866404277
184,184,ConstructionType_hous,Age_39,ConstructionYear_1961,HHSize_2,73.0652299881,13711.2684063,30.113192533499998,1129.56715071,2098.206722972973,2098.2043524899755
185,185,ConstructionType_hous,Age_39,ConstructionYear_1961,HHSize_2,73.2432093271,13598.7185331,29.356058646399998,1106.09850057,2098.206722972973,2098.2088534989466
186,186,ConstructionType_hous,Age_54,ConstructionYear_1981,HHSize_6,72.53890247,13722.2355151,52.028275989799994,1327.33283631,2098.206722972973,2098.2039140103416
187,187,ConstructionType_hous,Age_54,ConstructionYear_1961,HHSize_1,72.7269318289,13545.710427000002,25.7653501777,1029.98685848,2098.206722972973,2098.2109734874252
188,188,ConstructionType_hous,Age_64,ConstructionYear_2030,HHSize_3,72.38350163189999,13534.57954,35.1329986359,1225.78037198,2098.206722972973,2098.211418701928
189,189,ConstructionType_hous,Age_29,ConstructionYear_2020,HHSize_3,72.990344756,13756.048169400001,37.3308336973,1138.73539088,2098.206722972973,2098.2025616928177
190,190,ConstructionType_hous,Age_120,ConstructionYear_1945,HHSize_6,72.78792503390001,13519.014232700003,50.2147847642,1518.65735104,2098.206722972973,2098.212041097712
191,191,ConstructionType_appt,Age_54,ConstructionYear_2030,HHSize_4,72.8475939309,13636.9072956,38.6145278563,1276.37032918,2098.206722972973,2098.207326356603
192,192,ConstructionType_hous,Age_39,ConstructionYear_1945,HHSize_2,73.62395385229999,13662.607348299998,28.2836304527,1298.58041972,2098.206722972973,2098.206298402828
193,193,ConstructionType_hous,Age_64,ConstructionYear_2001,HHSize_4,73.9292494879,13635.1853537,42.4027835138,1358.25972289,2098.206722972973,2098.2073949860014
194,194,ConstructionType_hous,Age_54,ConstructionYear_2011,HHSize_1,72.9216438483,13718.141457799999,25.1239114314,1348.76004158,2098.206722972973,2098.204077656689
195,195,ConstructionType_hous,Age_29,ConstructionYear_2001,HHSize_2,73.6912929427,13863.637029299998,33.0791966911,1046.1430076,2098.206722972973,2098.198258894456
196,196,ConstructionType_appt,Age_79,ConstructionYear_1945,HHSize_5,72.1836611884,13581.615600699999,44.7652576911,1289.13878552,2098.206722972973,2098.2095377010423
197,197,ConstructionType_hous,Age_120,ConstructionYear_1981,HHSize_2,72.30047646930001,13411.730038200001,31.1965297187,1317.98929789,2098.206722972973,2098.21633166587
198,198,ConstructionType_hous,Age_54,ConstructionYear_1900,HHSize_3,73.59017125609999,13762.589682,35.6462855304,1288.19365993,2098.206722972973,2098.2022999585947
199,199,ConstructionType_hous,Age_54,ConstructionYear_1900,HHSize_4,73.6890307886,13353.739308499999,40.1443679387,1195.93562508,2098.206722972973,2098.2186505091922
200,200,ConstructionType_hous,Age_54,ConstructionYear_1970,HHSize_5,72.9911303103,13562.6109005,46.9794985627,1308.04807344,2098.206722972973,2098.210297553846
201,201,ConstructionType_appt,Age_79,ConstructionYear_1961,HHSize_2,73.6937543378,13725.167512200002,31.0803630167,1404.01170313,2098.206722972973,2098.2037965104178
202,202,ConstructionType_hous,Age_120,ConstructionYear_2030,HHSize_2,72.0856251561,13659.9138535,31.968088085500003,1414.24515165,2098.206722972973,2098.2064064494984
203,203,ConstructionType_hous,Age_79,ConstructionYear_2001,HHSize_5,72.8506420066,13508.5143155,45.0022959338,1503.00468637,2098.206722972973,2098.2124609917114
204,204,ConstructionType_hous,Age_64,ConstructionYear_1970,HHSize_4,73.0035932947,13668.4832792,41.330849764899995,1190.06649515,2098.206722972973,2098.206063547522
205,205,ConstructionType_appt,Age_64,ConstructionYear_1981,HHSize_2,72.6808981312,13743.8873149,30.223938418000003,1118.57823734,2098.206722972973,2098.2030480924536
206,206,ConstructionType_hous,Age_64,ConstructionYear_1981,HHSize_1,73.8121347901,13476.934049000001,22.9661979624,976.024162189,2098.206722972973,2098.213723730975
207,207,ConstructionType_hous,Age_64,ConstructionYear_1970,HHSize_3,72.4797293298,13539.7853264,34.7114027809,1381.9979572999998,2098.206722972973,2098.2112104937655
208,208,ConstructionType_hous,Age_39,ConstructionYear_1970,HHSize_1,74.2179866062,13700.4499735,24.2349542889,1258.34223305,2098.206722972973,2098.2047848900097
209,209,ConstructionType_hous,Age_79,ConstructionYear_1991,HHSize_3,73.7503972826,13713.412347200001,33.885225662399996,1270.93251712,2098.206722972973,2098.204266603195
210,210,ConstructionType_hous,Age_54,ConstructionYear_1991,HHSize_3,74.0970424922,13844.6091895,36.163413159899996,898.491750532,2098.206722972973,2098.199019760194
211,211,ConstructionType_hous,Age_79,ConstructionYear_1970,HHSize_4,73.9548236262,13601.2430093,40.2942596335,1365.29977333,2098.206722972973,2098.2087523885198
212,212,ConstructionType_hous,Age_64,ConstructionYear_1970,HHSize_6,72.3695727595,13684.034306099999,48.8149971621,1443.01061243,2098.206722972973,2098.205441773403
213,213,ConstructionType_hous,Age_64,ConstructionYear_2001,HHSize_3,73.3196027887,13585.773417100001,34.9814672006,1095.74651105,2098.206722972973,2098.2093711776847
214,214,ConstructionType_hous,Age_24,ConstructionYear_1945,HHSize_6,74.06199850739999,13522.5446007,49.351737428199996,1223.86326349,2098.206722972973,2098.211899640067
215,215,ConstructionType_hous,Age_79,ConstructionYear_2020,HHSize_3,72.765370981,13707.6456363,36.6787912078,1231.4052576,2098.206722972973,2098.2044974341156
216,216,ConstructionType_appt,Age_64,ConstructionYear_1970,HHSize_5,72.05164938729999,13515.2607393,46.455229180100005,1097.56460513,2098.206722972973,2098.212191364951
217,217,ConstructionType_hous,Age_54,ConstructionYear_1981,HHSize_1,73.50369471229999,13657.2647514,26.7698342686,1053.15547963,2098.206722972973,2098.2065120875395
218,218,ConstructionType_hous,Age_64,ConstructionYear_1981,HHSize_2,73.9947198332,13808.669547100002,31.1107817102,1205.94556814,2098.206722972973,2098.2004570652734
219,219,ConstructionType_hous,Age_39,ConstructionYear_1981,HHSize_2,72.5538209512,13454.335172100002,31.2668984233,1248.09896819,2098.206722972973,2098.2146277647066
220,220,ConstructionType_hous,Age_54,ConstructionYear_1991,HHSize_1,72.4997983512,13691.2019595,27.060358607399998,1014.82388567,2098.206722972973,2098.2051550998294
221,221,ConstructionType_hous,Age_39,ConstructionYear_1945,HHSize_1,72.6032178596,13679.4684563,26.6254906698,1137.94042917,2098.206722972973,2098.2056243194374
222,222,ConstructionType_hous,Age_39,ConstructionYear_2035,HHSize_2,72.54179573350001,13650.89966,32.155699696,1193.86653084,2098.206722972973,2098.2067668434734
223,223,ConstructionType_hous,Age_64,ConstructionYear_1981,HHSize_3,73.10140835909999,13478.731111399999,35.436359703,1334.0903984000001,2098.206722972973,2098.213652015015
224,224,ConstructionType_appt,Age_64,ConstructionYear_2030,HHSize_6,72.8582604502,13795.210390399998,49.032927596499995,1367.21776595,2098.206722972973,2098.2009955641147
225,225,ConstructionType_hous,Age_64,ConstructionYear_2035,HHSize_4,73.6991624053,13455.234385499998,41.124184,1218.70798529,2098.206722972973,2098.214591558629
226,226,ConstructionType_hous,Age_64,ConstructionYear_1991,HHSize_3,72.3182206832,13830.4512534,36.163106973400005,1355.84522178,2098.206722972973,2098.199586339042
227,227,ConstructionType_hous,Age_54,ConstructionYear_1981,HHSize_3,72.5565952832,13866.9351002,36.4254948863,1326.85483592,2098.206722972973,2098.1981272413723
228,228,ConstructionType_hous,Age_64,ConstructionYear_1991,HHSize_3,71.9015745627,13888.3170895,35.846286595500004,1330.099789,2098.206722972973,2098.197272282079
229,229,ConstructionType_hous,Age_79,ConstructionYear_2001,HHSize_3,72.69687020970001,13691.5346056,34.5702311206,1289.04529417,2098.206722972973,2098.2051417540974
230,230,ConstructionType_hous,Age_29,ConstructionYear_1970,HHSize_5,74.6081957566,13834.822128999998,46.479141429399995,1483.95137688,2098.206722972973,2098.1994110518226
231,231,ConstructionType_appt,Age_24,ConstructionYear_1961,HHSize_6,73.0029415296,13620.9375121,51.2633332771,1345.65041272,2098.206722972973,2098.2079649813377
232,232,ConstructionType_hous,Age_64,ConstructionYear_1961,HHSize_6,71.9877178915,13699.1754845,50.975850000600005,1284.60881886,2098.206722972973,2098.2048363355434
233,233,ConstructionType_hous,Age_54,ConstructionYear_2030,HHSize_1,72.7203645606,13631.345141999998,24.6289036035,1526.84561336,2098.206722972973,2098.2075488213322
234,234,ConstructionType_hous,Age_79,ConstructionYear_1981,HHSize_7,73.6127438652,13744.524836300001,56.2164854947,1402.98941519,2098.206722972973,2098.203022395661
235,235,ConstructionType_hous,Age_64,ConstructionYear_1981,HHSize_6,73.75203713260001,13953.3227323,50.854010727399995,1360.77284907,2098.206722972973,2098.1946722083203
236,236,ConstructionType_appt,Age_54,ConstructionYear_1981,HHSize_8,71.8360317987,13670.786529700003,60.2529569969,1370.28719067,2098.206722972973,2098.205971689411
237,237,ConstructionType_hous,Age_54,ConstructionYear_2030,HHSize_6,73.2023313896,13404.6744366,50.3523092548,1408.07931381,2098.206722972973,2098.216613637198
238,238,ConstructionType_hous,Age_29,ConstructionYear_2001,HHSize_2,73.9126538675,13498.137104799998,31.5515346982,1146.77036113,2098.206722972973,2098.2128757658948
239,239,ConstructionType_hous,Age_79,ConstructionYear_2035,HHSize_3,72.6569988012,13556.5392838,35.3185777048,1164.74208759,2098.206722972973,2098.2105404387794
240,240,ConstructionType_hous,Age_64,ConstructionYear_1981,HHSize_2,72.6564899417,13734.4017185,31.803699681799998,1235.52248949,2098.206722972973,2098.2034274392704
241,241,ConstructionType_appt,Age_79,ConstructionYear_2035,HHSize_4,71.90219292270001,13666.7496185,41.046874905,1341.65331838,2098.206722972973,2098.206133117517
242,242,ConstructionType_appt,Age_79,ConstructionYear_1991,HHSize_4,71.9189917882,13672.4333613,39.9489576757,1297.23586688,2098.206722972973,2098.2059058118107
243,243,ConstructionType_hous,Age_64,ConstructionYear_1991,HHSize_2,72.3684384698,13795.016840799999,31.0350276199,1439.29157901,2098.206722972973,2098.2010034065083
244,244,ConstructionType_hous,Age_54,ConstructionYear_2030,HHSize_2,72.2557198296,13566.180394799998,28.828705146599997,1340.12113316,2098.206722972973,2098.210154961295
245,245,ConstructionType_hous,Age_54,ConstructionYear_1981,HHSize_1,73.8023664626,13572.599425400002,25.7747479169,1205.64310449,2098.206722972973,2098.209897923639
246,246,ConstructionType_hous,Age_79,ConstructionYear_1970,HHSize_5,71.5758632532,14063.0672606,44.6801025042,1441.72195616,2098.206722972973,2098.1902838170677
247,247,ConstructionType_hous,Age_79,ConstructionYear_2011,HHSize_5,73.1081838779,13563.9352937,45.775612402700006,1406.77837462,2098.206722972973,2098.210244564316
248,248,ConstructionType_hous,Age_54,ConstructionYear_2001,HHSize_1,73.4693628514,13704.595752399999,25.6391616487,1151.4540181,2098.206722972973,2098.2046192535477
249,249,ConstructionType_hous,Age_39,ConstructionYear_2020,HHSize_1,71.92777119899999,13698.895298500001,27.7405729095,1166.09424548,2098.206722972973,2098.2048475540837
250,250,ConstructionType_hous,Age_64,ConstructionYear_1945,HHSize_1,72.92995766850001,13850.650704700001,26.6353462275,1344.26664272,2098.206722972973,2098.198778400974
251,251,ConstructionType_appt,Age_64,ConstructionYear_1961,HHSize_2,72.5449235892,13811.1628488,30.9326190781,1228.33229596,2098.206722972973,2098.2003576669813
252,252,ConstructionType_hous,Age_54,ConstructionYear_1945,HHSize_5,72.427295152,13732.0818909,45.01017183689999,1382.35672634,2098.206722972973,2098.2035202620737
253,253,ConstructionType_hous,Age_120,ConstructionYear_1970,HHSize_6,71.5040792105,13582.3030037,49.29604326810001,1637.20740288,2098.206722972973,2098.209510354617
254,254,ConstructionType_hous,Age_54,ConstructionYear_1991,HHSize_5,72.02745792270001,13663.6533161,45.749790673599996,1390.45863232,2098.206722972973,2098.20625691423
255,255,ConstructionType_appt,Age_39,ConstructionYear_2030,HHSize_1,73.71897185,13604.917979,26.099428862899998,1310.99545776,2098.206722972973,2098.2086054743386
256,256,ConstructionType_hous,Age_64,ConstructionYear_2011,HHSize_1,73.69616899350001,13527.343500799998,25.4558594169,1334.00918183,2098.206722972973,2098.211707802433
257,257,ConstructionType_hous,Age_79,ConstructionYear_2011,HHSize_1,72.713522772,13656.6997083,24.932477681599998,1261.89400269,2098.206722972973,2098.2065348538054
258,258,ConstructionType_appt,Age_79,ConstructionYear_2035,HHSize_1,72.5827712625,13673.274305899999,24.2749427181,1210.8831309,2098.206722972973,2098.2058720399395
259,259,ConstructionType_hous,Age_120,ConstructionYear_2016,HHSize_2,72.7509625826,13567.665892899999,30.1727896863,1207.10990609,2098.206722972973,2098.2100954488
260,260,ConstructionType_hous,Age_39,ConstructionYear_1991,HHSize_2,72.8895528469,13596.854738499998,31.485878555,1222.58993103,2098.206722972973,2098.2089281105036
261,261,ConstructionType_appt,Age_54,ConstructionYear_1991,HHSize_3,74.1658465748,13554.794102700002,35.3691139918,1257.82480171,2098.206722972973,2098.210609910546
262,262,ConstructionType_hous,Age_79,ConstructionYear_1991,HHSize_2,73.7022115685,13581.227056099999,30.9701323717,1277.77303764,2098.206722972973,2098.209552912035
263,263,ConstructionType_appt,Age_79,ConstructionYear_1981,HHSize_3,73.7073333493,13476.629765200001,33.9579933375,1285.22342376,2098.206722972973,2098.2137359239114
264,264,ConstructionType_hous,Age_64,ConstructionYear_1961,HHSize_6,73.37971849819999,13720.0523592,49.6840120654,1253.89081116,2098.206722972973,2098.204001138548
265,265,ConstructionType_hous,Age_64,ConstructionYear_2035,HHSize_3,72.6090109843,13572.7144646,36.2561225821,1310.69294817,2098.206722972973,2098.2098935780286
266,266,ConstructionType_hous,Age_64,ConstructionYear_1945,HHSize_2,73.3865588064,13772.080336300001,30.7571386476,1157.75307967,2098.206722972973,2098.2019204557764
267,267,ConstructionType_hous,Age_79,ConstructionYear_1945,HHSize_4,73.1908101297,13562.8726893,42.0607930563,1116.85624866,2098.206722972973,2098.2102870415883
268,268,ConstructionType_hous,Age_64,ConstructionYear_1945,HHSize_4,72.970591384,13724.935424599998,40.4506148115,1277.95636233,2098.206722972973,2098.2038059441475
269,269,ConstructionType_hous,Age_39,ConstructionYear_1991,HHSize_2,73.6410370681,13612.173361200003,30.023499324699998,1358.64923922,2098.206722972973,2098.2083153338203
270,270,ConstructionType_hous,Age_64,ConstructionYear_1991,HHSize_3,73.38663871930001,13659.402979499999,37.5703685633,1311.26100187,2098.206722972973,2098.2064266008624
271,271,ConstructionType_appt,Age_64,ConstructionYear_1981,HHSize_3,73.61264733600001,13382.592133600001,38.0124068489,1391.34791521,2098.206722972973,2098.2174966574535
272,272,ConstructionType_hous,Age_79,ConstructionYear_1945,HHSize_6,73.5543472037,13678.0342448,47.1878496357,1145.48912513,2098.206722972973,2098.205681471794
273,273,ConstructionType_appt,Age_79,ConstructionYear_1981,HHSize_6,72.3647119562,13656.8821323,51.904403100699994,1251.50529076,2098.206722972973,2098.2065276349626
274,274,ConstructionType_hous,Age_64,ConstructionYear_2011,HHSize_4,72.1460069326,13741.600523500001,41.6215927008,1250.82736601,2098.206722972973,2098.2031396570474
275,275,ConstructionType_hous,Age_79,ConstructionYear_2035,HHSize_5,72.35231626720001,13821.861229700002,47.490651031400006,1552.42549837,2098.206722972973,2098.199929860907
276,276,ConstructionType_hous,Age_39,ConstructionYear_2035,HHSize_4,73.0610784869,13609.6839236,42.7147984345,1324.41762682,2098.206722972973,2098.2084150146634
277,277,ConstructionType_hous,Age_39,ConstructionYear_1981,HHSize_7,73.2494779933,13602.946113299999,55.374775197299996,1153.70428026,2098.206722972973,2098.208684430228
278,278,ConstructionType_hous,Age_64,ConstructionYear_1991,HHSize_6,72.6957574317,13964.534984099999,51.8006846046,1508.41194721,2098.206722972973,2098.1942240386843
279,279,ConstructionType_appt,Age_54,ConstructionYear_2001,HHSize_7,72.6914659169,13747.362965399998,54.8946553587,1331.50645703,2098.206722972973,2098.202909093919
280,280,ConstructionType_hous,Age_29,ConstructionYear_2001,HHSize_8,72.1061125331,13885.864782799998,59.020593707399996,1238.91289364,2098.206722972973,2098.1973703111503
281,281,ConstructionType_hous,Age_29,ConstructionYear_2001,HHSize_6,73.6134192994,13556.8780489,51.573793036400005,1645.10709458,2098.206722972973,2098.210526687147
282,282,ConstructionType_hous,Age_39,ConstructionYear_1991,HHSize_6,73.9264671757,13564.473905500001,50.1763983496,1613.97069767,2098.206722972973,2098.2102228495482
283,283,ConstructionType_hous,Age_79,ConstructionYear_1981,HHSize_3,71.7790559439,13645.5802269,38.125439127,1255.04504794,2098.206722972973,2098.2069797385097
284,284,ConstructionType_appt,Age_79,ConstructionYear_1981,HHSize_5,72.9909736125,13551.7816599,46.0826533971,1065.08393242,2098.206722972973,2098.210730634588
285,285,ConstructionType_hous,Age_54,ConstructionYear_2016,HHSize_5,72.8931539762,13629.398378900001,44.8457213444,1245.38602139,2098.206722972973,2098.207626638234
286,286,ConstructionType_appt,Age_29,ConstructionYear_2016,HHSize_4,73.5685245883,13632.4434456,40.9207803261,1252.03868702,2098.206722972973,2098.2075047194717
287,287,ConstructionType_hous,Age_54,ConstructionYear_2016,HHSize_5,74.4278484764,13623.1756022,44.998234654300006,1155.88447379,2098.206722972973,2098.207875168536
288,288,ConstructionType_appt,Age_64,ConstructionYear_1991,HHSize_4,74.0968894362,13546.684295500001,40.2483062286,1116.25529597,2098.206722972973,2098.210934249416
289,289,ConstructionType_hous,Age_54,ConstructionYear_1961,HHSize_3,71.9337919343,13770.150707499999,37.1568354314,1294.00622216,2098.206722972973,2098.201997935439
290,290,ConstructionType_hous,Age_39,ConstructionYear_1945,HHSize_2,73.33629782850001,13618.354573700002,30.962994751700002,1313.87154322,2098.206722972973,2098.208068202669
291,291,ConstructionType_appt,Age_64,ConstructionYear_1945,HHSize_3,72.6795200932,13762.5001984,35.3442555966,1334.57442225,2098.206722972973,2098.202303734133
292,292,ConstructionType_hous,Age_64,ConstructionYear_1991,HHSize_4,73.299601716,13409.098281999999,40.2575816896,1432.93896693,2098.206722972973,2098.21643669944
293,293,ConstructionType_hous,Age_39,ConstructionYear_1961,HHSize_3,72.7770075019,13424.7376603,35.4897065476,1296.61234137,2098.206722972973,2098.215811368239
294,294,ConstructionType_hous,Age_54,ConstructionYear_2011,HHSize_2,73.27142835859999,13445.9744051,32.1305355211,1296.62758022,2098.206722972973,2098.2149619712786
295,295,ConstructionType_hous,Age_24,ConstructionYear_2030,HHSize_2,72.5513960513,13735.267841699999,31.7183571365,1552.54590755,2098.206722972973,2098.2033928248748
296,296,ConstructionType_hous,Age_39,ConstructionYear_1991,HHSize_3,71.9687238991,13664.904655000002,38.3510632877,1251.98435297,2098.206722972973,2098.2062068838372
297,297,ConstructionType_hous,Age_79,ConstructionYear_1991,HHSize_4,72.5805121053,13358.8291858,39.9159631988,1237.20751055,2098.206722972973,2098.218447193796
298,298,ConstructionType_hous,Age_64,ConstructionYear_1970,HHSize_3,73.0444886476,13760.0621083,36.5312311566,1305.80002479,2098.206722972973,2098.2024011567896
299,299,ConstructionType_hous,Age_39,ConstructionYear_2001,HHSize_4,73.5530240556,13819.453537200001,40.2405901069,1582.80837642,2098.206722972973,2098.200025891321
300,300,ConstructionType_hous,Age_79,ConstructionYear_1991,HHSize_3,71.91325747399999,13563.1822378,37.8344095483,967.3456029660001,2098.206722972973,2098.2102749354276
301,301,ConstructionType_hous,Age_79,ConstructionYear_1961,HHSize_1,71.7628107457,13589.6679859,27.5328028538,884.9316903710001,2098.206722972973,2098.209215761613
302,302,ConstructionType_hous,Age_54,ConstructionYear_1970,HHSize_2,73.2121155049,13588.2759886,31.074853945900003,923.286522578,2098.206722972973,2098.20927111904
303,303,ConstructionType_hous,Age_79,ConstructionYear_1981,HHSize_4,73.0159961342,13444.160887600001,41.112703613,1353.88674532,2098.206722972973,2098.2150345511886
304,304,ConstructionType_hous,Age_39,ConstructionYear_1970,HHSize_2,71.9999294155,13696.3339909,29.0907738309,1133.24176921,2098.206722972973,2098.2049499686864
305,305,ConstructionType_hous,Age_54,ConstructionYear_1970,HHSize_6,72.4016928233,13649.644284900001,48.2509440735,989.9972872669999,2098.206722972973,2098.206817077704
306,306,ConstructionType_hous,Age_39,ConstructionYear_1991,HHSize_3,72.6502419632,13850.460022,36.1829104573,1160.73853253,2098.206722972973,2098.1987860860577
307,307,ConstructionType_hous,Age_54,ConstructionYear_1970,HHSize_1,72.5027386757,13345.4326675,28.163469486799997,1108.69308296,2098.206722972973,2098.218982959008
308,308,ConstructionType_hous,Age_54,ConstructionYear_1991,HHSize_4,72.5039761571,13582.5751083,40.9090603979,1365.07028253,2098.206722972973,2098.2094992575626
309,309,ConstructionType_appt,Age_79,ConstructionYear_2030,HHSize_8,73.6500593125,13641.0215377,59.7350432822,1371.36407717,2098.206722972973,2098.207161650458
310,310,ConstructionType_appt,Age_39,ConstructionYear_2020,HHSize_5,73.0866492281,13600.486388299998,44.762535640900005,1282.97653926,2098.206722972973,2098.208782835747
311,311,ConstructionType_hous,Age_54,ConstructionYear_2001,HHSize_2,73.3521789012,13419.8400049,30.947109273699997,1213.50498982,2098.206722972973,2098.216007109821
312,312,ConstructionType_appt,Age_79,ConstructionYear_2016,HHSize_1,73.70154037270001,13546.40259,25.797474004,970.107394451,2098.206722972973,2098.210945600674
313,313,ConstructionType_appt,Age_79,ConstructionYear_2016,HHSize_1,74.3320097377,13438.8757981,26.055723485300003,1112.45671268,2098.206722972973,2098.2152456318836
314,314,ConstructionType_hous,Age_39,ConstructionYear_1991,HHSize_1,71.796807895,13793.514115099999,26.3566909216,1241.35508388,2098.206722972973,2098.201063626007
315,315,ConstructionType_hous,Age_54,ConstructionYear_1970,HHSize_2,72.4983140178,13532.3130454,30.8681372322,1170.51056629,2098.206722972973,2098.2115093181806
316,316,ConstructionType_hous,Age_54,ConstructionYear_2011,HHSize_3,72.9941614776,13792.321144999998,36.000313530999996,1527.44580293,2098.206722972973,2098.2011110777516
317,317,ConstructionType_appt,Age_54,ConstructionYear_2035,HHSize_3,73.8473576204,13686.614598600001,36.4554590944,1219.64157933,2098.206722972973,2098.2053382692907
318,318,ConstructionType_hous,Age_79,ConstructionYear_2030,HHSize_3,73.2198821098,13832.8649403,36.7980311865,971.3924189910001,2098.206722972973,2098.1994896190877
319,319,ConstructionType_hous,Age_79,ConstructionYear_2030,HHSize_3,73.8040984819,13796.503029499998,36.3007611251,1116.3773912000001,2098.206722972973,2098.200943664288
320,320,ConstructionType_hous,Age_39,ConstructionYear_2016,HHSize_1,72.1650441013,13800.742444299998,25.572723695900002,1352.94934241,2098.206722972973,2098.200774475156
321,321,ConstructionType_hous,Age_64,ConstructionYear_2030,HHSize_2,72.9441497495,13837.969195700001,31.5936845196,1294.32377652,2098.206722972973,2098.199285550971
322,322,ConstructionType_hous,Age_79,ConstructionYear_2030,HHSize_3,73.1206355845,13683.610778400001,37.3791713441,1483.21060389,2098.206722972973,2098.205458549804
323,323,ConstructionType_appt,Age_79,ConstructionYear_2030,HHSize_3,73.2218869527,13588.010881,35.178735253,1504.57887378,2098.206722972973,2098.209281721286
324,324,ConstructionType_hous,Age_54,ConstructionYear_2030,HHSize_3,74.53108396180001,13677.9168817,36.526069211999996,1333.90165262,2098.206722972973,2098.205685955884
325,325,ConstructionType_hous,Age_79,ConstructionYear_2001,HHSize_4,71.8769966716,13687.6397682,40.9614465518,1252.36245598,2098.206722972973,2098.2052976902896
326,326,ConstructionType_hous,Age_64,ConstructionYear_2035,HHSize_4,73.9672598245,13958.579538799999,41.7181467945,1335.68139689,2098.206722972973,2098.194461934224
327,327,ConstructionType_appt,Age_29,ConstructionYear_1991,HHSize_4,74.1527725183,13750.425704,39.413174217199995,1233.49069158,2098.206722972973,2098.2027862975306
328,328,ConstructionType_appt,Age_54,ConstructionYear_1991,HHSize_4,72.2652954969,13559.1075872,40.981942631500004,1095.57189043,2098.206722972973,2098.2104378142108
329,329,ConstructionType_hous,Age_79,ConstructionYear_2035,HHSize_4,74.6117658036,13689.3931373,41.6415394678,1486.78426721,2098.206722972973,2098.2052269853552
330,330,ConstructionType_hous,Age_39,ConstructionYear_1991,HHSize_3,73.0653278171,13433.651351100001,34.045956263,1100.00942245,2098.206722972973,2098.21545483379
331,331,ConstructionType_hous,Age_79,ConstructionYear_1961,HHSize_2,72.1638299642,13661.534622699999,29.764914596,1260.27947258,2098.206722972973,2098.2063416150545
332,332,ConstructionType_hous,Age_39,ConstructionYear_2011,HHSize_5,72.5463465313,13701.9824137,46.0450905715,1117.4901178,2098.206722972973,2098.2047239626113
333,333,ConstructionType_hous,Age_39,ConstructionYear_2011,HHSize_6,73.1143698715,13694.565855300001,51.3014064724,1349.8131962000002,2098.206722972973,2098.205020441092
334,334,ConstructionType_hous,Age_39,ConstructionYear_2001,HHSize_2,72.2617747567,13474.7902894,31.4842883731,1104.81869415,2098.206722972973,2098.2138097948587
335,335,ConstructionType_hous,Age_54,ConstructionYear_1970,HHSize_4,72.5330889719,13541.219258899999,40.8147832525,1236.57927585,2098.206722972973,2098.211153137157
336,336,ConstructionType_hous,Age_64,ConstructionYear_2011,HHSize_1,72.9034919684,13723.4527477,26.1073643635,1184.5313830999999,2098.206722972973,2098.203865253756
337,337,ConstructionType_hous,Age_54,ConstructionYear_1961,HHSize_3,74.1555647027,13617.624067299997,36.3055353067,1236.56180172,2098.206722972973,2098.208097241128
338,338,ConstructionType_hous,Age_64,ConstructionYear_2030,HHSize_4,73.9888357891,13555.8826945,40.8511128577,1123.29135968,2098.206722972973,2098.2105664117657
339,339,ConstructionType_hous,Age_64,ConstructionYear_2016,HHSize_4,72.5763907983,13576.8743039,40.7307335426,1058.36185747,2098.206722972973,2098.2097272265096
340,340,ConstructionType_hous,Age_120,ConstructionYear_2001,HHSize_4,73.5248036057,13668.1947551,40.977618422199996,1162.23591346,2098.206722972973,2098.206074975182
341,341,ConstructionType_hous,Age_29,ConstructionYear_2030,HHSize_1,71.7484448383,13712.794964899998,26.932747437199996,1345.45717734,2098.206722972973,2098.2042917229055
342,342,ConstructionType_hous,Age_39,ConstructionYear_1981,HHSize_4,71.6113815513,13877.449499399998,41.542346382,1323.07648869,2098.206722972973,2098.197706956605
343,343,ConstructionType_hous,Age_54,ConstructionYear_1991,HHSize_4,73.0507215531,13655.5585955,42.3532363063,1145.26631721,2098.206722972973,2098.2065804157487
344,344,ConstructionType_appt,Age_79,ConstructionYear_1970,HHSize_3,73.2631935764,13382.477751100001,36.178497268899996,1472.70802177,2098.206722972973,2098.2175013067185
345,345,ConstructionType_hous,Age_54,ConstructionYear_1981,HHSize_3,73.3350399953,13542.7058462,35.0988463428,1218.98468663,2098.206722972973,2098.2110935143733
346,346,ConstructionType_hous,Age_54,ConstructionYear_2011,HHSize_3,73.0787405275,13615.180144999998,36.698069195500004,1519.92112804,2098.206722972973,2098.2081952078033
347,347,ConstructionType_hous,Age_120,ConstructionYear_1945,HHSize_2,73.5342244032,13531.4768383,31.25860684,1427.1675672000001,2098.206722972973,2098.211542538483
348,348,ConstructionType_appt,Age_64,ConstructionYear_1945,HHSize_3,72.9113052324,13713.178361200002,35.9336672114,1230.36753632,2098.206722972973,2098.2042761426483
349,349,ConstructionType_hous,Age_54,ConstructionYear_1970,HHSize_3,73.02501787060001,13687.164572799998,37.9217323278,1644.93703726,2098.206722972973,2098.205316448397
350,350,ConstructionType_hous,Age_64,ConstructionYear_1991,HHSize_5,72.32037503869999,13613.5741472,45.08111401520001,1053.58602155,2098.206722972973,2098.2082595966035
351,351,ConstructionType_hous,Age_120,ConstructionYear_1961,HHSize_5,73.8893023671,13820.1998316,47.3904680262,1299.89178833,2098.206722972973,2098.199995974613
352,352,ConstructionType_hous,Age_54,ConstructionYear_1961,HHSize_1,75.1363660659,13740.7695287,24.316774178600003,1017.33859471,2098.206722972973,2098.2031722505963
353,353,ConstructionType_hous,Age_64,ConstructionYear_2011,HHSize_1,74.6117483213,13855.6977995,24.478826693600002,1170.74557653,2098.206722972973,2098.1985761999354
354,354,ConstructionType_hous,Age_64,ConstructionYear_2001,HHSize_4,71.8658109311,13677.7933432,41.7024494549,1322.10457356,2098.206722972973,2098.2056914667464
355,355,ConstructionType_hous,Age_54,ConstructionYear_1991,HHSize_4,71.7303209182,13893.8120662,40.8381547923,1599.61110579,2098.206722972973,2098.197052565962
356,356,ConstructionType_hous,Age_54,ConstructionYear_1991,HHSize_3,71.7023481217,13750.4832361,36.000879714,1416.38784888,2098.206722972973,2098.2027845179796
357,357,ConstructionType_hous,Age_24,ConstructionYear_2020,HHSize_4,73.0999279142,13480.1857189,42.1344996718,1440.17391188,2098.206722972973,2098.2135938443134
358,358,ConstructionType_hous,Age_29,ConstructionYear_1991,HHSize_1,73.0887179751,13568.9101305,26.336689678699997,1322.62766275,2098.206722972973,2098.2100456176468
359,359,ConstructionType_hous,Age_79,ConstructionYear_1981,HHSize_5,72.98107489590001,13739.4480042,43.1908003551,1526.92552199,2098.206722972973,2098.2032255610525
360,360,ConstructionType_hous,Age_79,ConstructionYear_2035,HHSize_3,72.7745772342,13816.8915975,34.2255745521,1406.87394005,2098.206722972973,2098.200128513719
361,361,ConstructionType_hous,Age_79,ConstructionYear_1991,HHSize_5,72.9763722854,13648.694791400001,44.8710250417,1391.94261568,2098.206722972973,2098.2068549262717
362,362,ConstructionType_hous,Age_29,ConstructionYear_2011,HHSize_6,73.3822745897,13649.4223213,52.264365128,1102.02035265,2098.206722972973,2098.206825745188
363,363,ConstructionType_appt,Age_79,ConstructionYear_1945,HHSize_8,73.0485015854,13371.6362565,58.183228893199995,1621.90273212,2098.206722972973,2098.2179349216867
364,364,ConstructionType_hous,Age_29,ConstructionYear_1945,HHSize_7,74.0084606791,13921.5622637,56.000094456899994,1154.25511626,2098.206722972973,2098.195942305501
365,365,ConstructionType_hous,Age_54,ConstructionYear_1945,HHSize_7,74.26720148140001,13750.696606200001,52.4137930367,1344.43563422,2098.206722972973,2098.2027754368564
366,366,ConstructionType_hous,Age_54,ConstructionYear_1991,HHSize_5,73.0824190912,13582.412895500001,43.8939213335,1371.3102473,2098.206722972973,2098.2095056211438
367,367,ConstructionType_hous,Age_120,ConstructionYear_1991,HHSize_5,72.4703226872,13731.309173299998,47.0372569034,1247.29794086,2098.206722972973,2098.2035511557256
368,368,ConstructionType_appt,Age_54,ConstructionYear_2001,HHSize_5,72.6485247391,13709.4757311,44.48696096,1294.5397978,2098.206722972973,2098.2044242731117
369,369,ConstructionType_hous,Age_39,ConstructionYear_2011,HHSize_6,73.7796368619,13692.2918995,52.1515463706,1304.13565788,2098.206722972973,2098.2051112378344
370,370,ConstructionType_hous,Age_54,ConstructionYear_2030,HHSize_2,72.148493774,13546.674727599999,30.2989252096,1171.04258504,2098.206722972973,2098.210935046651
371,371,ConstructionType_hous,Age_54,ConstructionYear_2030,HHSize_3,72.7442216819,13534.833838600001,34.0551275872,1297.25130498,2098.206722972973,2098.211408454899
372,372,ConstructionType_hous,Age_54,ConstructionYear_2001,HHSize_1,72.5860957066,13590.261457799998,24.3200971107,1188.63175723,2098.206722972973,2098.2091918514093
373,373,ConstructionType_hous,Age_39,ConstructionYear_2035,HHSize_2,72.1139202951,13598.000942800001,31.308934449200002,1322.3007103,2098.206722972973,2098.2088824382045
374,374,ConstructionType_appt,Age_64,ConstructionYear_1981,HHSize_2,72.9727379054,13749.1597508,30.7904601469,1341.87005667,2098.206722972973,2098.2028371769798
375,375,ConstructionType_appt,Age_64,ConstructionYear_1945,HHSize_4,72.2859555994,13346.8296795,37.6987286938,1590.51683362,2098.206722972973,2098.2189271384664
376,376,ConstructionType_appt,Age_39,ConstructionYear_1945,HHSize_6,74.057756083,13609.8022785,49.793513311999995,951.1169126230001,2098.206722972973,2098.2084100707516
377,377,ConstructionType_hous,Age_79,ConstructionYear_1981,HHSize_7,74.4565564696,13583.395786399999,55.8587884053,1590.5500998,2098.206722972973,2098.209466020115
378,378,ConstructionType_hous,Age_54,ConstructionYear_2030,HHSize_4,73.2200351441,13715.059770299998,39.00249827,1255.5856456,2098.206722972973,2098.20420083374
379,379,ConstructionType_hous,Age_79,ConstructionYear_2016,HHSize_4,73.1918921591,13812.5829093,40.5046011362,1292.86856551,2098.206722972973,2098.200300735713
380,380,ConstructionType_hous,Age_79,ConstructionYear_2011,HHSize_4,73.6126160857,13570.2623752,40.1114928823,1358.90195849,2098.206722972973,2098.2099914262176
381,381,ConstructionType_hous,Age_64,ConstructionYear_2001,HHSize_7,73.353506179,13787.0794437,54.5394510382,1458.58340053,2098.206722972973,2098.2013206252964
382,382,ConstructionType_hous,Age_64,ConstructionYear_1961,HHSize_7,73.46742738409999,13793.8251456,54.4261743068,1436.38920333,2098.206722972973,2098.201050829776
383,383,ConstructionType_hous,Age_54,ConstructionYear_2001,HHSize_3,72.8373973515,13604.530494999999,37.200677844,1537.16980231,2098.206722972973,2098.208621155661
384,384,ConstructionType_hous,Age_54,ConstructionYear_2001,HHSize_5,72.9395085058,13691.5146813,44.7404455545,1346.11043276,2098.206722972973,2098.2051424992055
385,385,ConstructionType_hous,Age_64,ConstructionYear_1981,HHSize_4,74.5003997571,13697.6392044,39.8155531492,1335.1058653,2098.206722972973,2098.2048972356583
386,386,ConstructionType_hous,Age_120,ConstructionYear_2016,HHSize_4,74.8828481286,13752.3829371,39.885821689400004,1287.47773723,2098.206722972973,2098.2027078665055
387,387,ConstructionType_hous,Age_79,ConstructionYear_2016,HHSize_4,73.4953560726,13597.778954499998,40.94725143,1540.93034991,2098.206722972973,2098.208891019933
388,388,ConstructionType_hous,Age_39,ConstructionYear_1981,HHSize_3,73.979095035,13532.9793847,34.2212752552,1274.57904516,2098.206722972973,2098.2114823534534
389,389,ConstructionType_hous,Age_64,ConstructionYear_1991,HHSize_5,74.12359811430001,13363.636105,42.55574224,1404.60186762,2098.206722972973,2098.2182546275417
390,390,ConstructionType_hous,Age_79,ConstructionYear_2030,HHSize_5,72.6310717934,13676.216454899999,44.6507459334,1235.44478683,2098.206722972973,2098.2057543654932
391,391,ConstructionType_hous,Age_79,ConstructionYear_1981,HHSize_5,74.1945898963,13578.823710100001,46.285832563,1361.60905937,2098.206722972973,2098.209648920425
392,392,ConstructionType_hous,Age_39,ConstructionYear_1970,HHSize_4,72.712711895,13762.636932700003,40.8472430693,1232.13746459,2098.206722972973,2098.2022982568515
393,393,ConstructionType_hous,Age_54,ConstructionYear_1981,HHSize_4,73.4506601498,13739.9152372,40.965786536100005,1408.22913447,2098.206722972973,2098.2032067749396
394,394,ConstructionType_hous,Age_79,ConstructionYear_1945,HHSize_5,72.9240297733,13712.3139834,46.9408734706,1081.70438871,2098.206722972973,2098.204310705671
395,395,ConstructionType_hous,Age_64,ConstructionYear_2020,HHSize_4,74.1452711702,13634.862718900002,41.7383526762,1200.69117188,2098.206722972973,2098.207407842674
396,396,ConstructionType_appt,Age_39,ConstructionYear_2016,HHSize_4,72.9929211764,13649.515801399999,37.4857923102,1270.09130766,2098.206722972973,2098.2068220919277
397,397,ConstructionType_hous,Age_29,ConstructionYear_2020,HHSize_3,74.0358413407,13716.775638100002,34.9508030236,1080.05618825,2098.206722972973,2098.204132039631
398,398,ConstructionType_hous,Age_39,ConstructionYear_2030,HHSize_1,73.8156681072,13969.565676100001,25.313692701500003,964.8139748410001,2098.206722972973,2098.1940226143925
399,399,ConstructionType_appt,Age_64,ConstructionYear_1945,HHSize_3,73.3319376713,13816.930904700002,34.7840202562,931.661918765,2098.206722972973,2098.2001268246972
400,400,ConstructionType_hous,Age_64,ConstructionYear_1981,HHSize_2,73.0431731502,13777.548270200003,30.8484134797,1219.50405428,2098.206722972973,2098.2017018578413
401,401,ConstructionType_hous,Age_79,ConstructionYear_2001,HHSize_1,72.40290475270001,13500.087900999999,25.0110767497,1183.10080305,2098.206722972973,2098.2127980735086
402,402,ConstructionType_hous,Age_79,ConstructionYear_1970,HHSize_2,72.251263353,13545.406990099998,29.776862274299997,1214.56818206,2098.206722972973,2098.2109857235855
403,403,ConstructionType_appt,Age_54,ConstructionYear_1970,HHSize_2,73.2585728065,13772.388597100002,31.165034488699998,1097.7394992999998,2098.206722972973,2098.2019081577014
404,404,ConstructionType_hous,Age_64,ConstructionYear_2011,HHSize_4,72.9861042352,13784.6061593,41.1700936314,1430.26137077,2098.206722972973,2098.2014196140562
405,405,ConstructionType_hous,Age_120,ConstructionYear_2011,HHSize_3,72.17081353270001,13452.4394607,36.3266536329,1404.16072444,2098.206722972973,2098.2147036596093
406,406,ConstructionType_hous,Age_120,ConstructionYear_2001,HHSize_3,73.26500257100001,13624.1005245,37.1250683164,1206.23732878,2098.206722972973,2098.207838428559
407,407,ConstructionType_hous,Age_24,ConstructionYear_1970,HHSize_5,73.00429461680001,13666.5514132,44.548575916000004,1380.48923827,2098.206722972973,2098.2061408065824
408,408,ConstructionType_hous,Age_64,ConstructionYear_2001,HHSize_5,72.3898008105,13536.398067200002,47.3563051508,1246.92882141,2098.206722972973,2098.211345975065
409,409,ConstructionType_hous,Age_64,ConstructionYear_1981,HHSize_8,72.688264932,13569.0102331,56.0938641482,1507.06626837,2098.206722972973,2098.210041699462
410,410,ConstructionType_appt,Age_79,ConstructionYear_2030,HHSize_8,73.2059252959,13601.2069426,61.198878705,1430.64799506,2098.206722972973,2098.208753993976
411,411,ConstructionType_appt,Age_54,ConstructionYear_2016,HHSize_5,72.8318867973,13843.261099899999,44.3365160333,1132.9886497000002,2098.206722972973,2098.1990739459943
412,412,ConstructionType_hous,Age_64,ConstructionYear_1981,HHSize_5,73.4862302601,13522.0035946,46.107410256099996,1428.81773886,2098.206722972973,2098.2119213980627
413,413,ConstructionType_hous,Age_54,ConstructionYear_1945,HHSize_2,72.7389094899,13582.179756799998,32.9781415549,1227.57373369,2098.206722972973,2098.2095150181667
414,414,ConstructionType_hous,Age_39,ConstructionYear_1981,HHSize_3,73.4459391256,14107.374820500001,37.8165548656,1313.18563418,2098.206722972973,2098.1885114875563
415,415,ConstructionType_hous,Age_54,ConstructionYear_1981,HHSize_4,73.3957151271,13683.558388999998,40.2129857329,1185.90262558,2098.206722972973,2098.2054605859953
416,416,ConstructionType_hous,Age_54,ConstructionYear_2030,HHSize_1,73.0659054143,13674.478989,23.6315948101,1471.86227104,2098.206722972973,2098.2058237567876
417,417,ConstructionType_hous,Age_54,ConstructionYear_1970,HHSize_2,72.0735381958,13528.1543716,31.650609604499998,1241.96299001,2098.206722972973,2098.2116757209924
418,418,ConstructionType_hous,Age_79,ConstructionYear_1970,HHSize_3,72.5380896523,13589.9594701,37.3305302881,1114.39860581,2098.206722972973,2098.209203938101
419,419,ConstructionType_hous,Age_64,ConstructionYear_2001,HHSize_5,73.5821986089,13716.072422,46.780578491099995,1147.78221597,2098.206722972973,2098.204160258938
420,420,ConstructionType_hous,Age_79,ConstructionYear_2001,HHSize_5,72.9473573193,13813.2259234,46.8878192033,1238.25450531,2098.206722972973,2098.200275072933
421,421,ConstructionType_hous,Age_79,ConstructionYear_1961,HHSize_3,73.7593616229,13683.067541100001,34.6209546729,1131.54315706,2098.206722972973,2098.20548013816
422,422,ConstructionType_hous,Age_79,ConstructionYear_2020,HHSize_2,72.7466766513,13847.8872787,32.439504465700004,1326.70421522,2098.206722972973,2098.19888895364
423,423,ConstructionType_hous,Age_54,ConstructionYear_2011,HHSize_5,72.1409342045,13645.943438600001,44.6266551696,1272.69660351,2098.206722972973,2098.20696513607
424,424,ConstructionType_hous,Age_64,ConstructionYear_2011,HHSize_4,73.2486661377,13835.0555139,40.9851158896,1179.80766037,2098.206722972973,2098.1994020085713
425,425,ConstructionType_hous,Age_64,ConstructionYear_2011,HHSize_4,73.29742188600001,13424.2115488,40.823610941,1380.06330127,2098.206722972973,2098.2158322966843
426,426,ConstructionType_appt,Age_29,ConstructionYear_2011,HHSize_5,72.58780958060001,13541.792714200003,44.926237200200006,1085.22559942,2098.206722972973,2098.211130195252
427,427,ConstructionType_hous,Age_39,ConstructionYear_2001,HHSize_5,72.9436289906,13726.579757299998,44.172808584399995,1116.66094269,2098.206722972973,2098.2037401909315
428,428,ConstructionType_hous,Age_54,ConstructionYear_1981,HHSize_3,72.6018604039,13662.674411000002,34.7189555795,1075.29666863,2098.206722972973,2098.2062959390055
429,429,ConstructionType_hous,Age_64,ConstructionYear_1945,HHSize_1,73.4560583378,13728.662175200001,26.4781582008,1163.71565003,2098.206722972973,2098.2036568022236
430,430,ConstructionType_hous,Age_54,ConstructionYear_2016,HHSize_1,72.84298742,13734.617538600001,26.702571345,1305.93951375,2098.206722972973,2098.203418769104
431,431,ConstructionType_hous,Age_79,ConstructionYear_2030,HHSize_3,73.382141133,13857.9217326,36.5222850151,1593.14487267,2098.206722972973,2098.198487523703
432,432,ConstructionType_hous,Age_79,ConstructionYear_2001,HHSize_3,72.6688359453,13829.4252345,36.3777591189,1528.55762773,2098.206722972973,2098.1996272962315
433,433,ConstructionType_hous,Age_79,ConstructionYear_2020,HHSize_3,73.4143584038,13432.3595524,37.0383650382,1177.8173094,2098.206722972973,2098.215506420202
434,434,ConstructionType_appt,Age_79,ConstructionYear_1961,HHSize_5,72.85771816329999,13564.711409799998,42.9238017115,1188.95029313,2098.206722972973,2098.210213582203
435,435,ConstructionType_hous,Age_79,ConstructionYear_2030,HHSize_2,72.36949179,13694.711041,31.2201168992,1230.86702815,2098.206722972973,2098.205014793627
436,436,ConstructionType_appt,Age_54,ConstructionYear_1981,HHSize_3,73.18170135220001,13736.0102701,34.13217646,906.533445793,2098.206722972973,2098.2033630005785
437,437,ConstructionType_hous,Age_79,ConstructionYear_2020,HHSize_5,73.1660058016,13765.1936954,46.6423657934,1361.07857271,2098.206722972973,2098.2021959109693
438,438,ConstructionType_appt,Age_54,ConstructionYear_2030,HHSize_4,72.98179939939999,13482.0209465,39.7694480467,1050.12143514,2098.206722972973,2098.2135204774254
439,439,ConstructionType_hous,Age_79,ConstructionYear_1991,HHSize_4,72.7316396817,13614.931969799998,38.6418984696,1146.80365286,2098.206722972973,2098.208205206956
440,440,ConstructionType_hous,Age_54,ConstructionYear_2035,HHSize_4,71.8816093919,13796.8405095,40.032761835900004,1464.58469506,2098.206722972973,2098.2009305794495
441,441,ConstructionType_appt,Age_64,ConstructionYear_1991,HHSize_4,71.8773988791,13939.2978227,36.4281192225,1652.67252727,2098.206722972973,2098.1952334897305
442,442,ConstructionType_hous,Age_64,ConstructionYear_1970,HHSize_4,73.2070487436,13679.8975405,41.0211812324,1254.80001511,2098.206722972973,2098.2056070296676
443,443,ConstructionType_hous,Age_79,ConstructionYear_2016,HHSize_2,73.62705359430001,13694.6763091,30.2149508875,1258.92325708,2098.206722972973,2098.2050159136743
444,444,ConstructionType_hous,Age_54,ConstructionYear_1981,HHSize_1,73.6823466041,13673.923990399999,24.9527718419,1274.71613922,2098.206722972973,2098.2058458200568
445,445,ConstructionType_appt,Age_24,ConstructionYear_1991,HHSize_2,73.8256221938,13767.6255877,30.0929682196,1154.83272291,2098.206722972973,2098.2020985171926
446,446,ConstructionType_hous,Age_79,ConstructionYear_1981,HHSize_4,72.6674015246,13616.743248100001,40.137487173000004,1221.99930905,2098.206722972973,2098.2081327848127
447,447,ConstructionType_hous,Age_120,ConstructionYear_2001,HHSize_4,72.4061418437,13531.4993715,39.4164576318,1263.25760951,2098.206722972973,2098.211541878647
448,448,ConstructionType_hous,Age_54,ConstructionYear_2030,HHSize_2,72.9331447371,13515.103270500002,29.324237456,1206.27166718,2098.206722972973,2098.212197471163
449,449,ConstructionType_hous,Age_54,ConstructionYear_2011,HHSize_3,73.42393043050001,13684.0536881,38.026119611599995,1165.4438406,2098.206722972973,2098.2054407722644
450,450,ConstructionType_appt,Age_79,ConstructionYear_1981,HHSize_1,73.3930457394,13614.9956818,26.2975636704,1139.01685802,2098.206722972973,2098.20820252045
451,451,ConstructionType_hous,Age_54,ConstructionYear_2011,HHSize_2,73.45306049279999,13490.1082125,29.920385902899998,1267.34477282,2098.206722972973,2098.213196951809
452,452,ConstructionType_hous,Age_64,ConstructionYear_2011,HHSize_4,73.5621133867,13511.9271433,40.6881043045,1285.5691142,2098.206722972973,2098.2123243549977
453,453,ConstructionType_hous,Age_64,ConstructionYear_2001,HHSize_6,73.351482722,13531.546772,51.8468630175,1363.112604,2098.206722972973,2098.211539780396
454,454,ConstructionType_appt,Age_79,ConstructionYear_1945,HHSize_5,72.09075044069999,13589.571978400001,46.3868583436,1259.40861027,2098.206722972973,2098.20921953282
455,455,ConstructionType_hous,Age_79,ConstructionYear_1945,HHSize_2,73.11932170989999,13483.720601899999,31.0496985485,1409.43499905,2098.206722972973,2098.2134524738235
456,456,ConstructionType_appt,Age_39,ConstructionYear_1991,HHSize_1,73.2389257013,13689.2263335,24.8328697673,1175.61485199,2098.206722972973,2098.2052339528
457,457,ConstructionType_hous,Age_29,ConstructionYear_1991,HHSize_4,72.862444384,13735.0552526,40.0446616742,1092.03700196,2098.206722972973,2098.2034012598388
458,458,ConstructionType_hous,Age_39,ConstructionYear_2020,HHSize_3,73.8250165261,13509.1868794,36.7616561206,1291.74327248,2098.206722972973,2098.2124338865615
459,459,ConstructionType_hous,Age_54,ConstructionYear_1961,HHSize_3,74.2627259005,13528.9366637,36.8956328227,1123.93678225,2098.206722972973,2098.2116439674337
460,460,ConstructionType_hous,Age_54,ConstructionYear_2001,HHSize_3,73.994284463,13576.785554,37.1065913679,1127.65240927,2098.206722972973,2098.2097304721133
461,461,ConstructionType_hous,Age_120,ConstructionYear_1945,HHSize_3,73.3463252105,13455.5089523,35.5247962762,1465.62501086,2098.206722972973,2098.214580654207
462,462,ConstructionType_appt,Age_79,ConstructionYear_2016,HHSize_3,72.9379178593,13627.0988019,34.4595521845,1379.49436261,2098.206722972973,2098.2077185945277
463,463,ConstructionType_hous,Age_29,ConstructionYear_2001,HHSize_2,74.11638028770001,13660.808091600002,30.5609653425,1038.75521708,2098.206722972973,2098.2063702528217
464,464,ConstructionType_hous,Age_64,ConstructionYear_2016,HHSize_6,72.99808811289999,13624.036732799997,51.931883014300006,1362.06755202,2098.206722972973,2098.2078410366585
465,465,ConstructionType_hous,Age_64,ConstructionYear_1961,HHSize_3,73.7152517631,13317.5926048,35.3012176281,967.722434341,2098.206722972973,2098.220096067069
466,466,ConstructionType_hous,Age_29,ConstructionYear_1945,HHSize_4,73.4861531217,13557.851690000001,41.3241797441,1361.84954211,2098.206722972973,2098.210487776607
467,467,ConstructionType_hous,Age_79,ConstructionYear_1961,HHSize_4,73.40410159439999,13726.6704216,40.087203185,1255.63613279,2098.206722972973,2098.203736466247
468,468,ConstructionType_hous,Age_64,ConstructionYear_2030,HHSize_6,73.113413361,13586.018800799999,49.6307401333,1415.56326597,2098.206722972973,2098.209361408954
469,469,ConstructionType_hous,Age_54,ConstructionYear_2030,HHSize_7,73.3060963661,13765.1931893,54.4084116962,1469.34637327,2098.206722972973,2098.202195901265
470,470,ConstructionType_hous,Age_64,ConstructionYear_2016,HHSize_7,72.9675463672,13705.070712,57.235399909099996,1476.93940674,2098.206722972973,2098.2046003666273
471,471,ConstructionType_appt,Age_54,ConstructionYear_2001,HHSize_6,72.6816328456,13625.884999799999,50.8631228175,1440.03140995,2098.206722972973,2098.207767191432
472,472,ConstructionType_hous,Age_39,ConstructionYear_1945,HHSize_3,72.0903914474,13794.4786738,37.8886686008,1154.73462044,2098.206722972973,2098.2010249883942
473,473,ConstructionType_hous,Age_54,ConstructionYear_1970,HHSize_3,73.3998410602,13757.7996349,37.8878740982,1319.9287344,2098.206722972973,2098.2024915605925
474,474,ConstructionType_hous,Age_64,ConstructionYear_1991,HHSize_2,73.2767392771,13724.529489300001,31.0744514917,1261.56446269,2098.206722972973,2098.203822112598
475,475,ConstructionType_hous,Age_64,ConstructionYear_1981,HHSize_2,72.07701348399999,13694.124202899999,29.8697524725,1093.65724805,2098.206722972973,2098.205038324667
476,476,ConstructionType_hous,Age_39,ConstructionYear_1945,HHSize_2,73.2064088605,13504.217762299999,31.5222549967,1335.01654905,2098.206722972973,2098.2126327416745
477,477,ConstructionType_appt,Age_54,ConstructionYear_1981,HHSize_2,73.9995643201,13466.2874667,29.5325466985,1110.73809696,2098.206722972973,2098.2141494662956
478,478,ConstructionType_appt,Age_64,ConstructionYear_1945,HHSize_2,71.9439178514,13656.427648700002,30.1976768626,1081.7371797,2098.206722972973,2098.206545900312
479,479,ConstructionType_appt,Age_39,ConstructionYear_1945,HHSize_2,72.3883554105,13650.405507799998,32.123180902600005,1161.09694178,2098.206722972973,2098.2067866404277
480,480,ConstructionType_hous,Age_39,ConstructionYear_1961,HHSize_2,73.0652299881,13711.2684063,30.113192533499998,1129.56715071,2098.206722972973,2098.2043524899755
481,481,ConstructionType_hous,Age_39,ConstructionYear_1961,HHSize_2,73.2432093271,13598.7185331,29.356058646399998,1106.09850057,2098.206722972973,2098.2088534989466
482,482,ConstructionType_hous,Age_54,ConstructionYear_1981,HHSize_6,72.53890247,13722.2355151,52.028275989799994,1327.33283631,2098.206722972973,2098.2039140103416
483,483,ConstructionType_hous,Age_54,ConstructionYear_1961,HHSize_1,72.7269318289,13545.710427000002,25.7653501777,1029.98685848,2098.206722972973,2098.2109734874252
484,484,ConstructionType_hous,Age_64,ConstructionYear_2030,HHSize_3,72.38350163189999,13534.57954,35.1329986359,1225.78037198,2098.206722972973,2098.211418701928
485,485,ConstructionType_hous,Age_29,ConstructionYear_2020,HHSize_3,72.990344756,13756.048169400001,37.3308336973,1138.73539088,2098.206722972973,2098.2025616928177
486,486,ConstructionType_hous,Age_120,ConstructionYear_1945,HHSize_6,72.78792503390001,13519.014232700003,50.2147847642,1518.65735104,2098.206722972973,2098.212041097712
487,487,ConstructionType_appt,Age_54,ConstructionYear_2030,HHSize_4,72.8475939309,13636.9072956,38.6145278563,1276.37032918,2098.206722972973,2098.207326356603
488,488,ConstructionType_hous,Age_39,ConstructionYear_1945,HHSize_2,73.62395385229999,13662.607348299998,28.2836304527,1298.58041972,2098.206722972973,2098.206298402828
489,489,ConstructionType_hous,Age_64,ConstructionYear_2001,HHSize_4,73.9292494879,13635.1853537,42.4027835138,1358.25972289,2098.206722972973,2098.2073949860014
490,490,ConstructionType_hous,Age_54,ConstructionYear_2011,HHSize_1,72.9216438483,13718.141457799999,25.1239114314,1348.76004158,2098.206722972973,2098.204077656689
491,491,ConstructionType_hous,Age_29,ConstructionYear_2001,HHSize_2,73.6912929427,13863.637029299998,33.0791966911,1046.1430076,2098.206722972973,2098.198258894456
492,492,ConstructionType_appt,Age_79,ConstructionYear_1945,HHSize_5,72.1836611884,13581.615600699999,44.7652576911,1289.13878552,2098.206722972973,2098.2095377010423
493,493,ConstructionType_hous,Age_120,ConstructionYear_1981,HHSize_2,72.30047646930001,13411.730038200001,31.1965297187,1317.98929789,2098.206722972973,2098.21633166587
494,494,ConstructionType_hous,Age_54,ConstructionYear_1900,HHSize_3,73.59017125609999,13762.589682,35.6462855304,1288.19365993,2098.206722972973,2098.2022999585947
495,495,ConstructionType_hous,Age_54,ConstructionYear_1900,HHSize_4,73.6890307886,13353.739308499999,40.1443679387,1195.93562508,2098.206722972973,2098.2186505091922
496,496,ConstructionType_hous,Age_54,ConstructionYear_1970,HHSize_5,72.9911303103,13562.6109005,46.9794985627,1308.04807344,2098.206722972973,2098.210297553846
497,497,ConstructionType_appt,Age_79,ConstructionYear_1961,HHSize_2,73.6937543378,13725.167512200002,31.0803630167,1404.01170313,2098.206722972973,2098.2037965104178
498,498,ConstructionType_hous,Age_120,ConstructionYear_2030,HHSize_2,72.0856251561,13659.9138535,31.968088085500003,1414.24515165,2098.206722972973,2098.2064064494984
499,499,ConstructionType_hous,Age_79,ConstructionYear_2001,HHSize_5,72.8506420066,13508.5143155,45.0022959338,1503.00468637,2098.206722972973,2098.2124609917114
500,500,ConstructionType_hous,Age_64,ConstructionYear_1970,HHSize_4,73.0035932947,13668.4832792,41.330849764899995,1190.06649515,2098.206722972973,2098.206063547522
501,501,ConstructionType_appt,Age_64,ConstructionYear_1981,HHSize_2,72.6808981312,13743.8873149,30.223938418000003,1118.57823734,2098.206722972973,2098.2030480924536
502,502,ConstructionType_hous,Age_64,ConstructionYear_1981,HHSize_1,73.8121347901,13476.934049000001,22.9661979624,976.024162189,2098.206722972973,2098.213723730975
503,503,ConstructionType_hous,Age_64,ConstructionYear_1970,HHSize_3,72.4797293298,13539.7853264,34.7114027809,1381.9979572999998,2098.206722972973,2098.2112104937655
504,504,ConstructionType_hous,Age_39,ConstructionYear_1970,HHSize_1,74.2179866062,13700.4499735,24.2349542889,1258.34223305,2098.206722972973,2098.2047848900097
505,505,ConstructionType_hous,Age_79,ConstructionYear_1991,HHSize_3,73.7503972826,13713.412347200001,33.885225662399996,1270.93251712,2098.206722972973,2098.204266603195
506,506,ConstructionType_hous,Age_54,ConstructionYear_1991,HHSize_3,74.0970424922,13844.6091895,36.163413159899996,898.491750532,2098.206722972973,2098.199019760194
507,507,ConstructionType_hous,Age_79,ConstructionYear_1970,HHSize_4,73.9548236262,13601.2430093,40.2942596335,1365.29977333,2098.206722972973,2098.2087523885198
508,508,ConstructionType_hous,Age_64,ConstructionYear_1970,HHSize_6,72.3695727595,13684.034306099999,48.8149971621,1443.01061243,2098.206722972973,2098.205441773403
509,509,ConstructionType_hous,Age_64,ConstructionYear_2001,HHSize_3,73.3196027887,13585.773417100001,34.9814672006,1095.74651105,2098.206722972973,2098.2093711776847
510,510,ConstructionType_hous,Age_24,ConstructionYear_1945,HHSize_6,74.06199850739999,13522.5446007,49.351737428199996,1223.86326349,2098.206722972973,2098.211899640067
511,511,ConstructionType_hous,Age_79,ConstructionYear_2020,HHSize_3,72.765370981,13707.6456363,36.6787912078,1231.4052576,2098.206722972973,2098.2044974341156
512,512,ConstructionType_appt,Age_64,ConstructionYear_1970,HHSize_5,72.05164938729999,13515.2607393,46.455229180100005,1097.56460513,2098.206722972973,2098.212191364951
513,513,ConstructionType_hous,Age_54,ConstructionYear_1981,HHSize_1,73.50369471229999,13657.2647514,26.7698342686,1053.15547963,2098.206722972973,2098.2065120875395
514,514,ConstructionType_hous,Age_64,ConstructionYear_1981,HHSize_2,73.9947198332,13808.669547100002,31.1107817102,1205.94556814,2098.206722972973,2098.2004570652734
515,515,ConstructionType_hous,Age_39,ConstructionYear_1981,HHSize_2,72.5538209512,13454.335172100002,31.2668984233,1248.09896819,2098.206722972973,2098.2146277647066
516,516,ConstructionType_hous,Age_54,ConstructionYear_1991,HHSize_1,72.4997983512,13691.2019595,27.060358607399998,1014.82388567,2098.206722972973,2098.2051550998294
517,517,ConstructionType_hous,Age_39,ConstructionYear_1945,HHSize_1,72.6032178596,13679.4684563,26.6254906698,1137.94042917,2098.206722972973,2098.2056243194374
518,518,ConstructionType_hous,Age_39,ConstructionYear_2035,HHSize_2,72.54179573350001,13650.89966,32.155699696,1193.86653084,2098.206722972973,2098.2067668434734
519,519,ConstructionType_hous,Age_64,ConstructionYear_1981,HHSize_3,73.10140835909999,13478.731111399999,35.436359703,1334.0903984000001,2098.206722972973,2098.213652015015
520,520,ConstructionType_appt,Age_64,ConstructionYear_2030,HHSize_6,72.8582604502,13795.210390399998,49.032927596499995,1367.21776595,2098.206722972973,2098.2009955641147
521,521,ConstructionType_hous,Age_64,ConstructionYear_2035,HHSize_4,73.6991624053,13455.234385499998,41.124184,1218.70798529,2098.206722972973,2098.214591558629
522,522,ConstructionType_hous,Age_64,ConstructionYear_1991,HHSize_3,72.3182206832,13830.4512534,36.163106973400005,1355.84522178,2098.206722972973,2098.199586339042
523,523,ConstructionType_hous,Age_54,ConstructionYear_1981,HHSize_3,72.5565952832,13866.9351002,36.4254948863,1326.85483592,2098.206722972973,2098.1981272413723
524,524,ConstructionType_hous,Age_64,ConstructionYear_1991,HHSize_3,71.9015745627,13888.3170895,35.846286595500004,1330.099789,2098.206722972973,2098.197272282079
525,525,ConstructionType_hous,Age_79,ConstructionYear_2001,HHSize_3,72.69687020970001,13691.5346056,34.5702311206,1289.04529417,2098.206722972973,2098.2051417540974
526,526,ConstructionType_hous,Age_29,ConstructionYear_1970,HHSize_5,74.6081957566,13834.822128999998,46.479141429399995,1483.95137688,2098.206722972973,2098.1994110518226
527,527,ConstructionType_appt,Age_24,ConstructionYear_1961,HHSize_6,73.0029415296,13620.9375121,51.2633332771,1345.65041272,2098.206722972973,2098.2079649813377
528,528,ConstructionType_hous,Age_64,ConstructionYear_1961,HHSize_6,71.9877178915,13699.1754845,50.975850000600005,1284.60881886,2098.206722972973,2098.2048363355434
529,529,ConstructionType_hous,Age_54,ConstructionYear_2030,HHSize_1,72.7203645606,13631.345141999998,24.6289036035,1526.84561336,2098.206722972973,2098.2075488213322
530,530,ConstructionType_hous,Age_79,ConstructionYear_1981,HHSize_7,73.6127438652,13744.524836300001,56.2164854947,1402.98941519,2098.206722972973,2098.203022395661
531,531,ConstructionType_hous,Age_64,ConstructionYear_1981,HHSize_6,73.75203713260001,13953.3227323,50.854010727399995,1360.77284907,2098.206722972973,2098.1946722083203
532,532,ConstructionType_appt,Age_54,ConstructionYear_1981,HHSize_8,71.8360317987,13670.786529700003,60.2529569969,1370.28719067,2098.206722972973,2098.205971689411
533,533,ConstructionType_hous,Age_54,ConstructionYear_2030,HHSize_6,73.2023313896,13404.6744366,50.3523092548,1408.07931381,2098.206722972973,2098.216613637198
534,534,ConstructionType_hous,Age_29,ConstructionYear_2001,HHSize_2,73.9126538675,13498.137104799998,31.5515346982,1146.77036113,2098.206722972973,2098.2128757658948
535,535,ConstructionType_hous,Age_79,ConstructionYear_2035,HHSize_3,72.6569988012,13556.5392838,35.3185777048,1164.74208759,2098.206722972973,2098.2105404387794
536,536,ConstructionType_hous,Age_64,ConstructionYear_1981,HHSize_2,72.6564899417,13734.4017185,31.803699681799998,1235.52248949,2098.206722972973,2098.2034274392704
537,537,ConstructionType_appt,Age_79,ConstructionYear_2035,HHSize_4,71.90219292270001,13666.7496185,41.046874905,1341.65331838,2098.206722972973,2098.206133117517
538,538,ConstructionType_appt,Age_79,ConstructionYear_1991,HHSize_4,71.9189917882,13672.4333613,39.9489576757,1297.23586688,2098.206722972973,2098.2059058118107
539,539,ConstructionType_hous,Age_64,ConstructionYear_1991,HHSize_2,72.3684384698,13795.016840799999,31.0350276199,1439.29157901,2098.206722972973,2098.2010034065083
540,540,ConstructionType_hous,Age_54,ConstructionYear_2030,HHSize_2,72.2557198296,13566.180394799998,28.828705146599997,1340.12113316,2098.206722972973,2098.210154961295
541,541,ConstructionType_hous,Age_54,ConstructionYear_1981,HHSize_1,73.8023664626,13572.599425400002,25.7747479169,1205.64310449,2098.206722972973,2098.209897923639
542,542,ConstructionType_hous,Age_79,ConstructionYear_1970,HHSize_5,71.5758632532,14063.0672606,44.6801025042,1441.72195616,2098.206722972973,2098.1902838170677
543,543,ConstructionType_hous,Age_79,ConstructionYear_2011,HHSize_5,73.1081838779,13563.9352937,45.775612402700006,1406.77837462,2098.206722972973,2098.210244564316
544,544,ConstructionType_hous,Age_54,ConstructionYear_2001,HHSize_1,73.4693628514,13704.595752399999,25.6391616487,1151.4540181,2098.206722972973,2098.2046192535477
545,545,ConstructionType_hous,Age_39,ConstructionYear_2020,HHSize_1,71.92777119899999,13698.895298500001,27.7405729095,1166.09424548,2098.206722972973,2098.2048475540837
546,546,ConstructionType_hous,Age_64,ConstructionYear_1945,HHSize_1,72.92995766850001,13850.650704700001,26.6353462275,1344.26664272,2098.206722972973,2098.198778400974
547,547,ConstructionType_appt,Age_64,ConstructionYear_1961,HHSize_2,72.5449235892,13811.1628488,30.9326190781,1228.33229596,2098.206722972973,2098.2003576669813
548,548,ConstructionType_hous,Age_54,ConstructionYear_1945,HHSize_5,72.427295152,13732.0818909,45.01017183689999,1382.35672634,2098.206722972973,2098.2035202620737
549,549,ConstructionType_hous,Age_120,ConstructionYear_1970,HHSize_6,71.5040792105,13582.3030037,49.29604326810001,1637.20740288,2098.206722972973,2098.209510354617
550,550,ConstructionType_hous,Age_54,ConstructionYear_1991,HHSize_5,72.02745792270001,13663.6533161,45.749790673599996,1390.45863232,2098.206722972973,2098.20625691423
551,551,ConstructionType_appt,Age_39,ConstructionYear_2030,HHSize_1,73.71897185,13604.917979,26.099428862899998,1310.99545776,2098.206722972973,2098.2086054743386
552,552,ConstructionType_hous,Age_64,ConstructionYear_2011,HHSize_1,73.69616899350001,13527.343500799998,25.4558594169,1334.00918183,2098.206722972973,2098.211707802433
553,553,ConstructionType_hous,Age_79,ConstructionYear_2011,HHSize_1,72.713522772,13656.6997083,24.932477681599998,1261.89400269,2098.206722972973,2098.2065348538054
554,554,ConstructionType_appt,Age_79,ConstructionYear_2035,HHSize_1,72.5827712625,13673.274305899999,24.2749427181,1210.8831309,2098.206722972973,2098.2058720399395
555,555,ConstructionType_hous,Age_120,ConstructionYear_2016,HHSize_2,72.7509625826,13567.665892899999,30.1727896863,1207.10990609,2098.206722972973,2098.2100954488
556,556,ConstructionType_hous,Age_39,ConstructionYear_1991,HHSize_2,72.8895528469,13596.854738499998,31.485878555,1222.58993103,2098.206722972973,2098.2089281105036
557,557,ConstructionType_appt,Age_54,ConstructionYear_1991,HHSize_3,74.1658465748,13554.794102700002,35.3691139918,1257.82480171,2098.206722972973,2098.210609910546
558,558,ConstructionType_hous,Age_79,ConstructionYear_1991,HHSize_2,73.7022115685,13581.227056099999,30.9701323717,1277.77303764,2098.206722972973,2098.209552912035
559,559,ConstructionType_appt,Age_79,ConstructionYear_1981,HHSize_3,73.7073333493,13476.629765200001,33.9579933375,1285.22342376,2098.206722972973,2098.2137359239114
560,560,ConstructionType_hous,Age_64,ConstructionYear_1961,HHSize_6,73.37971849819999,13720.0523592,49.6840120654,1253.89081116,2098.206722972973,2098.204001138548
561,561,ConstructionType_hous,Age_64,ConstructionYear_2035,HHSize_3,72.6090109843,13572.7144646,36.2561225821,1310.69294817,2098.206722972973,2098.2098935780286
562,562,ConstructionType_hous,Age_64,ConstructionYear_1945,HHSize_2,73.3865588064,13772.080336300001,30.7571386476,1157.75307967,2098.206722972973,2098.2019204557764
563,563,ConstructionType_hous,Age_79,ConstructionYear_1945,HHSize_4,73.1908101297,13562.8726893,42.0607930563,1116.85624866,2098.206722972973,2098.2102870415883
564,564,ConstructionType_hous,Age_64,ConstructionYear_1945,HHSize_4,72.970591384,13724.935424599998,40.4506148115,1277.95636233,2098.206722972973,2098.2038059441475
565,565,ConstructionType_hous,Age_39,ConstructionYear_1991,HHSize_2,73.6410370681,13612.173361200003,30.023499324699998,1358.64923922,2098.206722972973,2098.2083153338203
566,566,ConstructionType_hous,Age_64,ConstructionYear_1991,HHSize_3,73.38663871930001,13659.402979499999,37.5703685633,1311.26100187,2098.206722972973,2098.2064266008624
567,567,ConstructionType_appt,Age_64,ConstructionYear_1981,HHSize_3,73.61264733600001,13382.592133600001,38.0124068489,1391.34791521,2098.206722972973,2098.2174966574535
568,568,ConstructionType_hous,Age_79,ConstructionYear_1945,HHSize_6,73.5543472037,13678.0342448,47.1878496357,1145.48912513,2098.206722972973,2098.205681471794
569,569,ConstructionType_appt,Age_79,ConstructionYear_1981,HHSize_6,72.3647119562,13656.8821323,51.904403100699994,1251.50529076,2098.206722972973,2098.2065276349626
570,570,ConstructionType_hous,Age_64,ConstructionYear_2011,HHSize_4,72.1460069326,13741.600523500001,41.6215927008,1250.82736601,2098.206722972973,2098.2031396570474
571,571,ConstructionType_hous,Age_79,ConstructionYear_2035,HHSize_5,72.35231626720001,13821.861229700002,47.490651031400006,1552.42549837,2098.206722972973,2098.199929860907
572,572,ConstructionType_hous,Age_39,ConstructionYear_2035,HHSize_4,73.0610784869,13609.6839236,42.7147984345,1324.41762682,2098.206722972973,2098.2084150146634
573,573,ConstructionType_hous,Age_39,ConstructionYear_1981,HHSize_7,73.2494779933,13602.946113299999,55.374775197299996,1153.70428026,2098.206722972973,2098.208684430228
574,574,ConstructionType_hous,Age_64,ConstructionYear_1991,HHSize_6,72.6957574317,13964.534984099999,51.8006846046,1508.41194721,2098.206722972973,2098.1942240386843
575,575,ConstructionType_appt,Age_54,ConstructionYear_2001,HHSize_7,72.6914659169,13747.362965399998,54.8946553587,1331.50645703,2098.206722972973,2098.202909093919
576,576,ConstructionType_hous,Age_29,ConstructionYear_2001,HHSize_8,72.1061125331,13885.864782799998,59.020593707399996,1238.91289364,2098.206722972973,2098.1973703111503
577,577,ConstructionType_hous,Age_29,ConstructionYear_2001,HHSize_6,73.6134192994,13556.8780489,51.573793036400005,1645.10709458,2098.206722972973,2098.210526687147
578,578,ConstructionType_hous,Age_39,ConstructionYear_1991,HHSize_6,73.9264671757,13564.473905500001,50.1763983496,1613.97069767,2098.206722972973,2098.2102228495482
579,579,ConstructionType_hous,Age_79,ConstructionYear_1981,HHSize_3,71.7790559439,13645.5802269,38.125439127,1255.04504794,2098.206722972973,2098.2069797385097
580,580,ConstructionType_appt,Age_79,ConstructionYear_1981,HHSize_5,72.9909736125,13551.7816599,46.0826533971,1065.08393242,2098.206722972973,2098.210730634588
581,581,ConstructionType_hous,Age_54,ConstructionYear_2016,HHSize_5,72.8931539762,13629.398378900001,44.8457213444,1245.38602139,2098.206722972973,2098.207626638234
582,582,ConstructionType_appt,Age_29,ConstructionYear_2016,HHSize_4,73.5685245883,13632.4434456,40.9207803261,1252.03868702,2098.206722972973,2098.2075047194717
583,583,ConstructionType_hous,Age_54,ConstructionYear_2016,HHSize_5,74.4278484764,13623.1756022,44.998234654300006,1155.88447379,2098.206722972973,2098.207875168536
584,584,ConstructionType_appt,Age_64,ConstructionYear_1991,HHSize_4,74.0968894362,13546.684295500001,40.2483062286,1116.25529597,2098.206722972973,2098.210934249416
585,585,ConstructionType_hous,Age_54,ConstructionYear_1961,HHSize_3,71.9337919343,13770.150707499999,37.1568354314,1294.00622216,2098.206722972973,2098.201997935439
586,586,ConstructionType_hous,Age_39,ConstructionYear_1945,HHSize_2,73.33629782850001,13618.354573700002,30.962994751700002,1313.87154322,2098.206722972973,2098.208068202669
587,587,ConstructionType_appt,Age_64,ConstructionYear_1945,HHSize_3,72.6795200932,13762.5001984,35.3442555966,1334.57442225,2098.206722972973,2098.202303734133
588,588,ConstructionType_hous,Age_64,ConstructionYear_1991,HHSize_4,73.299601716,13409.098281999999,40.2575816896,1432.93896693,2098.206722972973,2098.21643669944
589,589,ConstructionType_hous,Age_39,ConstructionYear_1961,HHSize_3,72.7770075019,13424.7376603,35.4897065476,1296.61234137,2098.206722972973,2098.215811368239
590,590,ConstructionType_hous,Age_54,ConstructionYear_2011,HHSize_2,73.27142835859999,13445.9744051,32.1305355211,1296.62758022,2098.206722972973,2098.2149619712786
591,591,ConstructionType_hous,Age_24,ConstructionYear_2030,HHSize_2,72.5513960513,13735.267841699999,31.7183571365,1552.54590755,2098.206722972973,2098.2033928248748
