,index,n_BuildingSqm,n_BuildingKwh,NonRElectricity,w,wf
0,0,312.5947515174914,631.0,65632.75811061822,0.117,0.0
1,1,312.5947515174914,631.0,65632.75811061822,0.117,0.0
2,2,637.2298598861562,296.0,65341.759927087274,0.117,0.0
3,3,406.72633871362433,243.0,29710.895069066504,0.117,0.0
4,4,406.72633871362433,243.0,29710.895069066504,0.117,0.0
5,5,312.5947515174914,631.0,65632.75811061822,0.117,0.0
6,6,703.625461563575,316.0,78745.14961067829,0.117,0.0
7,7,312.5947515174914,631.0,65632.75811061822,0.117,0.0
8,8,837.2166583606537,293.0,104135.99305079236,0.117,0.09356388747282222
9,9,497.4279044195864,233.0,39935.241259193266,0.117,0.0
10,10,406.72633871362433,243.0,29710.895069066504,0.117,0.0
11,11,296.28054076293597,137.0,14102.799255324951,0.117,2.253230416315012
12,12,837.2166583606537,293.0,104135.99305079236,0.117,0.09356388747282222
13,13,837.2166583606537,293.0,104135.99305079236,0.117,0.09356388747282222
14,14,837.2166583606537,293.0,104135.99305079236,0.117,0.09356388747282222
15,15,703.625461563575,316.0,78745.14961067829,0.117,0.0
16,16,406.72633871362433,243.0,29710.895069066504,0.117,0.0
17,17,312.5947515174914,631.0,65632.75811061822,0.117,0.0
18,18,719.5871280224214,262.0,77620.75573468984,0.117,0.39983975490675033
19,19,837.2166583606537,293.0,104135.99305079236,0.117,0.09356388747282222
20,20,296.28054076293597,137.0,14102.799255324951,0.117,2.253230416315012
21,21,406.72633871362433,243.0,29710.895069066504,0.117,0.0
22,22,837.2166583606537,293.0,104135.99305079236,0.117,0.09356388747282222
23,23,837.2166583606537,293.0,104135.99305079236,0.117,0.09356388747282222
24,24,703.625461563575,316.0,78745.14961067829,0.117,0.0
25,25,312.5947515174914,631.0,65632.75811061822,0.117,0.0
26,26,312.5947515174914,631.0,65632.75811061822,0.117,0.0
27,27,637.2298598861562,296.0,65341.759927087274,0.117,0.0
28,28,637.2298598861562,296.0,65341.759927087274,0.117,0.0
29,29,837.2166583606537,293.0,104135.99305079236,0.117,0.09356388747282222
30,30,837.2166583606537,293.0,104135.99305079236,0.117,0.09356388747282222
31,31,837.2166583606537,293.0,104135.99305079236,0.117,0.09356388747282222
32,32,837.2166583606537,293.0,104135.99305079236,0.117,0.09356388747282222
33,33,312.5947515174914,631.0,65632.75811061822,0.117,0.0
34,34,719.5871280224214,262.0,77620.75573468984,0.117,0.39983975490675033
35,35,719.5871280224214,262.0,77620.75573468984,0.117,0.39983975490675033
36,36,406.72633871362433,243.0,29710.895069066504,0.117,0.0
37,37,703.625461563575,316.0,78745.14961067829,0.117,0.0
38,38,703.625461563575,316.0,78745.14961067829,0.117,0.0
39,39,703.625461563575,316.0,78745.14961067829,0.117,0.0
40,40,719.5871280224214,262.0,77620.75573468984,0.117,0.39983975490675033
41,41,312.5947515174914,631.0,65632.75811061822,0.117,0.0
42,42,719.5871280224214,262.0,77620.75573468984,0.117,0.39983975490675033
43,43,637.2298598861562,296.0,65341.759927087274,0.117,0.0
44,44,837.2166583606537,293.0,104135.99305079236,0.117,0.09356388747282222
45,45,637.2298598861562,296.0,65341.759927087274,0.117,0.0
46,46,719.5871280224214,262.0,77620.75573468984,0.117,0.39983975490675033
47,47,837.2166583606537,293.0,104135.99305079236,0.117,0.09356388747282222
48,48,406.72633871362433,243.0,29710.895069066504,0.117,0.0
49,49,406.72633871362433,243.0,29710.895069066504,0.117,0.0
50,50,406.72633871362433,243.0,29710.895069066504,0.117,0.0
51,51,637.2298598861562,296.0,65341.759927087274,0.117,0.0
52,52,406.72633871362433,243.0,29710.895069066504,0.117,0.0
53,53,637.2298598861562,296.0,65341.759927087274,0.117,0.0
54,54,837.2166583606537,293.0,104135.99305079236,0.117,0.09356388747282222
55,55,837.2166583606537,293.0,104135.99305079236,0.117,0.09356388747282222
56,56,837.2166583606537,293.0,104135.99305079236,0.117,0.09356388747282222
57,57,837.2166583606537,293.0,104135.99305079236,0.117,0.09356388747282222
58,58,837.2166583606537,293.0,104135.99305079236,0.117,0.09356388747282222
59,59,637.2298598861562,296.0,65341.759927087274,0.117,0.0
60,60,497.4279044195864,233.0,39935.241259193266,0.117,0.0
61,61,406.72633871362433,243.0,29710.895069066504,0.117,0.0
62,62,406.72633871362433,243.0,29710.895069066504,0.117,0.0
63,63,406.72633871362433,243.0,29710.895069066504,0.117,0.0
64,64,406.72633871362433,243.0,29710.895069066504,0.117,0.0
65,65,406.72633871362433,243.0,29710.895069066504,0.117,0.0
66,66,637.2298598861562,296.0,65341.759927087274,0.117,0.0
67,67,837.2166583606537,293.0,104135.99305079236,0.117,0.09356388747282222
68,68,837.2166583606537,293.0,104135.99305079236,0.117,0.09356388747282222
69,69,497.4279044195864,233.0,39935.241259193266,0.117,0.0
70,70,637.2298598861562,296.0,65341.759927087274,0.117,0.0
71,71,637.2298598861562,296.0,65341.759927087274,0.117,0.0
72,72,703.625461563575,316.0,78745.14961067829,0.117,0.0
73,73,637.2298598861562,296.0,65341.759927087274,0.117,0.0
74,74,497.4279044195864,233.0,39935.241259193266,0.117,0.0
75,75,406.72633871362433,243.0,29710.895069066504,0.117,0.0
76,76,637.2298598861562,296.0,65341.759927087274,0.117,0.0
77,77,637.2298598861562,296.0,65341.759927087274,0.117,0.0
78,78,497.4279044195864,233.0,39935.241259193266,0.117,0.0
79,79,406.72633871362433,243.0,29710.895069066504,0.117,0.0
80,80,406.72633871362433,243.0,29710.895069066504,0.117,0.0
81,81,312.5947515174914,631.0,65632.75811061822,0.117,0.0
82,82,837.2166583606537,293.0,104135.99305079236,0.117,0.09356388747282222
83,83,312.5947515174914,631.0,65632.75811061822,0.117,0.0
84,84,312.5947515174914,631.0,65632.75811061822,0.117,0.0
85,85,719.5871280224214,262.0,77620.75573468984,0.117,0.39983975490675033
86,86,637.2298598861562,296.0,65341.759927087274,0.117,0.0
87,87,719.5871280224214,262.0,77620.75573468984,0.117,0.39983975490675033
88,88,312.5947515174914,631.0,65632.75811061822,0.117,0.0
89,89,837.2166583606537,293.0,104135.99305079236,0.117,0.09356388747282222
90,90,719.5871280224214,262.0,77620.75573468984,0.117,0.39983975490675033
91,91,837.2166583606537,293.0,104135.99305079236,0.117,0.09356388747282222
92,92,837.2166583606537,293.0,104135.99305079236,0.117,0.09356388747282222
93,93,837.2166583606537,293.0,104135.99305079236,0.117,0.09356388747282222
94,94,837.2166583606537,293.0,104135.99305079236,0.117,0.09356388747282222
95,95,406.72633871362433,243.0,29710.895069066504,0.117,0.0
96,96,406.72633871362433,243.0,29710.895069066504,0.117,0.0
97,97,637.2298598861562,296.0,65341.759927087274,0.117,0.0
98,98,719.5871280224214,262.0,77620.75573468984,0.117,0.39983975490675033
99,99,312.5947515174914,631.0,65632.75811061822,0.117,0.0
100,100,719.5871280224214,262.0,77620.75573468984,0.117,0.39983975490675033
101,101,837.2166583606537,293.0,104135.99305079236,0.117,0.09356388747282222
102,102,837.2166583606537,293.0,104135.99305079236,0.117,0.09356388747282222
103,103,406.72633871362433,243.0,29710.895069066504,0.117,0.0
104,104,406.72633871362433,243.0,29710.895069066504,0.117,0.0
105,105,637.2298598861562,296.0,65341.759927087274,0.117,0.0
106,106,406.72633871362433,243.0,29710.895069066504,0.117,0.0
107,107,312.5947515174914,631.0,65632.75811061822,0.117,0.0
108,108,837.2166583606537,293.0,104135.99305079236,0.117,0.09356388747282222
109,109,837.2166583606537,293.0,104135.99305079236,0.117,0.09356388747282222
110,110,837.2166583606537,293.0,104135.99305079236,0.117,0.09356388747282222
111,111,406.72633871362433,243.0,29710.895069066504,0.117,0.0
112,112,637.2298598861562,296.0,65341.759927087274,0.117,0.0
113,113,637.2298598861562,296.0,65341.759927087274,0.117,0.0
114,114,637.2298598861562,296.0,65341.759927087274,0.117,0.0
115,115,837.2166583606537,293.0,104135.99305079236,0.117,0.09356388747282222
116,116,497.4279044195864,233.0,39935.241259193266,0.117,0.0
117,117,312.5947515174914,631.0,65632.75811061822,0.117,0.0
118,118,406.72633871362433,243.0,29710.895069066504,0.117,0.0
119,119,312.5947515174914,631.0,65632.75811061822,0.117,0.0
120,120,312.5947515174914,631.0,65632.75811061822,0.117,0.0
121,121,406.72633871362433,243.0,29710.895069066504,0.117,0.0
122,122,837.2166583606537,293.0,104135.99305079236,0.117,0.09356388747282222
123,123,296.28054076293597,137.0,14102.799255324951,0.117,2.253230416315012
124,124,406.72633871362433,243.0,29710.895069066504,0.117,0.0
125,125,406.72633871362433,243.0,29710.895069066504,0.117,0.0
126,126,406.72633871362433,243.0,29710.895069066504,0.117,0.0
127,127,406.72633871362433,243.0,29710.895069066504,0.117,0.0
128,128,837.2166583606537,293.0,104135.99305079236,0.117,0.09356388747282222
129,129,837.2166583606537,293.0,104135.99305079236,0.117,0.09356388747282222
130,130,837.2166583606537,293.0,104135.99305079236,0.117,0.09356388747282222
131,131,837.2166583606537,293.0,104135.99305079236,0.117,0.09356388747282222
132,132,837.2166583606537,293.0,104135.99305079236,0.117,0.09356388747282222
133,133,703.625461563575,316.0,78745.14961067829,0.117,0.0
134,134,406.72633871362433,243.0,29710.895069066504,0.117,0.0
135,135,406.72633871362433,243.0,29710.895069066504,0.117,0.0
136,136,312.5947515174914,631.0,65632.75811061822,0.117,0.0
137,137,312.5947515174914,631.0,65632.75811061822,0.117,0.0
138,138,406.72633871362433,243.0,29710.895069066504,0.117,0.0
139,139,406.72633871362433,243.0,29710.895069066504,0.117,0.0
140,140,296.28054076293597,137.0,14102.799255324951,0.117,2.253230416315012
141,141,406.72633871362433,243.0,29710.895069066504,0.117,0.0
142,142,719.5871280224214,262.0,77620.75573468984,0.117,0.39983975490675033
143,143,703.625461563575,316.0,78745.14961067829,0.117,0.0
144,144,497.4279044195864,233.0,39935.241259193266,0.117,0.0
145,145,406.72633871362433,243.0,29710.895069066504,0.117,0.0
146,146,406.72633871362433,243.0,29710.895069066504,0.117,0.0
147,147,406.72633871362433,243.0,29710.895069066504,0.117,0.0
148,148,406.72633871362433,243.0,29710.895069066504,0.117,0.0
149,149,837.2166583606537,293.0,104135.99305079236,0.117,0.09356388747282222
150,150,637.2298598861562,296.0,65341.759927087274,0.117,0.0
151,151,837.2166583606537,293.0,104135.99305079236,0.117,0.09356388747282222
152,152,406.72633871362433,243.0,29710.895069066504,0.117,0.0
153,153,837.2166583606537,293.0,104135.99305079236,0.117,0.09356388747282222
154,154,837.2166583606537,293.0,104135.99305079236,0.117,0.09356388747282222
155,155,406.72633871362433,243.0,29710.895069066504,0.117,0.0
156,156,637.2298598861562,296.0,65341.759927087274,0.117,0.0
157,157,703.625461563575,316.0,78745.14961067829,0.117,0.0
158,158,837.2166583606537,293.0,104135.99305079236,0.117,0.09356388747282222
159,159,837.2166583606537,293.0,104135.99305079236,0.117,0.09356388747282222
160,160,837.2166583606537,293.0,104135.99305079236,0.117,0.09356388747282222
161,161,837.2166583606537,293.0,104135.99305079236,0.117,0.09356388747282222
162,162,837.2166583606537,293.0,104135.99305079236,0.117,0.09356388747282222
163,163,406.72633871362433,243.0,29710.895069066504,0.117,0.0
164,164,406.72633871362433,243.0,29710.895069066504,0.117,0.0
165,165,837.2166583606537,293.0,104135.99305079236,0.117,0.09356388747282222
166,166,837.2166583606537,293.0,104135.99305079236,0.117,0.09356388747282222
167,167,837.2166583606537,293.0,104135.99305079236,0.117,0.09356388747282222
168,168,719.5871280224214,262.0,77620.75573468984,0.117,0.39983975490675033
169,169,719.5871280224214,262.0,77620.75573468984,0.117,0.39983975490675033
170,170,406.72633871362433,243.0,29710.895069066504,0.117,0.0
171,171,703.625461563575,316.0,78745.14961067829,0.117,0.0
172,172,312.5947515174914,631.0,65632.75811061822,0.117,0.0
173,173,1165.9945839264515,592.0,226331.56621080512,0.117,0.0
174,174,406.72633871362433,243.0,29710.895069066504,0.117,0.0
175,175,406.72633871362433,243.0,29710.895069066504,0.117,0.0
176,176,1165.9945839264515,592.0,226331.56621080512,0.117,0.0
177,177,406.72633871362433,243.0,29710.895069066504,0.117,0.0
178,178,312.5947515174914,631.0,65632.75811061822,0.117,0.0
179,179,703.625461563575,316.0,78745.14961067829,0.117,0.0
180,180,406.72633871362433,243.0,29710.895069066504,0.117,0.0
181,181,406.72633871362433,243.0,29710.895069066504,0.117,0.0
182,182,837.2166583606537,293.0,104135.99305079236,0.117,0.09356388747282222
183,183,837.2166583606537,293.0,104135.99305079236,0.117,0.09356388747282222
184,184,837.2166583606537,293.0,104135.99305079236,0.117,0.09356388747282222
185,185,837.2166583606537,293.0,104135.99305079236,0.117,0.09356388747282222
186,186,637.2298598861562,296.0,65341.759927087274,0.117,0.0
187,187,637.2298598861562,296.0,65341.759927087274,0.117,0.0
188,188,406.72633871362433,243.0,29710.895069066504,0.117,0.0
189,189,406.72633871362433,243.0,29710.895069066504,0.117,0.0
190,190,837.2166583606537,293.0,104135.99305079236,0.117,0.09356388747282222
191,191,837.2166583606537,293.0,104135.99305079236,0.117,0.09356388747282222
192,192,1165.9945839264515,592.0,226331.56621080512,0.117,0.0
193,193,296.28054076293597,137.0,14102.799255324951,0.117,2.253230416315012
194,194,497.4279044195864,233.0,39935.241259193266,0.117,0.0
195,195,637.2298598861562,296.0,65341.759927087274,0.117,0.0
196,196,296.28054076293597,137.0,14102.799255324951,0.117,2.253230416315012
197,197,837.2166583606537,293.0,104135.99305079236,0.117,0.09356388747282222
198,198,837.2166583606537,293.0,104135.99305079236,0.117,0.09356388747282222
199,199,837.2166583606537,293.0,104135.99305079236,0.117,0.09356388747282222
200,200,837.2166583606537,293.0,104135.99305079236,0.117,0.09356388747282222
201,201,703.625461563575,316.0,78745.14961067829,0.117,0.0
202,202,837.2166583606537,293.0,104135.99305079236,0.117,0.09356388747282222
203,203,837.2166583606537,293.0,104135.99305079236,0.117,0.09356388747282222
204,204,837.2166583606537,293.0,104135.99305079236,0.117,0.09356388747282222
205,205,837.2166583606537,293.0,104135.99305079236,0.117,0.09356388747282222
206,206,719.5871280224214,262.0,77620.75573468984,0.117,0.39983975490675033
207,207,406.72633871362433,243.0,29710.895069066504,0.117,0.0
208,208,837.2166583606537,293.0,104135.99305079236,0.117,0.09356388747282222
209,209,406.72633871362433,243.0,29710.895069066504,0.117,0.0
210,210,406.72633871362433,243.0,29710.895069066504,0.117,0.0
211,211,637.2298598861562,296.0,65341.759927087274,0.117,0.0
212,212,837.2166583606537,293.0,104135.99305079236,0.117,0.09356388747282222
213,213,637.2298598861562,296.0,65341.759927087274,0.117,0.0
214,214,837.2166583606537,293.0,104135.99305079236,0.117,0.09356388747282222
215,215,837.2166583606537,293.0,104135.99305079236,0.117,0.09356388747282222
216,216,837.2166583606537,293.0,104135.99305079236,0.117,0.09356388747282222
217,217,837.2166583606537,293.0,104135.99305079236,0.117,0.09356388747282222
218,218,837.2166583606537,293.0,104135.99305079236,0.117,0.09356388747282222
219,219,406.72633871362433,243.0,29710.895069066504,0.117,0.0
220,220,406.72633871362433,243.0,29710.895069066504,0.117,0.0
221,221,703.625461563575,316.0,78745.14961067829,0.117,0.0
222,222,296.28054076293597,137.0,14102.799255324951,0.117,2.253230416315012
223,223,406.72633871362433,243.0,29710.895069066504,0.117,0.0
224,224,406.72633871362433,243.0,29710.895069066504,0.117,0.0
225,225,637.2298598861562,296.0,65341.759927087274,0.117,0.0
226,226,637.2298598861562,296.0,65341.759927087274,0.117,0.0
227,227,719.5871280224214,262.0,77620.75573468984,0.117,0.39983975490675033
228,228,406.72633871362433,243.0,29710.895069066504,0.117,0.0
229,229,406.72633871362433,243.0,29710.895069066504,0.117,0.0
230,230,406.72633871362433,243.0,29710.895069066504,0.117,0.0
231,231,837.2166583606537,293.0,104135.99305079236,0.117,0.09356388747282222
232,232,837.2166583606537,293.0,104135.99305079236,0.117,0.09356388747282222
233,233,719.5871280224214,262.0,77620.75573468984,0.117,0.39983975490675033
234,234,637.2298598861562,296.0,65341.759927087274,0.117,0.0
235,235,406.72633871362433,243.0,29710.895069066504,0.117,0.0
236,236,312.5947515174914,631.0,65632.75811061822,0.117,0.0
237,237,312.5947515174914,631.0,65632.75811061822,0.117,0.0
238,238,837.2166583606537,293.0,104135.99305079236,0.117,0.09356388747282222
239,239,837.2166583606537,293.0,104135.99305079236,0.117,0.09356388747282222
240,240,837.2166583606537,293.0,104135.99305079236,0.117,0.09356388747282222
241,241,837.2166583606537,293.0,104135.99305079236,0.117,0.09356388747282222
242,242,312.5947515174914,631.0,65632.75811061822,0.117,0.0
243,243,296.28054076293597,137.0,14102.799255324951,0.117,2.253230416315012
244,244,703.625461563575,316.0,78745.14961067829,0.117,0.0
245,245,719.5871280224214,262.0,77620.75573468984,0.117,0.39983975490675033
246,246,312.5947515174914,631.0,65632.75811061822,0.117,0.0
247,247,312.5947515174914,631.0,65632.75811061822,0.117,0.0
248,248,497.4279044195864,233.0,39935.241259193266,0.117,0.0
249,249,837.2166583606537,293.0,104135.99305079236,0.117,0.09356388747282222
250,250,406.72633871362433,243.0,29710.895069066504,0.117,0.0
251,251,837.2166583606537,293.0,104135.99305079236,0.117,0.09356388747282222
252,252,837.2166583606537,293.0,104135.99305079236,0.117,0.09356388747282222
253,253,837.2166583606537,293.0,104135.99305079236,0.117,0.09356388747282222
254,254,837.2166583606537,293.0,104135.99305079236,0.117,0.09356388747282222
255,255,837.2166583606537,293.0,104135.99305079236,0.117,0.09356388747282222
256,256,837.2166583606537,293.0,104135.99305079236,0.117,0.09356388747282222
257,257,837.2166583606537,293.0,104135.99305079236,0.117,0.09356388747282222
258,258,837.2166583606537,293.0,104135.99305079236,0.117,0.09356388747282222
259,259,837.2166583606537,293.0,104135.99305079236,0.117,0.09356388747282222
260,260,296.28054076293597,137.0,14102.799255324951,0.117,2.253230416315012
261,261,637.2298598861562,296.0,65341.759927087274,0.117,0.0
262,262,637.2298598861562,296.0,65341.759927087274,0.117,0.0
263,263,837.2166583606537,293.0,104135.99305079236,0.117,0.09356388747282222
264,264,837.2166583606537,293.0,104135.99305079236,0.117,0.09356388747282222
265,265,312.5947515174914,631.0,65632.75811061822,0.117,0.0
266,266,837.2166583606537,293.0,104135.99305079236,0.117,0.09356388747282222
267,267,637.2298598861562,296.0,65341.759927087274,0.117,0.0
268,268,837.2166583606537,293.0,104135.99305079236,0.117,0.09356388747282222
269,269,637.2298598861562,296.0,65341.759927087274,0.117,0.0
270,270,637.2298598861562,296.0,65341.759927087274,0.117,0.0
271,271,719.5871280224214,262.0,77620.75573468984,0.117,0.39983975490675033
272,272,637.2298598861562,296.0,65341.759927087274,0.117,0.0
273,273,719.5871280224214,262.0,77620.75573468984,0.117,0.39983975490675033
274,274,719.5871280224214,262.0,77620.75573468984,0.117,0.39983975490675033
275,275,837.2166583606537,293.0,104135.99305079236,0.117,0.09356388747282222
276,276,837.2166583606537,293.0,104135.99305079236,0.117,0.09356388747282222
277,277,406.72633871362433,243.0,29710.895069066504,0.117,0.0
278,278,703.625461563575,316.0,78745.14961067829,0.117,0.0
279,279,406.72633871362433,243.0,29710.895069066504,0.117,0.0
280,280,406.72633871362433,243.0,29710.895069066504,0.117,0.0
281,281,497.4279044195864,233.0,39935.241259193266,0.117,0.0
282,282,703.625461563575,316.0,78745.14961067829,0.117,0.0
283,283,312.5947515174914,631.0,65632.75811061822,0.117,0.0
284,284,837.2166583606537,293.0,104135.99305079236,0.117,0.09356388747282222
285,285,312.5947515174914,631.0,65632.75811061822,0.117,0.0
286,286,837.2166583606537,293.0,104135.99305079236,0.117,0.09356388747282222
287,287,637.2298598861562,296.0,65341.759927087274,0.117,0.0
288,288,406.72633871362433,243.0,29710.895069066504,0.117,0.0
289,289,406.72633871362433,243.0,29710.895069066504,0.117,0.0
290,290,312.5947515174914,631.0,65632.75811061822,0.117,0.0
291,291,719.5871280224214,262.0,77620.75573468984,0.117,0.39983975490675033
292,292,837.2166583606537,293.0,104135.99305079236,0.117,0.09356388747282222
293,293,837.2166583606537,293.0,104135.99305079236,0.117,0.09356388747282222
294,294,837.2166583606537,293.0,104135.99305079236,0.117,0.09356388747282222
295,295,837.2166583606537,293.0,104135.99305079236,0.117,0.09356388747282222
296,296,837.2166583606537,293.0,104135.99305079236,0.117,0.09356388747282222
297,297,837.2166583606537,293.0,104135.99305079236,0.117,0.09356388747282222
298,298,406.72633871362433,243.0,29710.895069066504,0.117,0.0
299,299,837.2166583606537,293.0,104135.99305079236,0.117,0.09356388747282222
300,300,406.72633871362433,243.0,29710.895069066504,0.117,0.0
301,301,719.5871280224214,262.0,77620.75573468984,0.117,0.39983975490675033
302,302,703.625461563575,316.0,78745.14961067829,0.117,0.0
303,303,837.2166583606537,293.0,104135.99305079236,0.117,0.09356388747282222
304,304,406.72633871362433,243.0,29710.895069066504,0.117,0.0
305,305,837.2166583606537,293.0,104135.99305079236,0.117,0.09356388747282222
306,306,837.2166583606537,293.0,104135.99305079236,0.117,0.09356388747282222
307,307,837.2166583606537,293.0,104135.99305079236,0.117,0.09356388747282222
308,308,837.2166583606537,293.0,104135.99305079236,0.117,0.09356388747282222
309,309,837.2166583606537,293.0,104135.99305079236,0.117,0.09356388747282222
310,310,837.2166583606537,293.0,104135.99305079236,0.117,0.09356388747282222
311,311,837.2166583606537,293.0,104135.99305079236,0.117,0.09356388747282222
312,312,837.2166583606537,293.0,104135.99305079236,0.117,0.09356388747282222
313,313,837.2166583606537,293.0,104135.99305079236,0.117,0.09356388747282222
314,314,837.2166583606537,293.0,104135.99305079236,0.117,0.09356388747282222
315,315,837.2166583606537,293.0,104135.99305079236,0.117,0.09356388747282222
316,316,637.2298598861562,296.0,65341.759927087274,0.117,0.0
317,317,637.2298598861562,296.0,65341.759927087274,0.117,0.0
318,318,406.72633871362433,243.0,29710.895069066504,0.117,0.0
319,319,406.72633871362433,243.0,29710.895069066504,0.117,0.0
320,320,406.72633871362433,243.0,29710.895069066504,0.117,0.0
321,321,406.72633871362433,243.0,29710.895069066504,0.117,0.0
322,322,406.72633871362433,243.0,29710.895069066504,0.117,0.0
323,323,406.72633871362433,243.0,29710.895069066504,0.117,0.0
324,324,837.2166583606537,293.0,104135.99305079236,0.117,0.09356388747282222
325,325,837.2166583606537,293.0,104135.99305079236,0.117,0.09356388747282222
326,326,703.625461563575,316.0,78745.14961067829,0.117,0.0
327,327,312.5947515174914,631.0,65632.75811061822,0.117,0.0
328,328,837.2166583606537,293.0,104135.99305079236,0.117,0.09356388747282222
329,329,837.2166583606537,293.0,104135.99305079236,0.117,0.09356388747282222
330,330,837.2166583606537,293.0,104135.99305079236,0.117,0.09356388747282222
331,331,837.2166583606537,293.0,104135.99305079236,0.117,0.09356388747282222
332,332,837.2166583606537,293.0,104135.99305079236,0.117,0.09356388747282222
333,333,837.2166583606537,293.0,104135.99305079236,0.117,0.09356388747282222
334,334,837.2166583606537,293.0,104135.99305079236,0.117,0.09356388747282222
335,335,837.2166583606537,293.0,104135.99305079236,0.117,0.09356388747282222
336,336,406.72633871362433,243.0,29710.895069066504,0.117,0.0
337,337,637.2298598861562,296.0,65341.759927087274,0.117,0.0
338,338,637.2298598861562,296.0,65341.759927087274,0.117,0.0
339,339,837.2166583606537,293.0,104135.99305079236,0.117,0.09356388747282222
340,340,837.2166583606537,293.0,104135.99305079236,0.117,0.09356388747282222
341,341,837.2166583606537,293.0,104135.99305079236,0.117,0.09356388747282222
342,342,497.4279044195864,233.0,39935.241259193266,0.117,0.0
343,343,837.2166583606537,293.0,104135.99305079236,0.117,0.09356388747282222
344,344,637.2298598861562,296.0,65341.759927087274,0.117,0.0
345,345,637.2298598861562,296.0,65341.759927087274,0.117,0.0
346,346,312.5947515174914,631.0,65632.75811061822,0.117,0.0
347,347,637.2298598861562,296.0,65341.759927087274,0.117,0.0
348,348,637.2298598861562,296.0,65341.759927087274,0.117,0.0
349,349,312.5947515174914,631.0,65632.75811061822,0.117,0.0
350,350,406.72633871362433,243.0,29710.895069066504,0.117,0.0
351,351,637.2298598861562,296.0,65341.759927087274,0.117,0.0
352,352,312.5947515174914,631.0,65632.75811061822,0.117,0.0
353,353,837.2166583606537,293.0,104135.99305079236,0.117,0.09356388747282222
354,354,837.2166583606537,293.0,104135.99305079236,0.117,0.09356388747282222
355,355,406.72633871362433,243.0,29710.895069066504,0.117,0.0
356,356,406.72633871362433,243.0,29710.895069066504,0.117,0.0
357,357,406.72633871362433,243.0,29710.895069066504,0.117,0.0
358,358,703.625461563575,316.0,78745.14961067829,0.117,0.0
359,359,837.2166583606537,293.0,104135.99305079236,0.117,0.09356388747282222
360,360,637.2298598861562,296.0,65341.759927087274,0.117,0.0
361,361,703.625461563575,316.0,78745.14961067829,0.117,0.0
362,362,837.2166583606537,293.0,104135.99305079236,0.117,0.09356388747282222
363,363,719.5871280224214,262.0,77620.75573468984,0.117,0.39983975490675033
364,364,703.625461563575,316.0,78745.14961067829,0.117,0.0
365,365,637.2298598861562,296.0,65341.759927087274,0.117,0.0
366,366,406.72633871362433,243.0,29710.895069066504,0.117,0.0
367,367,312.5947515174914,631.0,65632.75811061822,0.117,0.0
368,368,312.5947515174914,631.0,65632.75811061822,0.117,0.0
369,369,406.72633871362433,243.0,29710.895069066504,0.117,0.0
370,370,406.72633871362433,243.0,29710.895069066504,0.117,0.0
371,371,406.72633871362433,243.0,29710.895069066504,0.117,0.0
372,372,406.72633871362433,243.0,29710.895069066504,0.117,0.0
373,373,637.2298598861562,296.0,65341.759927087274,0.117,0.0
374,374,637.2298598861562,296.0,65341.759927087274,0.117,0.0
375,375,296.28054076293597,137.0,14102.799255324951,0.117,2.253230416315012
376,376,837.2166583606537,293.0,104135.99305079236,0.117,0.09356388747282222
377,377,837.2166583606537,293.0,104135.99305079236,0.117,0.09356388747282222
378,378,719.5871280224214,262.0,77620.75573468984,0.117,0.39983975490675033
379,379,637.2298598861562,296.0,65341.759927087274,0.117,0.0
380,380,637.2298598861562,296.0,65341.759927087274,0.117,0.0
381,381,637.2298598861562,296.0,65341.759927087274,0.117,0.0
382,382,637.2298598861562,296.0,65341.759927087274,0.117,0.0
383,383,312.5947515174914,631.0,65632.75811061822,0.117,0.0
384,384,837.2166583606537,293.0,104135.99305079236,0.117,0.09356388747282222
385,385,637.2298598861562,296.0,65341.759927087274,0.117,0.0
386,386,637.2298598861562,296.0,65341.759927087274,0.117,0.0
387,387,637.2298598861562,296.0,65341.759927087274,0.117,0.0
388,388,837.2166583606537,293.0,104135.99305079236,0.117,0.09356388747282222
389,389,837.2166583606537,293.0,104135.99305079236,0.117,0.09356388747282222
390,390,837.2166583606537,293.0,104135.99305079236,0.117,0.09356388747282222
391,391,837.2166583606537,293.0,104135.99305079236,0.117,0.09356388747282222
392,392,837.2166583606537,293.0,104135.99305079236,0.117,0.09356388747282222
393,393,703.625461563575,316.0,78745.14961067829,0.117,0.0
394,394,637.2298598861562,296.0,65341.759927087274,0.117,0.0
395,395,637.2298598861562,296.0,65341.759927087274,0.117,0.0
396,396,837.2166583606537,293.0,104135.99305079236,0.117,0.09356388747282222
397,397,837.2166583606537,293.0,104135.99305079236,0.117,0.09356388747282222
398,398,837.2166583606537,293.0,104135.99305079236,0.117,0.09356388747282222
399,399,637.2298598861562,296.0,65341.759927087274,0.117,0.0
400,400,406.72633871362433,243.0,29710.895069066504,0.117,0.0
401,401,703.625461563575,316.0,78745.14961067829,0.117,0.0
402,402,637.2298598861562,296.0,65341.759927087274,0.117,0.0
403,403,637.2298598861562,296.0,65341.759927087274,0.117,0.0
404,404,312.5947515174914,631.0,65632.75811061822,0.117,0.0
405,405,837.2166583606537,293.0,104135.99305079236,0.117,0.09356388747282222
406,406,406.72633871362433,243.0,29710.895069066504,0.117,0.0
407,407,406.72633871362433,243.0,29710.895069066504,0.117,0.0
408,408,703.625461563575,316.0,78745.14961067829,0.117,0.0
409,409,406.72633871362433,243.0,29710.895069066504,0.117,0.0
410,410,837.2166583606537,293.0,104135.99305079236,0.117,0.09356388747282222
411,411,837.2166583606537,293.0,104135.99305079236,0.117,0.09356388747282222
412,412,406.72633871362433,243.0,29710.895069066504,0.117,0.0
413,413,637.2298598861562,296.0,65341.759927087274,0.117,0.0
414,414,497.4279044195864,233.0,39935.241259193266,0.117,0.0
415,415,703.625461563575,316.0,78745.14961067829,0.117,0.0
416,416,837.2166583606537,293.0,104135.99305079236,0.117,0.09356388747282222
417,417,703.625461563575,316.0,78745.14961067829,0.117,0.0
418,418,406.72633871362433,243.0,29710.895069066504,0.117,0.0
419,419,406.72633871362433,243.0,29710.895069066504,0.117,0.0
420,420,406.72633871362433,243.0,29710.895069066504,0.117,0.0
421,421,406.72633871362433,243.0,29710.895069066504,0.117,0.0
422,422,406.72633871362433,243.0,29710.895069066504,0.117,0.0
423,423,406.72633871362433,243.0,29710.895069066504,0.117,0.0
424,424,837.2166583606537,293.0,104135.99305079236,0.117,0.09356388747282222
425,425,837.2166583606537,293.0,104135.99305079236,0.117,0.09356388747282222
426,426,837.2166583606537,293.0,104135.99305079236,0.117,0.09356388747282222
427,427,637.2298598861562,296.0,65341.759927087274,0.117,0.0
428,428,703.625461563575,316.0,78745.14961067829,0.117,0.0
429,429,497.4279044195864,233.0,39935.241259193266,0.117,0.0
430,430,497.4279044195864,233.0,39935.241259193266,0.117,0.0
431,431,719.5871280224214,262.0,77620.75573468984,0.117,0.39983975490675033
432,432,719.5871280224214,262.0,77620.75573468984,0.117,0.39983975490675033
433,433,312.5947515174914,631.0,65632.75811061822,0.117,0.0
434,434,837.2166583606537,293.0,104135.99305079236,0.117,0.09356388747282222
435,435,837.2166583606537,293.0,104135.99305079236,0.117,0.09356388747282222
436,436,406.72633871362433,243.0,29710.895069066504,0.117,0.0
437,437,837.2166583606537,293.0,104135.99305079236,0.117,0.09356388747282222
438,438,312.5947515174914,631.0,65632.75811061822,0.117,0.0
439,439,719.5871280224214,262.0,77620.75573468984,0.117,0.39983975490675033
440,440,837.2166583606537,293.0,104135.99305079236,0.117,0.09356388747282222
441,441,406.72633871362433,243.0,29710.895069066504,0.117,0.0
442,442,312.5947515174914,631.0,65632.75811061822,0.117,0.0
443,443,703.625461563575,316.0,78745.14961067829,0.117,0.0
444,444,406.72633871362433,243.0,29710.895069066504,0.117,0.0
445,445,406.72633871362433,243.0,29710.895069066504,0.117,0.0
446,446,1165.9945839264515,592.0,226331.56621080512,0.117,0.0
447,447,312.5947515174914,631.0,65632.75811061822,0.117,0.0
448,448,837.2166583606537,293.0,104135.99305079236,0.117,0.09356388747282222
449,449,837.2166583606537,293.0,104135.99305079236,0.117,0.09356388747282222
450,450,837.2166583606537,293.0,104135.99305079236,0.117,0.09356388747282222
451,451,406.72633871362433,243.0,29710.895069066504,0.117,0.0
452,452,837.2166583606537,293.0,104135.99305079236,0.117,0.09356388747282222
453,453,837.2166583606537,293.0,104135.99305079236,0.117,0.09356388747282222
454,454,703.625461563575,316.0,78745.14961067829,0.117,0.0
455,455,837.2166583606537,293.0,104135.99305079236,0.117,0.09356388747282222
456,456,837.2166583606537,293.0,104135.99305079236,0.117,0.09356388747282222
457,457,637.2298598861562,296.0,65341.759927087274,0.117,0.0
458,458,637.2298598861562,296.0,65341.759927087274,0.117,0.0
459,459,837.2166583606537,293.0,104135.99305079236,0.117,0.09356388747282222
460,460,837.2166583606537,293.0,104135.99305079236,0.117,0.09356388747282222
461,461,637.2298598861562,296.0,65341.759927087274,0.117,0.0
462,462,837.2166583606537,293.0,104135.99305079236,0.117,0.09356388747282222
463,463,837.2166583606537,293.0,104135.99305079236,0.117,0.09356388747282222
464,464,837.2166583606537,293.0,104135.99305079236,0.117,0.09356388747282222
465,465,837.2166583606537,293.0,104135.99305079236,0.117,0.09356388747282222
466,466,837.2166583606537,293.0,104135.99305079236,0.117,0.09356388747282222
467,467,837.2166583606537,293.0,104135.99305079236,0.117,0.09356388747282222
468,468,837.2166583606537,293.0,104135.99305079236,0.117,0.09356388747282222
469,469,837.2166583606537,293.0,104135.99305079236,0.117,0.09356388747282222
470,470,719.5871280224214,262.0,77620.75573468984,0.117,0.39983975490675033
471,471,837.2166583606537,293.0,104135.99305079236,0.117,0.09356388747282222
472,472,837.2166583606537,293.0,104135.99305079236,0.117,0.09356388747282222
473,473,406.72633871362433,243.0,29710.895069066504,0.117,0.0
474,474,637.2298598861562,296.0,65341.759927087274,0.117,0.0
475,475,312.5947515174914,631.0,65632.75811061822,0.117,0.0
476,476,837.2166583606537,293.0,104135.99305079236,0.117,0.09356388747282222
477,477,837.2166583606537,293.0,104135.99305079236,0.117,0.09356388747282222
478,478,837.2166583606537,293.0,104135.99305079236,0.117,0.09356388747282222
479,479,837.2166583606537,293.0,104135.99305079236,0.117,0.09356388747282222
480,480,837.2166583606537,293.0,104135.99305079236,0.117,0.09356388747282222
481,481,837.2166583606537,293.0,104135.99305079236,0.117,0.09356388747282222
482,482,406.72633871362433,243.0,29710.895069066504,0.117,0.0
483,483,406.72633871362433,243.0,29710.895069066504,0.117,0.0
484,484,837.2166583606537,293.0,104135.99305079236,0.117,0.09356388747282222
485,485,837.2166583606537,293.0,104135.99305079236,0.117,0.09356388747282222
486,486,312.5947515174914,631.0,65632.75811061822,0.117,0.0
487,487,406.72633871362433,243.0,29710.895069066504,0.117,0.0
488,488,406.72633871362433,243.0,29710.895069066504,0.117,0.0
489,489,312.5947515174914,631.0,65632.75811061822,0.117,0.0
490,490,406.72633871362433,243.0,29710.895069066504,0.117,0.0
491,491,406.72633871362433,243.0,29710.895069066504,0.117,0.0
492,492,837.2166583606537,293.0,104135.99305079236,0.117,0.09356388747282222
493,493,719.5871280224214,262.0,77620.75573468984,0.117,0.39983975490675033
494,494,837.2166583606537,293.0,104135.99305079236,0.117,0.09356388747282222
495,495,1165.9945839264515,592.0,226331.56621080512,0.117,0.0
496,496,837.2166583606537,293.0,104135.99305079236,0.117,0.09356388747282222
497,497,406.72633871362433,243.0,29710.895069066504,0.117,0.0
498,498,637.2298598861562,296.0,65341.759927087274,0.117,0.0
499,499,406.72633871362433,243.0,29710.895069066504,0.117,0.0
500,500,837.2166583606537,293.0,104135.99305079236,0.117,0.09356388747282222
501,501,837.2166583606537,293.0,104135.99305079236,0.117,0.09356388747282222
502,502,837.2166583606537,293.0,104135.99305079236,0.117,0.09356388747282222
503,503,837.2166583606537,293.0,104135.99305079236,0.117,0.09356388747282222
504,504,837.2166583606537,293.0,104135.99305079236,0.117,0.09356388747282222
505,505,837.2166583606537,293.0,104135.99305079236,0.117,0.09356388747282222
506,506,406.72633871362433,243.0,29710.895069066504,0.117,0.0
507,507,406.72633871362433,243.0,29710.895069066504,0.117,0.0
508,508,637.2298598861562,296.0,65341.759927087274,0.117,0.0
509,509,637.2298598861562,296.0,65341.759927087274,0.117,0.0
510,510,406.72633871362433,243.0,29710.895069066504,0.117,0.0
511,511,837.2166583606537,293.0,104135.99305079236,0.117,0.09356388747282222
512,512,837.2166583606537,293.0,104135.99305079236,0.117,0.09356388747282222
513,513,312.5947515174914,631.0,65632.75811061822,0.117,0.0
514,514,497.4279044195864,233.0,39935.241259193266,0.117,0.0
515,515,637.2298598861562,296.0,65341.759927087274,0.117,0.0
516,516,837.2166583606537,293.0,104135.99305079236,0.117,0.09356388747282222
517,517,837.2166583606537,293.0,104135.99305079236,0.117,0.09356388747282222
518,518,837.2166583606537,293.0,104135.99305079236,0.117,0.09356388747282222
519,519,837.2166583606537,293.0,104135.99305079236,0.117,0.09356388747282222
520,520,703.625461563575,316.0,78745.14961067829,0.117,0.0
521,521,296.28054076293597,137.0,14102.799255324951,0.117,2.253230416315012
522,522,837.2166583606537,293.0,104135.99305079236,0.117,0.09356388747282222
523,523,837.2166583606537,293.0,104135.99305079236,0.117,0.09356388747282222
524,524,837.2166583606537,293.0,104135.99305079236,0.117,0.09356388747282222
525,525,497.4279044195864,233.0,39935.241259193266,0.117,0.0
526,526,497.4279044195864,233.0,39935.241259193266,0.117,0.0
527,527,837.2166583606537,293.0,104135.99305079236,0.117,0.09356388747282222
528,528,837.2166583606537,293.0,104135.99305079236,0.117,0.09356388747282222
529,529,406.72633871362433,243.0,29710.895069066504,0.117,0.0
530,530,637.2298598861562,296.0,65341.759927087274,0.117,0.0
531,531,406.72633871362433,243.0,29710.895069066504,0.117,0.0
532,532,703.625461563575,316.0,78745.14961067829,0.117,0.0
533,533,637.2298598861562,296.0,65341.759927087274,0.117,0.0
534,534,637.2298598861562,296.0,65341.759927087274,0.117,0.0
535,535,406.72633871362433,243.0,29710.895069066504,0.117,0.0
536,536,296.28054076293597,137.0,14102.799255324951,0.117,2.253230416315012
537,537,837.2166583606537,293.0,104135.99305079236,0.117,0.09356388747282222
538,538,837.2166583606537,293.0,104135.99305079236,0.117,0.09356388747282222
539,539,837.2166583606537,293.0,104135.99305079236,0.117,0.09356388747282222
540,540,719.5871280224214,262.0,77620.75573468984,0.117,0.39983975490675033
541,541,837.2166583606537,293.0,104135.99305079236,0.117,0.09356388747282222
542,542,719.5871280224214,262.0,77620.75573468984,0.117,0.39983975490675033
543,543,312.5947515174914,631.0,65632.75811061822,0.117,0.0
544,544,406.72633871362433,243.0,29710.895069066504,0.117,0.0
545,545,719.5871280224214,262.0,77620.75573468984,0.117,0.39983975490675033
546,546,703.625461563575,316.0,78745.14961067829,0.117,0.0
547,547,837.2166583606537,293.0,104135.99305079236,0.117,0.09356388747282222
548,548,837.2166583606537,293.0,104135.99305079236,0.117,0.09356388747282222
549,549,312.5947515174914,631.0,65632.75811061822,0.117,0.0
550,550,312.5947515174914,631.0,65632.75811061822,0.117,0.0
551,551,312.5947515174914,631.0,65632.75811061822,0.117,0.0
552,552,719.5871280224214,262.0,77620.75573468984,0.117,0.39983975490675033
553,553,406.72633871362433,243.0,29710.895069066504,0.117,0.0
554,554,637.2298598861562,296.0,65341.759927087274,0.117,0.0
555,555,719.5871280224214,262.0,77620.75573468984,0.117,0.39983975490675033
556,556,703.625461563575,316.0,78745.14961067829,0.117,0.0
557,557,406.72633871362433,243.0,29710.895069066504,0.117,0.0
558,558,406.72633871362433,243.0,29710.895069066504,0.117,0.0
559,559,406.72633871362433,243.0,29710.895069066504,0.117,0.0
560,560,497.4279044195864,233.0,39935.241259193266,0.117,0.0
561,561,312.5947515174914,631.0,65632.75811061822,0.117,0.0
562,562,312.5947515174914,631.0,65632.75811061822,0.117,0.0
563,563,406.72633871362433,243.0,29710.895069066504,0.117,0.0
564,564,637.2298598861562,296.0,65341.759927087274,0.117,0.0
565,565,637.2298598861562,296.0,65341.759927087274,0.117,0.0
566,566,719.5871280224214,262.0,77620.75573468984,0.117,0.39983975490675033
567,567,497.4279044195864,233.0,39935.241259193266,0.117,0.0
568,568,406.72633871362433,243.0,29710.895069066504,0.117,0.0
569,569,406.72633871362433,243.0,29710.895069066504,0.117,0.0
570,570,312.5947515174914,631.0,65632.75811061822,0.117,0.0
571,571,1165.9945839264515,592.0,226331.56621080512,0.117,0.0
572,572,312.5947515174914,631.0,65632.75811061822,0.117,0.0
573,573,703.625461563575,316.0,78745.14961067829,0.117,0.0
574,574,1165.9945839264515,592.0,226331.56621080512,0.117,0.0
575,575,703.625461563575,316.0,78745.14961067829,0.117,0.0
576,576,296.28054076293597,137.0,14102.799255324951,0.117,2.253230416315012
577,577,637.2298598861562,296.0,65341.759927087274,0.117,0.0
578,578,703.625461563575,316.0,78745.14961067829,0.117,0.0
579,579,837.2166583606537,293.0,104135.99305079236,0.117,0.09356388747282222
580,580,837.2166583606537,293.0,104135.99305079236,0.117,0.09356388747282222
581,581,637.2298598861562,296.0,65341.759927087274,0.117,0.0
582,582,406.72633871362433,243.0,29710.895069066504,0.117,0.0
583,583,637.2298598861562,296.0,65341.759927087274,0.117,0.0
584,584,837.2166583606537,293.0,104135.99305079236,0.117,0.09356388747282222
585,585,406.72633871362433,243.0,29710.895069066504,0.117,0.0
586,586,837.2166583606537,293.0,104135.99305079236,0.117,0.09356388747282222
587,587,837.2166583606537,293.0,104135.99305079236,0.117,0.09356388747282222
588,588,837.2166583606537,293.0,104135.99305079236,0.117,0.09356388747282222
589,589,637.2298598861562,296.0,65341.759927087274,0.117,0.0
590,590,637.2298598861562,296.0,65341.759927087274,0.117,0.0
591,591,406.72633871362433,243.0,29710.895069066504,0.117,0.0
592,592,837.2166583606537,293.0,104135.99305079236,0.117,0.09356388747282222
593,593,719.5871280224214,262.0,77620.75573468984,0.117,0.39983975490675033
594,594,719.5871280224214,262.0,77620.75573468984,0.117,0.39983975490675033
595,595,637.2298598861562,296.0,65341.759927087274,0.117,0.0
596,596,406.72633871362433,243.0,29710.895069066504,0.117,0.0
597,597,406.72633871362433,243.0,29710.895069066504,0.117,0.0
598,598,637.2298598861562,296.0,65341.759927087274,0.117,0.0
599,599,406.72633871362433,243.0,29710.895069066504,0.117,0.0
600,600,312.5947515174914,631.0,65632.75811061822,0.117,0.0
601,601,637.2298598861562,296.0,65341.759927087274,0.117,0.0
602,602,637.2298598861562,296.0,65341.759927087274,0.117,0.0
603,603,637.2298598861562,296.0,65341.759927087274,0.117,0.0
604,604,296.28054076293597,137.0,14102.799255324951,0.117,2.253230416315012
605,605,406.72633871362433,243.0,29710.895069066504,0.117,0.0
606,606,406.72633871362433,243.0,29710.895069066504,0.117,0.0
607,607,837.2166583606537,293.0,104135.99305079236,0.117,0.09356388747282222
608,608,312.5947515174914,631.0,65632.75811061822,0.117,0.0
609,609,637.2298598861562,296.0,65341.759927087274,0.117,0.0
610,610,406.72633871362433,243.0,29710.895069066504,0.117,0.0
611,611,719.5871280224214,262.0,77620.75573468984,0.117,0.39983975490675033
612,612,637.2298598861562,296.0,65341.759927087274,0.117,0.0
613,613,719.5871280224214,262.0,77620.75573468984,0.117,0.39983975490675033
614,614,406.72633871362433,243.0,29710.895069066504,0.117,0.0
615,615,837.2166583606537,293.0,104135.99305079236,0.117,0.09356388747282222
616,616,406.72633871362433,243.0,29710.895069066504,0.117,0.0
617,617,837.2166583606537,293.0,104135.99305079236,0.117,0.09356388747282222
618,618,637.2298598861562,296.0,65341.759927087274,0.117,0.0
619,619,497.4279044195864,233.0,39935.241259193266,0.117,0.0
620,620,637.2298598861562,296.0,65341.759927087274,0.117,0.0
621,621,837.2166583606537,293.0,104135.99305079236,0.117,0.09356388747282222
622,622,837.2166583606537,293.0,104135.99305079236,0.117,0.09356388747282222
623,623,837.2166583606537,293.0,104135.99305079236,0.117,0.09356388747282222
624,624,837.2166583606537,293.0,104135.99305079236,0.117,0.09356388747282222
625,625,837.2166583606537,293.0,104135.99305079236,0.117,0.09356388747282222
626,626,719.5871280224214,262.0,77620.75573468984,0.117,0.39983975490675033
627,627,837.2166583606537,293.0,104135.99305079236,0.117,0.09356388747282222
628,628,837.2166583606537,293.0,104135.99305079236,0.117,0.09356388747282222
629,629,837.2166583606537,293.0,104135.99305079236,0.117,0.09356388747282222
630,630,837.2166583606537,293.0,104135.99305079236,0.117,0.09356388747282222
631,631,837.2166583606537,293.0,104135.99305079236,0.117,0.09356388747282222
632,632,312.5947515174914,631.0,65632.75811061822,0.117,0.0
633,633,406.72633871362433,243.0,29710.895069066504,0.117,0.0
634,634,837.2166583606537,293.0,104135.99305079236,0.117,0.09356388747282222
635,635,837.2166583606537,293.0,104135.99305079236,0.117,0.09356388747282222
636,636,837.2166583606537,293.0,104135.99305079236,0.117,0.09356388747282222
637,637,406.72633871362433,243.0,29710.895069066504,0.117,0.0
638,638,406.72633871362433,243.0,29710.895069066504,0.117,0.0
639,639,837.2166583606537,293.0,104135.99305079236,0.117,0.09356388747282222
640,640,406.72633871362433,243.0,29710.895069066504,0.117,0.0
641,641,637.2298598861562,296.0,65341.759927087274,0.117,0.0
642,642,837.2166583606537,293.0,104135.99305079236,0.117,0.09356388747282222
643,643,497.4279044195864,233.0,39935.241259193266,0.117,0.0
644,644,703.625461563575,316.0,78745.14961067829,0.117,0.0
645,645,637.2298598861562,296.0,65341.759927087274,0.117,0.0
646,646,406.72633871362433,243.0,29710.895069066504,0.117,0.0
647,647,637.2298598861562,296.0,65341.759927087274,0.117,0.0
648,648,719.5871280224214,262.0,77620.75573468984,0.117,0.39983975490675033
649,649,406.72633871362433,243.0,29710.895069066504,0.117,0.0
650,650,406.72633871362433,243.0,29710.895069066504,0.117,0.0
651,651,719.5871280224214,262.0,77620.75573468984,0.117,0.39983975490675033
652,652,312.5947515174914,631.0,65632.75811061822,0.117,0.0
653,653,837.2166583606537,293.0,104135.99305079236,0.117,0.09356388747282222
654,654,703.625461563575,316.0,78745.14961067829,0.117,0.0
655,655,497.4279044195864,233.0,39935.241259193266,0.117,0.0
656,656,312.5947515174914,631.0,65632.75811061822,0.117,0.0
657,657,637.2298598861562,296.0,65341.759927087274,0.117,0.0
658,658,637.2298598861562,296.0,65341.759927087274,0.117,0.0
659,659,406.72633871362433,243.0,29710.895069066504,0.117,0.0
660,660,637.2298598861562,296.0,65341.759927087274,0.117,0.0
661,661,703.625461563575,316.0,78745.14961067829,0.117,0.0
662,662,837.2166583606537,293.0,104135.99305079236,0.117,0.09356388747282222
663,663,837.2166583606537,293.0,104135.99305079236,0.117,0.09356388747282222
664,664,837.2166583606537,293.0,104135.99305079236,0.117,0.09356388747282222
665,665,637.2298598861562,296.0,65341.759927087274,0.117,0.0
666,666,837.2166583606537,293.0,104135.99305079236,0.117,0.09356388747282222
667,667,837.2166583606537,293.0,104135.99305079236,0.117,0.09356388747282222
668,668,312.5947515174914,631.0,65632.75811061822,0.117,0.0
669,669,497.4279044195864,233.0,39935.241259193266,0.117,0.0
670,670,637.2298598861562,296.0,65341.759927087274,0.117,0.0
671,671,637.2298598861562,296.0,65341.759927087274,0.117,0.0
672,672,312.5947515174914,631.0,65632.75811061822,0.117,0.0
673,673,703.625461563575,316.0,78745.14961067829,0.117,0.0
674,674,837.2166583606537,293.0,104135.99305079236,0.117,0.09356388747282222
675,675,837.2166583606537,293.0,104135.99305079236,0.117,0.09356388747282222
676,676,406.72633871362433,243.0,29710.895069066504,0.117,0.0
677,677,406.72633871362433,243.0,29710.895069066504,0.117,0.0
678,678,406.72633871362433,243.0,29710.895069066504,0.117,0.0
679,679,637.2298598861562,296.0,65341.759927087274,0.117,0.0
680,680,719.5871280224214,262.0,77620.75573468984,0.117,0.39983975490675033
681,681,406.72633871362433,243.0,29710.895069066504,0.117,0.0
682,682,497.4279044195864,233.0,39935.241259193266,0.117,0.0
683,683,296.28054076293597,137.0,14102.799255324951,0.117,2.253230416315012
684,684,837.2166583606537,293.0,104135.99305079236,0.117,0.09356388747282222
685,685,837.2166583606537,293.0,104135.99305079236,0.117,0.09356388747282222
686,686,837.2166583606537,293.0,104135.99305079236,0.117,0.09356388747282222
687,687,837.2166583606537,293.0,104135.99305079236,0.117,0.09356388747282222
688,688,837.2166583606537,293.0,104135.99305079236,0.117,0.09356388747282222
689,689,837.2166583606537,293.0,104135.99305079236,0.117,0.09356388747282222
690,690,703.625461563575,316.0,78745.14961067829,0.117,0.0
691,691,719.5871280224214,262.0,77620.75573468984,0.117,0.39983975490675033
692,692,406.72633871362433,243.0,29710.895069066504,0.117,0.0
693,693,406.72633871362433,243.0,29710.895069066504,0.117,0.0
694,694,312.5947515174914,631.0,65632.75811061822,0.117,0.0
695,695,837.2166583606537,293.0,104135.99305079236,0.117,0.09356388747282222
696,696,837.2166583606537,293.0,104135.99305079236,0.117,0.09356388747282222
697,697,719.5871280224214,262.0,77620.75573468984,0.117,0.39983975490675033
698,698,837.2166583606537,293.0,104135.99305079236,0.117,0.09356388747282222
699,699,637.2298598861562,296.0,65341.759927087274,0.117,0.0
700,700,837.2166583606537,293.0,104135.99305079236,0.117,0.09356388747282222
701,701,837.2166583606537,293.0,104135.99305079236,0.117,0.09356388747282222
702,702,719.5871280224214,262.0,77620.75573468984,0.117,0.39983975490675033
703,703,637.2298598861562,296.0,65341.759927087274,0.117,0.0
704,704,719.5871280224214,262.0,77620.75573468984,0.117,0.39983975490675033
705,705,312.5947515174914,631.0,65632.75811061822,0.117,0.0
706,706,497.4279044195864,233.0,39935.241259193266,0.117,0.0
707,707,406.72633871362433,243.0,29710.895069066504,0.117,0.0
708,708,703.625461563575,316.0,78745.14961067829,0.117,0.0
709,709,719.5871280224214,262.0,77620.75573468984,0.117,0.39983975490675033
710,710,703.625461563575,316.0,78745.14961067829,0.117,0.0
711,711,837.2166583606537,293.0,104135.99305079236,0.117,0.09356388747282222
712,712,837.2166583606537,293.0,104135.99305079236,0.117,0.09356388747282222
713,713,837.2166583606537,293.0,104135.99305079236,0.117,0.09356388747282222
714,714,637.2298598861562,296.0,65341.759927087274,0.117,0.0
715,715,703.625461563575,316.0,78745.14961067829,0.117,0.0
716,716,837.2166583606537,293.0,104135.99305079236,0.117,0.09356388747282222
717,717,406.72633871362433,243.0,29710.895069066504,0.117,0.0
718,718,637.2298598861562,296.0,65341.759927087274,0.117,0.0
719,719,837.2166583606537,293.0,104135.99305079236,0.117,0.09356388747282222
720,720,312.5947515174914,631.0,65632.75811061822,0.117,0.0
721,721,703.625461563575,316.0,78745.14961067829,0.117,0.0
722,722,406.72633871362433,243.0,29710.895069066504,0.117,0.0
723,723,296.28054076293597,137.0,14102.799255324951,0.117,2.253230416315012
724,724,406.72633871362433,243.0,29710.895069066504,0.117,0.0
725,725,296.28054076293597,137.0,14102.799255324951,0.117,2.253230416315012
726,726,719.5871280224214,262.0,77620.75573468984,0.117,0.39983975490675033
727,727,719.5871280224214,262.0,77620.75573468984,0.117,0.39983975490675033
728,728,719.5871280224214,262.0,77620.75573468984,0.117,0.39983975490675033
729,729,703.625461563575,316.0,78745.14961067829,0.117,0.0
730,730,837.2166583606537,293.0,104135.99305079236,0.117,0.09356388747282222
731,731,837.2166583606537,293.0,104135.99305079236,0.117,0.09356388747282222
732,732,837.2166583606537,293.0,104135.99305079236,0.117,0.09356388747282222
733,733,837.2166583606537,293.0,104135.99305079236,0.117,0.09356388747282222
734,734,837.2166583606537,293.0,104135.99305079236,0.117,0.09356388747282222
735,735,406.72633871362433,243.0,29710.895069066504,0.117,0.0
736,736,1165.9945839264515,592.0,226331.56621080512,0.117,0.0
737,737,312.5947515174914,631.0,65632.75811061822,0.117,0.0
738,738,406.72633871362433,243.0,29710.895069066504,0.117,0.0
739,739,637.2298598861562,296.0,65341.759927087274,0.117,0.0
740,740,312.5947515174914,631.0,65632.75811061822,0.117,0.0
741,741,837.2166583606537,293.0,104135.99305079236,0.117,0.09356388747282222
742,742,312.5947515174914,631.0,65632.75811061822,0.117,0.0
743,743,703.625461563575,316.0,78745.14961067829,0.117,0.0
744,744,312.5947515174914,631.0,65632.75811061822,0.117,0.0
745,745,406.72633871362433,243.0,29710.895069066504,0.117,0.0
746,746,406.72633871362433,243.0,29710.895069066504,0.117,0.0
747,747,406.72633871362433,243.0,29710.895069066504,0.117,0.0
748,748,406.72633871362433,243.0,29710.895069066504,0.117,0.0
749,749,703.625461563575,316.0,78745.14961067829,0.117,0.0
750,750,406.72633871362433,243.0,29710.895069066504,0.117,0.0
751,751,406.72633871362433,243.0,29710.895069066504,0.117,0.0
752,752,837.2166583606537,293.0,104135.99305079236,0.117,0.09356388747282222
753,753,837.2166583606537,293.0,104135.99305079236,0.117,0.09356388747282222
754,754,837.2166583606537,293.0,104135.99305079236,0.117,0.09356388747282222
755,755,837.2166583606537,293.0,104135.99305079236,0.117,0.09356388747282222
756,756,837.2166583606537,293.0,104135.99305079236,0.117,0.09356388747282222
757,757,837.2166583606537,293.0,104135.99305079236,0.117,0.09356388747282222
758,758,837.2166583606537,293.0,104135.99305079236,0.117,0.09356388747282222
759,759,837.2166583606537,293.0,104135.99305079236,0.117,0.09356388747282222
760,760,837.2166583606537,293.0,104135.99305079236,0.117,0.09356388747282222
761,761,837.2166583606537,293.0,104135.99305079236,0.117,0.09356388747282222
762,762,637.2298598861562,296.0,65341.759927087274,0.117,0.0
763,763,406.72633871362433,243.0,29710.895069066504,0.117,0.0
764,764,719.5871280224214,262.0,77620.75573468984,0.117,0.39983975490675033
765,765,312.5947515174914,631.0,65632.75811061822,0.117,0.0
766,766,312.5947515174914,631.0,65632.75811061822,0.117,0.0
767,767,703.625461563575,316.0,78745.14961067829,0.117,0.0
768,768,637.2298598861562,296.0,65341.759927087274,0.117,0.0
769,769,837.2166583606537,293.0,104135.99305079236,0.117,0.09356388747282222
770,770,837.2166583606537,293.0,104135.99305079236,0.117,0.09356388747282222
771,771,406.72633871362433,243.0,29710.895069066504,0.117,0.0
772,772,312.5947515174914,631.0,65632.75811061822,0.117,0.0
773,773,637.2298598861562,296.0,65341.759927087274,0.117,0.0
774,774,406.72633871362433,243.0,29710.895069066504,0.117,0.0
775,775,312.5947515174914,631.0,65632.75811061822,0.117,0.0
776,776,1165.9945839264515,592.0,226331.56621080512,0.117,0.0
777,777,497.4279044195864,233.0,39935.241259193266,0.117,0.0
778,778,497.4279044195864,233.0,39935.241259193266,0.117,0.0
779,779,837.2166583606537,293.0,104135.99305079236,0.117,0.09356388747282222
780,780,406.72633871362433,243.0,29710.895069066504,0.117,0.0
781,781,406.72633871362433,243.0,29710.895069066504,0.117,0.0
782,782,406.72633871362433,243.0,29710.895069066504,0.117,0.0
783,783,837.2166583606537,293.0,104135.99305079236,0.117,0.09356388747282222
784,784,837.2166583606537,293.0,104135.99305079236,0.117,0.09356388747282222
785,785,837.2166583606537,293.0,104135.99305079236,0.117,0.09356388747282222
786,786,312.5947515174914,631.0,65632.75811061822,0.117,0.0
787,787,406.72633871362433,243.0,29710.895069066504,0.117,0.0
788,788,406.72633871362433,243.0,29710.895069066504,0.117,0.0
789,789,637.2298598861562,296.0,65341.759927087274,0.117,0.0
790,790,497.4279044195864,233.0,39935.241259193266,0.117,0.0
791,791,703.625461563575,316.0,78745.14961067829,0.117,0.0
792,792,637.2298598861562,296.0,65341.759927087274,0.117,0.0
793,793,312.5947515174914,631.0,65632.75811061822,0.117,0.0
794,794,837.2166583606537,293.0,104135.99305079236,0.117,0.09356388747282222
795,795,637.2298598861562,296.0,65341.759927087274,0.117,0.0
796,796,637.2298598861562,296.0,65341.759927087274,0.117,0.0
797,797,497.4279044195864,233.0,39935.241259193266,0.117,0.0
798,798,637.2298598861562,296.0,65341.759927087274,0.117,0.0
799,799,703.625461563575,316.0,78745.14961067829,0.117,0.0
800,800,312.5947515174914,631.0,65632.75811061822,0.117,0.0
801,801,637.2298598861562,296.0,65341.759927087274,0.117,0.0
802,802,637.2298598861562,296.0,65341.759927087274,0.117,0.0
803,803,296.28054076293597,137.0,14102.799255324951,0.117,2.253230416315012
804,804,837.2166583606537,293.0,104135.99305079236,0.117,0.09356388747282222
805,805,312.5947515174914,631.0,65632.75811061822,0.117,0.0
806,806,837.2166583606537,293.0,104135.99305079236,0.117,0.09356388747282222
807,807,406.72633871362433,243.0,29710.895069066504,0.117,0.0
808,808,406.72633871362433,243.0,29710.895069066504,0.117,0.0
809,809,406.72633871362433,243.0,29710.895069066504,0.117,0.0
810,810,703.625461563575,316.0,78745.14961067829,0.117,0.0
811,811,837.2166583606537,293.0,104135.99305079236,0.117,0.09356388747282222
812,812,406.72633871362433,243.0,29710.895069066504,0.117,0.0
813,813,406.72633871362433,243.0,29710.895069066504,0.117,0.0
814,814,296.28054076293597,137.0,14102.799255324951,0.117,2.253230416315012
815,815,837.2166583606537,293.0,104135.99305079236,0.117,0.09356388747282222
816,816,837.2166583606537,293.0,104135.99305079236,0.117,0.09356388747282222
817,817,837.2166583606537,293.0,104135.99305079236,0.117,0.09356388747282222
818,818,837.2166583606537,293.0,104135.99305079236,0.117,0.09356388747282222
819,819,406.72633871362433,243.0,29710.895069066504,0.117,0.0
820,820,406.72633871362433,243.0,29710.895069066504,0.117,0.0
821,821,719.5871280224214,262.0,77620.75573468984,0.117,0.39983975490675033
822,822,312.5947515174914,631.0,65632.75811061822,0.117,0.0
823,823,837.2166583606537,293.0,104135.99305079236,0.117,0.09356388747282222
824,824,637.2298598861562,296.0,65341.759927087274,0.117,0.0
825,825,719.5871280224214,262.0,77620.75573468984,0.117,0.39983975490675033
826,826,497.4279044195864,233.0,39935.241259193266,0.117,0.0
827,827,719.5871280224214,262.0,77620.75573468984,0.117,0.39983975490675033
828,828,719.5871280224214,262.0,77620.75573468984,0.117,0.39983975490675033
829,829,837.2166583606537,293.0,104135.99305079236,0.117,0.09356388747282222
830,830,837.2166583606537,293.0,104135.99305079236,0.117,0.09356388747282222
831,831,837.2166583606537,293.0,104135.99305079236,0.117,0.09356388747282222
832,832,637.2298598861562,296.0,65341.759927087274,0.117,0.0
833,833,497.4279044195864,233.0,39935.241259193266,0.117,0.0
834,834,637.2298598861562,296.0,65341.759927087274,0.117,0.0
835,835,406.72633871362433,243.0,29710.895069066504,0.117,0.0
836,836,312.5947515174914,631.0,65632.75811061822,0.117,0.0
837,837,312.5947515174914,631.0,65632.75811061822,0.117,0.0
838,838,837.2166583606537,293.0,104135.99305079236,0.117,0.09356388747282222
839,839,837.2166583606537,293.0,104135.99305079236,0.117,0.09356388747282222
840,840,837.2166583606537,293.0,104135.99305079236,0.117,0.09356388747282222
841,841,837.2166583606537,293.0,104135.99305079236,0.117,0.09356388747282222
842,842,497.4279044195864,233.0,39935.241259193266,0.117,0.0
843,843,406.72633871362433,243.0,29710.895069066504,0.117,0.0
844,844,837.2166583606537,293.0,104135.99305079236,0.117,0.09356388747282222
845,845,406.72633871362433,243.0,29710.895069066504,0.117,0.0
846,846,837.2166583606537,293.0,104135.99305079236,0.117,0.09356388747282222
847,847,837.2166583606537,293.0,104135.99305079236,0.117,0.09356388747282222
848,848,719.5871280224214,262.0,77620.75573468984,0.117,0.39983975490675033
849,849,719.5871280224214,262.0,77620.75573468984,0.117,0.39983975490675033
850,850,637.2298598861562,296.0,65341.759927087274,0.117,0.0
851,851,637.2298598861562,296.0,65341.759927087274,0.117,0.0
852,852,837.2166583606537,293.0,104135.99305079236,0.117,0.09356388747282222
853,853,837.2166583606537,293.0,104135.99305079236,0.117,0.09356388747282222
854,854,837.2166583606537,293.0,104135.99305079236,0.117,0.09356388747282222
855,855,837.2166583606537,293.0,104135.99305079236,0.117,0.09356388747282222
856,856,837.2166583606537,293.0,104135.99305079236,0.117,0.09356388747282222
857,857,703.625461563575,316.0,78745.14961067829,0.117,0.0
858,858,406.72633871362433,243.0,29710.895069066504,0.117,0.0
859,859,837.2166583606537,293.0,104135.99305079236,0.117,0.09356388747282222
860,860,719.5871280224214,262.0,77620.75573468984,0.117,0.39983975490675033
861,861,719.5871280224214,262.0,77620.75573468984,0.117,0.39983975490675033
862,862,406.72633871362433,243.0,29710.895069066504,0.117,0.0
863,863,296.28054076293597,137.0,14102.799255324951,0.117,2.253230416315012
864,864,406.72633871362433,243.0,29710.895069066504,0.117,0.0
865,865,406.72633871362433,243.0,29710.895069066504,0.117,0.0
866,866,637.2298598861562,296.0,65341.759927087274,0.117,0.0
867,867,637.2298598861562,296.0,65341.759927087274,0.117,0.0
868,868,837.2166583606537,293.0,104135.99305079236,0.117,0.09356388747282222
869,869,837.2166583606537,293.0,104135.99305079236,0.117,0.09356388747282222
870,870,837.2166583606537,293.0,104135.99305079236,0.117,0.09356388747282222
871,871,406.72633871362433,243.0,29710.895069066504,0.117,0.0
872,872,406.72633871362433,243.0,29710.895069066504,0.117,0.0
873,873,837.2166583606537,293.0,104135.99305079236,0.117,0.09356388747282222
874,874,719.5871280224214,262.0,77620.75573468984,0.117,0.39983975490675033
875,875,406.72633871362433,243.0,29710.895069066504,0.117,0.0
876,876,312.5947515174914,631.0,65632.75811061822,0.117,0.0
877,877,837.2166583606537,293.0,104135.99305079236,0.117,0.09356388747282222
878,878,837.2166583606537,293.0,104135.99305079236,0.117,0.09356388747282222
879,879,837.2166583606537,293.0,104135.99305079236,0.117,0.09356388747282222
880,880,406.72633871362433,243.0,29710.895069066504,0.117,0.0
881,881,1165.9945839264515,592.0,226331.56621080512,0.117,0.0
882,882,719.5871280224214,262.0,77620.75573468984,0.117,0.39983975490675033
883,883,312.5947515174914,631.0,65632.75811061822,0.117,0.0
884,884,837.2166583606537,293.0,104135.99305079236,0.117,0.09356388747282222
885,885,837.2166583606537,293.0,104135.99305079236,0.117,0.09356388747282222
886,886,837.2166583606537,293.0,104135.99305079236,0.117,0.09356388747282222
887,887,837.2166583606537,293.0,104135.99305079236,0.117,0.09356388747282222
888,888,837.2166583606537,293.0,104135.99305079236,0.117,0.09356388747282222
889,889,837.2166583606537,293.0,104135.99305079236,0.117,0.09356388747282222
890,890,837.2166583606537,293.0,104135.99305079236,0.117,0.09356388747282222
891,891,312.5947515174914,631.0,65632.75811061822,0.117,0.0
892,892,637.2298598861562,296.0,65341.759927087274,0.117,0.0
893,893,637.2298598861562,296.0,65341.759927087274,0.117,0.0
894,894,637.2298598861562,296.0,65341.759927087274,0.117,0.0
895,895,719.5871280224214,262.0,77620.75573468984,0.117,0.39983975490675033
896,896,312.5947515174914,631.0,65632.75811061822,0.117,0.0
897,897,637.2298598861562,296.0,65341.759927087274,0.117,0.0
898,898,719.5871280224214,262.0,77620.75573468984,0.117,0.39983975490675033
899,899,837.2166583606537,293.0,104135.99305079236,0.117,0.09356388747282222
900,900,837.2166583606537,293.0,104135.99305079236,0.117,0.09356388747282222
901,901,837.2166583606537,293.0,104135.99305079236,0.117,0.09356388747282222
902,902,837.2166583606537,293.0,104135.99305079236,0.117,0.09356388747282222
903,903,837.2166583606537,293.0,104135.99305079236,0.117,0.09356388747282222
904,904,312.5947515174914,631.0,65632.75811061822,0.117,0.0
905,905,637.2298598861562,296.0,65341.759927087274,0.117,0.0
906,906,837.2166583606537,293.0,104135.99305079236,0.117,0.09356388747282222
907,907,837.2166583606537,293.0,104135.99305079236,0.117,0.09356388747282222
908,908,837.2166583606537,293.0,104135.99305079236,0.117,0.09356388747282222
909,909,837.2166583606537,293.0,104135.99305079236,0.117,0.09356388747282222
910,910,837.2166583606537,293.0,104135.99305079236,0.117,0.09356388747282222
911,911,837.2166583606537,293.0,104135.99305079236,0.117,0.09356388747282222
912,912,296.28054076293597,137.0,14102.799255324951,0.117,2.253230416315012
913,913,296.28054076293597,137.0,14102.799255324951,0.117,2.253230416315012
914,914,637.2298598861562,296.0,65341.759927087274,0.117,0.0
915,915,637.2298598861562,296.0,65341.759927087274,0.117,0.0
916,916,719.5871280224214,262.0,77620.75573468984,0.117,0.39983975490675033
917,917,406.72633871362433,243.0,29710.895069066504,0.117,0.0
918,918,406.72633871362433,243.0,29710.895069066504,0.117,0.0
919,919,406.72633871362433,243.0,29710.895069066504,0.117,0.0
920,920,296.28054076293597,137.0,14102.799255324951,0.117,2.253230416315012
921,921,406.72633871362433,243.0,29710.895069066504,0.117,0.0
922,922,406.72633871362433,243.0,29710.895069066504,0.117,0.0
923,923,637.2298598861562,296.0,65341.759927087274,0.117,0.0
924,924,719.5871280224214,262.0,77620.75573468984,0.117,0.39983975490675033
925,925,406.72633871362433,243.0,29710.895069066504,0.117,0.0
926,926,637.2298598861562,296.0,65341.759927087274,0.117,0.0
927,927,637.2298598861562,296.0,65341.759927087274,0.117,0.0
928,928,406.72633871362433,243.0,29710.895069066504,0.117,0.0
929,929,837.2166583606537,293.0,104135.99305079236,0.117,0.09356388747282222
930,930,837.2166583606537,293.0,104135.99305079236,0.117,0.09356388747282222
931,931,312.5947515174914,631.0,65632.75811061822,0.117,0.0
932,932,837.2166583606537,293.0,104135.99305079236,0.117,0.09356388747282222
933,933,837.2166583606537,293.0,104135.99305079236,0.117,0.09356388747282222
934,934,837.2166583606537,293.0,104135.99305079236,0.117,0.09356388747282222
935,935,406.72633871362433,243.0,29710.895069066504,0.117,0.0
936,936,406.72633871362433,243.0,29710.895069066504,0.117,0.0
937,937,406.72633871362433,243.0,29710.895069066504,0.117,0.0
938,938,406.72633871362433,243.0,29710.895069066504,0.117,0.0
939,939,497.4279044195864,233.0,39935.241259193266,0.117,0.0
940,940,837.2166583606537,293.0,104135.99305079236,0.117,0.09356388747282222
941,941,837.2166583606537,293.0,104135.99305079236,0.117,0.09356388747282222
942,942,406.72633871362433,243.0,29710.895069066504,0.117,0.0
943,943,406.72633871362433,243.0,29710.895069066504,0.117,0.0
944,944,837.2166583606537,293.0,104135.99305079236,0.117,0.09356388747282222
945,945,837.2166583606537,293.0,104135.99305079236,0.117,0.09356388747282222
946,946,719.5871280224214,262.0,77620.75573468984,0.117,0.39983975490675033
947,947,312.5947515174914,631.0,65632.75811061822,0.117,0.0
948,948,837.2166583606537,293.0,104135.99305079236,0.117,0.09356388747282222
949,949,837.2166583606537,293.0,104135.99305079236,0.117,0.09356388747282222
950,950,837.2166583606537,293.0,104135.99305079236,0.117,0.09356388747282222
951,951,837.2166583606537,293.0,104135.99305079236,0.117,0.09356388747282222
952,952,719.5871280224214,262.0,77620.75573468984,0.117,0.39983975490675033
953,953,497.4279044195864,233.0,39935.241259193266,0.117,0.0
954,954,312.5947515174914,631.0,65632.75811061822,0.117,0.0
955,955,637.2298598861562,296.0,65341.759927087274,0.117,0.0
956,956,497.4279044195864,233.0,39935.241259193266,0.117,0.0
957,957,637.2298598861562,296.0,65341.759927087274,0.117,0.0
958,958,637.2298598861562,296.0,65341.759927087274,0.117,0.0
959,959,637.2298598861562,296.0,65341.759927087274,0.117,0.0
960,960,497.4279044195864,233.0,39935.241259193266,0.117,0.0
961,961,719.5871280224214,262.0,77620.75573468984,0.117,0.39983975490675033
962,962,719.5871280224214,262.0,77620.75573468984,0.117,0.39983975490675033
963,963,637.2298598861562,296.0,65341.759927087274,0.117,0.0
964,964,703.625461563575,316.0,78745.14961067829,0.117,0.0
965,965,312.5947515174914,631.0,65632.75811061822,0.117,0.0
966,966,406.72633871362433,243.0,29710.895069066504,0.117,0.0
967,967,1165.9945839264515,592.0,226331.56621080512,0.117,0.0
968,968,312.5947515174914,631.0,65632.75811061822,0.117,0.0
969,969,719.5871280224214,262.0,77620.75573468984,0.117,0.39983975490675033
970,970,703.625461563575,316.0,78745.14961067829,0.117,0.0
971,971,703.625461563575,316.0,78745.14961067829,0.117,0.0
972,972,837.2166583606537,293.0,104135.99305079236,0.117,0.09356388747282222
973,973,837.2166583606537,293.0,104135.99305079236,0.117,0.09356388747282222
974,974,637.2298598861562,296.0,65341.759927087274,0.117,0.0
975,975,637.2298598861562,296.0,65341.759927087274,0.117,0.0
976,976,637.2298598861562,296.0,65341.759927087274,0.117,0.0
977,977,837.2166583606537,293.0,104135.99305079236,0.117,0.09356388747282222
978,978,837.2166583606537,293.0,104135.99305079236,0.117,0.09356388747282222
979,979,837.2166583606537,293.0,104135.99305079236,0.117,0.09356388747282222
980,980,719.5871280224214,262.0,77620.75573468984,0.117,0.39983975490675033
981,981,719.5871280224214,262.0,77620.75573468984,0.117,0.39983975490675033
982,982,296.28054076293597,137.0,14102.799255324951,0.117,2.253230416315012
983,983,837.2166583606537,293.0,104135.99305079236,0.117,0.09356388747282222
984,984,497.4279044195864,233.0,39935.241259193266,0.117,0.0
985,985,497.4279044195864,233.0,39935.241259193266,0.117,0.0
986,986,703.625461563575,316.0,78745.14961067829,0.117,0.0
987,987,837.2166583606537,293.0,104135.99305079236,0.117,0.09356388747282222
988,988,719.5871280224214,262.0,77620.75573468984,0.117,0.39983975490675033
989,989,637.2298598861562,296.0,65341.759927087274,0.117,0.0
990,990,312.5947515174914,631.0,65632.75811061822,0.117,0.0
991,991,406.72633871362433,243.0,29710.895069066504,0.117,0.0
992,992,406.72633871362433,243.0,29710.895069066504,0.117,0.0
993,993,837.2166583606537,293.0,104135.99305079236,0.117,0.09356388747282222
994,994,837.2166583606537,293.0,104135.99305079236,0.117,0.09356388747282222
995,995,837.2166583606537,293.0,104135.99305079236,0.117,0.09356388747282222
996,996,637.2298598861562,296.0,65341.759927087274,0.117,0.0
997,997,837.2166583606537,293.0,104135.99305079236,0.117,0.09356388747282222
998,998,406.72633871362433,243.0,29710.895069066504,0.117,0.0
999,999,637.2298598861562,296.0,65341.759927087274,0.117,0.0
