,index,n_BuildingSqm,n_BuildingKwh,c_n_BuildingSqm,c_n_BuildingKwh,NonRElectricity,w
0,0,4,6,837.2166583610001,293.0,104624.120488,0.159
1,1,4,6,837.2166583610001,293.0,104624.120488,0.159
2,2,8,8,406.726338714,243.0,29850.162028099996,0.159
3,3,8,8,406.726338714,243.0,29850.162028099996,0.159
4,4,8,6,406.726338714,243.0,29850.162028099996,0.159
5,5,8,6,406.726338714,243.0,29850.162028099996,0.159
6,6,8,1,406.726338714,243.0,29850.162028099996,0.159
7,7,6,6,637.229859886,296.0,65648.0431331,0.159
8,8,7,8,296.280540763,137.0,14168.9047685,0.159
9,9,4,4,837.2166583610001,293.0,104624.120488,0.159
10,10,4,4,837.2166583610001,293.0,104624.120488,0.159
11,11,4,4,837.2166583610001,293.0,104624.120488,0.159
12,12,6,4,637.229859886,296.0,65648.0431331,0.159
13,13,1,4,312.594751517,631.0,65940.4053426,0.159
14,14,8,4,406.726338714,243.0,29850.162028099996,0.159
15,15,0,4,719.587128022,262.0,77984.59555089999,0.159
16,16,6,4,637.229859886,296.0,65648.0431331,0.159
17,17,4,4,837.2166583610001,293.0,104624.120488,0.159
18,18,4,4,837.2166583610001,293.0,104624.120488,0.159
19,19,4,4,837.2166583610001,293.0,104624.120488,0.159
20,20,4,8,837.2166583610001,293.0,104624.120488,0.159
21,21,4,8,837.2166583610001,293.0,104624.120488,0.159
22,22,4,3,837.2166583610001,293.0,104624.120488,0.159
23,23,4,4,837.2166583610001,293.0,104624.120488,0.159
24,24,4,4,837.2166583610001,293.0,104624.120488,0.159
25,25,8,8,406.726338714,243.0,29850.162028099996,0.159
26,26,8,8,406.726338714,243.0,29850.162028099996,0.159
27,27,8,0,406.726338714,243.0,29850.162028099996,0.159
28,28,3,6,703.6254615639999,316.0,79114.259915,0.159
29,29,6,8,637.229859886,296.0,65648.0431331,0.159
30,30,8,8,406.726338714,243.0,29850.162028099996,0.159
31,31,1,8,312.594751517,631.0,65940.4053426,0.159
32,32,1,8,312.594751517,631.0,65940.4053426,0.159
33,33,8,8,406.726338714,243.0,29850.162028099996,0.159
34,34,6,4,637.229859886,296.0,65648.0431331,0.159
35,35,4,6,837.2166583610001,293.0,104624.120488,0.159
36,36,4,5,837.2166583610001,293.0,104624.120488,0.159
37,37,4,6,837.2166583610001,293.0,104624.120488,0.159
38,38,4,6,837.2166583610001,293.0,104624.120488,0.159
39,39,4,4,837.2166583610001,293.0,104624.120488,0.159
40,40,8,8,406.726338714,243.0,29850.162028099996,0.159
41,41,8,4,406.726338714,243.0,29850.162028099996,0.159
42,42,4,4,837.2166583610001,293.0,104624.120488,0.159
43,43,4,4,837.2166583610001,293.0,104624.120488,0.159
44,44,8,8,406.726338714,243.0,29850.162028099996,0.159
45,45,8,4,406.726338714,243.0,29850.162028099996,0.159
46,46,6,1,637.229859886,296.0,65648.0431331,0.159
47,47,8,4,406.726338714,243.0,29850.162028099996,0.159
48,48,8,8,406.726338714,243.0,29850.162028099996,0.159
49,49,6,5,637.229859886,296.0,65648.0431331,0.159
50,50,1,6,312.594751517,631.0,65940.4053426,0.159
51,51,5,6,497.42790442,233.0,40122.4338562,0.159
52,52,1,4,312.594751517,631.0,65940.4053426,0.159
53,53,1,8,312.594751517,631.0,65940.4053426,0.159
54,54,3,8,703.6254615639999,316.0,79114.259915,0.159
55,55,6,0,637.229859886,296.0,65648.0431331,0.159
56,56,4,1,837.2166583610001,293.0,104624.120488,0.159
57,57,3,4,703.6254615639999,316.0,79114.259915,0.159
58,58,6,8,637.229859886,296.0,65648.0431331,0.159
59,59,8,8,406.726338714,243.0,29850.162028099996,0.159
60,60,8,8,406.726338714,243.0,29850.162028099996,0.159
61,61,6,8,637.229859886,296.0,65648.0431331,0.159
62,62,0,8,719.587128022,262.0,77984.59555089999,0.159
63,63,1,5,312.594751517,631.0,65940.4053426,0.159
64,64,6,0,637.229859886,296.0,65648.0431331,0.159
65,65,1,7,312.594751517,631.0,65940.4053426,0.159
66,66,8,3,406.726338714,243.0,29850.162028099996,0.159
67,67,8,8,406.726338714,243.0,29850.162028099996,0.159
68,68,1,6,312.594751517,631.0,65940.4053426,0.159
69,69,6,6,637.229859886,296.0,65648.0431331,0.159
70,70,0,7,719.587128022,262.0,77984.59555089999,0.159
71,71,1,0,312.594751517,631.0,65940.4053426,0.159
72,72,1,4,312.594751517,631.0,65940.4053426,0.159
73,73,4,4,837.2166583610001,293.0,104624.120488,0.159
74,74,4,5,837.2166583610001,293.0,104624.120488,0.159
75,75,6,6,637.229859886,296.0,65648.0431331,0.159
76,76,8,6,406.726338714,243.0,29850.162028099996,0.159
77,77,7,8,296.280540763,137.0,14168.9047685,0.159
78,78,1,0,312.594751517,631.0,65940.4053426,0.159
79,79,0,3,719.587128022,262.0,77984.59555089999,0.159
80,80,3,4,703.6254615639999,316.0,79114.259915,0.159
81,81,6,4,637.229859886,296.0,65648.0431331,0.159
82,82,6,4,637.229859886,296.0,65648.0431331,0.159
83,83,0,4,719.587128022,262.0,77984.59555089999,0.159
84,84,0,3,719.587128022,262.0,77984.59555089999,0.159
85,85,7,1,296.280540763,137.0,14168.9047685,0.159
86,86,8,0,406.726338714,243.0,29850.162028099996,0.159
87,87,8,8,406.726338714,243.0,29850.162028099996,0.159
88,88,8,4,406.726338714,243.0,29850.162028099996,0.159
89,89,4,4,837.2166583610001,293.0,104624.120488,0.159
90,90,4,4,837.2166583610001,293.0,104624.120488,0.159
91,91,4,4,837.2166583610001,293.0,104624.120488,0.159
92,92,8,4,406.726338714,243.0,29850.162028099996,0.159
93,93,8,6,406.726338714,243.0,29850.162028099996,0.159
94,94,8,4,406.726338714,243.0,29850.162028099996,0.159
95,95,8,4,406.726338714,243.0,29850.162028099996,0.159
96,96,1,4,312.594751517,631.0,65940.4053426,0.159
97,97,7,6,296.280540763,137.0,14168.9047685,0.159
98,98,4,4,837.2166583610001,293.0,104624.120488,0.159
99,99,1,4,312.594751517,631.0,65940.4053426,0.159
100,100,4,4,837.2166583610001,293.0,104624.120488,0.159
101,101,4,4,837.2166583610001,293.0,104624.120488,0.159
102,102,8,4,406.726338714,243.0,29850.162028099996,0.159
103,103,6,4,637.229859886,296.0,65648.0431331,0.159
104,104,8,4,406.726338714,243.0,29850.162028099996,0.159
105,105,6,4,637.229859886,296.0,65648.0431331,0.159
106,106,0,4,719.587128022,262.0,77984.59555089999,0.159
107,107,4,8,837.2166583610001,293.0,104624.120488,0.159
108,108,4,8,837.2166583610001,293.0,104624.120488,0.159
109,109,4,5,837.2166583610001,293.0,104624.120488,0.159
110,110,1,6,312.594751517,631.0,65940.4053426,0.159
111,111,4,7,837.2166583610001,293.0,104624.120488,0.159
112,112,4,0,837.2166583610001,293.0,104624.120488,0.159
113,113,6,2,637.229859886,296.0,65648.0431331,0.159
114,114,1,6,312.594751517,631.0,65940.4053426,0.159
115,115,8,6,406.726338714,243.0,29850.162028099996,0.159
116,116,6,8,637.229859886,296.0,65648.0431331,0.159
117,117,6,8,637.229859886,296.0,65648.0431331,0.159
118,118,6,8,637.229859886,296.0,65648.0431331,0.159
119,119,1,8,312.594751517,631.0,65940.4053426,0.159
120,120,8,8,406.726338714,243.0,29850.162028099996,0.159
121,121,4,0,837.2166583610001,293.0,104624.120488,0.159
122,122,4,1,837.2166583610001,293.0,104624.120488,0.159
123,123,4,0,837.2166583610001,293.0,104624.120488,0.159
124,124,4,8,837.2166583610001,293.0,104624.120488,0.159
125,125,4,1,837.2166583610001,293.0,104624.120488,0.159
126,126,4,4,837.2166583610001,293.0,104624.120488,0.159
127,127,4,2,837.2166583610001,293.0,104624.120488,0.159
128,128,4,8,837.2166583610001,293.0,104624.120488,0.159
129,129,4,6,837.2166583610001,293.0,104624.120488,0.159
130,130,3,6,703.6254615639999,316.0,79114.259915,0.159
131,131,4,4,837.2166583610001,293.0,104624.120488,0.159
132,132,8,4,406.726338714,243.0,29850.162028099996,0.159
133,133,8,8,406.726338714,243.0,29850.162028099996,0.159
134,134,4,8,837.2166583610001,293.0,104624.120488,0.159
135,135,3,4,703.6254615639999,316.0,79114.259915,0.159
136,136,0,1,719.587128022,262.0,77984.59555089999,0.159
137,137,5,3,497.42790442,233.0,40122.4338562,0.159
138,138,8,1,406.726338714,243.0,29850.162028099996,0.159
139,139,8,8,406.726338714,243.0,29850.162028099996,0.159
140,140,4,4,837.2166583610001,293.0,104624.120488,0.159
141,141,4,4,837.2166583610001,293.0,104624.120488,0.159
142,142,6,4,637.229859886,296.0,65648.0431331,0.159
143,143,4,4,837.2166583610001,293.0,104624.120488,0.159
144,144,1,6,312.594751517,631.0,65940.4053426,0.159
145,145,6,6,637.229859886,296.0,65648.0431331,0.159
146,146,6,1,637.229859886,296.0,65648.0431331,0.159
147,147,6,4,637.229859886,296.0,65648.0431331,0.159
148,148,3,4,703.6254615639999,316.0,79114.259915,0.159
149,149,1,3,312.594751517,631.0,65940.4053426,0.159
150,150,1,1,312.594751517,631.0,65940.4053426,0.159
151,151,2,3,1165.99458393,592.0,227392.473629,0.159
152,152,1,8,312.594751517,631.0,65940.4053426,0.159
153,153,4,8,837.2166583610001,293.0,104624.120488,0.159
154,154,4,8,837.2166583610001,293.0,104624.120488,0.159
155,155,4,6,837.2166583610001,293.0,104624.120488,0.159
156,156,8,7,406.726338714,243.0,29850.162028099996,0.159
157,157,8,7,406.726338714,243.0,29850.162028099996,0.159
158,158,8,1,406.726338714,243.0,29850.162028099996,0.159
159,159,8,4,406.726338714,243.0,29850.162028099996,0.159
160,160,4,8,837.2166583610001,293.0,104624.120488,0.159
161,161,4,4,837.2166583610001,293.0,104624.120488,0.159
162,162,5,4,497.42790442,233.0,40122.4338562,0.159
163,163,3,8,703.6254615639999,316.0,79114.259915,0.159
164,164,1,8,312.594751517,631.0,65940.4053426,0.159
165,165,1,8,312.594751517,631.0,65940.4053426,0.159
166,166,6,4,637.229859886,296.0,65648.0431331,0.159
167,167,8,4,406.726338714,243.0,29850.162028099996,0.159
168,168,8,8,406.726338714,243.0,29850.162028099996,0.159
169,169,7,8,296.280540763,137.0,14168.9047685,0.159
170,170,4,4,837.2166583610001,293.0,104624.120488,0.159
171,171,4,6,837.2166583610001,293.0,104624.120488,0.159
172,172,4,4,837.2166583610001,293.0,104624.120488,0.159
173,173,4,4,837.2166583610001,293.0,104624.120488,0.159
174,174,4,8,837.2166583610001,293.0,104624.120488,0.159
175,175,4,8,837.2166583610001,293.0,104624.120488,0.159
176,176,4,8,837.2166583610001,293.0,104624.120488,0.159
177,177,4,8,837.2166583610001,293.0,104624.120488,0.159
178,178,4,8,837.2166583610001,293.0,104624.120488,0.159
179,179,4,4,837.2166583610001,293.0,104624.120488,0.159
180,180,4,6,837.2166583610001,293.0,104624.120488,0.159
181,181,5,8,497.42790442,233.0,40122.4338562,0.159
182,182,4,3,837.2166583610001,293.0,104624.120488,0.159
183,183,6,7,637.229859886,296.0,65648.0431331,0.159
184,184,1,8,312.594751517,631.0,65940.4053426,0.159
185,185,4,8,837.2166583610001,293.0,104624.120488,0.159
186,186,8,8,406.726338714,243.0,29850.162028099996,0.159
187,187,4,8,837.2166583610001,293.0,104624.120488,0.159
188,188,3,0,703.6254615639999,316.0,79114.259915,0.159
189,189,5,6,497.42790442,233.0,40122.4338562,0.159
190,190,5,1,497.42790442,233.0,40122.4338562,0.159
191,191,4,4,837.2166583610001,293.0,104624.120488,0.159
192,192,6,4,637.229859886,296.0,65648.0431331,0.159
193,193,4,4,837.2166583610001,293.0,104624.120488,0.159
194,194,4,4,837.2166583610001,293.0,104624.120488,0.159
195,195,0,1,719.587128022,262.0,77984.59555089999,0.159
196,196,7,8,296.280540763,137.0,14168.9047685,0.159
197,197,4,0,837.2166583610001,293.0,104624.120488,0.159
198,198,4,4,837.2166583610001,293.0,104624.120488,0.159
199,199,4,4,837.2166583610001,293.0,104624.120488,0.159
200,200,0,4,719.587128022,262.0,77984.59555089999,0.159
201,201,6,6,637.229859886,296.0,65648.0431331,0.159
202,202,4,7,837.2166583610001,293.0,104624.120488,0.159
203,203,4,6,837.2166583610001,293.0,104624.120488,0.159
204,204,4,8,837.2166583610001,293.0,104624.120488,0.159
205,205,4,4,837.2166583610001,293.0,104624.120488,0.159
206,206,4,3,837.2166583610001,293.0,104624.120488,0.159
207,207,1,7,312.594751517,631.0,65940.4053426,0.159
208,208,8,7,406.726338714,243.0,29850.162028099996,0.159
209,209,4,8,837.2166583610001,293.0,104624.120488,0.159
210,210,4,8,837.2166583610001,293.0,104624.120488,0.159
211,211,1,4,312.594751517,631.0,65940.4053426,0.159
212,212,1,4,312.594751517,631.0,65940.4053426,0.159
213,213,4,4,837.2166583610001,293.0,104624.120488,0.159
214,214,4,4,837.2166583610001,293.0,104624.120488,0.159
215,215,4,8,837.2166583610001,293.0,104624.120488,0.159
216,216,4,4,837.2166583610001,293.0,104624.120488,0.159
217,217,4,4,837.2166583610001,293.0,104624.120488,0.159
218,218,4,4,837.2166583610001,293.0,104624.120488,0.159
219,219,3,4,703.6254615639999,316.0,79114.259915,0.159
220,220,4,4,837.2166583610001,293.0,104624.120488,0.159
221,221,6,4,637.229859886,296.0,65648.0431331,0.159
222,222,8,8,406.726338714,243.0,29850.162028099996,0.159
223,223,6,8,637.229859886,296.0,65648.0431331,0.159
224,224,6,8,637.229859886,296.0,65648.0431331,0.159
225,225,8,8,406.726338714,243.0,29850.162028099996,0.159
226,226,4,8,837.2166583610001,293.0,104624.120488,0.159
227,227,8,0,406.726338714,243.0,29850.162028099996,0.159
228,228,1,0,312.594751517,631.0,65940.4053426,0.159
229,229,1,8,312.594751517,631.0,65940.4053426,0.159
230,230,1,1,312.594751517,631.0,65940.4053426,0.159
231,231,4,6,837.2166583610001,293.0,104624.120488,0.159
232,232,0,4,719.587128022,262.0,77984.59555089999,0.159
233,233,8,4,406.726338714,243.0,29850.162028099996,0.159
234,234,3,8,703.6254615639999,316.0,79114.259915,0.159
235,235,4,8,837.2166583610001,293.0,104624.120488,0.159
236,236,4,6,837.2166583610001,293.0,104624.120488,0.159
237,237,4,3,837.2166583610001,293.0,104624.120488,0.159
238,238,0,1,719.587128022,262.0,77984.59555089999,0.159
239,239,6,6,637.229859886,296.0,65648.0431331,0.159
240,240,1,4,312.594751517,631.0,65940.4053426,0.159
241,241,3,2,703.6254615639999,316.0,79114.259915,0.159
242,242,4,0,837.2166583610001,293.0,104624.120488,0.159
243,243,4,0,837.2166583610001,293.0,104624.120488,0.159
244,244,0,8,719.587128022,262.0,77984.59555089999,0.159
245,245,3,8,703.6254615639999,316.0,79114.259915,0.159
246,246,2,6,1165.99458393,592.0,227392.473629,0.159
247,247,6,6,637.229859886,296.0,65648.0431331,0.159
248,248,6,7,637.229859886,296.0,65648.0431331,0.159
249,249,4,4,837.2166583610001,293.0,104624.120488,0.159
250,250,8,4,406.726338714,243.0,29850.162028099996,0.159
251,251,6,4,637.229859886,296.0,65648.0431331,0.159
252,252,1,4,312.594751517,631.0,65940.4053426,0.159
253,253,4,3,837.2166583610001,293.0,104624.120488,0.159
254,254,4,4,837.2166583610001,293.0,104624.120488,0.159
255,255,3,4,703.6254615639999,316.0,79114.259915,0.159
256,256,3,8,703.6254615639999,316.0,79114.259915,0.159
257,257,8,8,406.726338714,243.0,29850.162028099996,0.159
258,258,8,4,406.726338714,243.0,29850.162028099996,0.159
259,259,8,3,406.726338714,243.0,29850.162028099996,0.159
260,260,0,0,719.587128022,262.0,77984.59555089999,0.159
261,261,6,0,637.229859886,296.0,65648.0431331,0.159
262,262,6,8,637.229859886,296.0,65648.0431331,0.159
263,263,6,4,637.229859886,296.0,65648.0431331,0.159
264,264,4,4,837.2166583610001,293.0,104624.120488,0.159
265,265,4,3,837.2166583610001,293.0,104624.120488,0.159
266,266,8,7,406.726338714,243.0,29850.162028099996,0.159
267,267,8,0,406.726338714,243.0,29850.162028099996,0.159
268,268,1,0,312.594751517,631.0,65940.4053426,0.159
269,269,4,1,837.2166583610001,293.0,104624.120488,0.159
270,270,3,0,703.6254615639999,316.0,79114.259915,0.159
271,271,8,4,406.726338714,243.0,29850.162028099996,0.159
272,272,4,4,837.2166583610001,293.0,104624.120488,0.159
273,273,8,4,406.726338714,243.0,29850.162028099996,0.159
274,274,3,6,703.6254615639999,316.0,79114.259915,0.159
275,275,4,6,837.2166583610001,293.0,104624.120488,0.159
276,276,4,8,837.2166583610001,293.0,104624.120488,0.159
277,277,0,0,719.587128022,262.0,77984.59555089999,0.159
278,278,4,3,837.2166583610001,293.0,104624.120488,0.159
279,279,6,6,637.229859886,296.0,65648.0431331,0.159
280,280,8,7,406.726338714,243.0,29850.162028099996,0.159
281,281,0,6,719.587128022,262.0,77984.59555089999,0.159
282,282,6,4,637.229859886,296.0,65648.0431331,0.159
283,283,8,4,406.726338714,243.0,29850.162028099996,0.159
284,284,8,4,406.726338714,243.0,29850.162028099996,0.159
285,285,6,8,637.229859886,296.0,65648.0431331,0.159
286,286,6,6,637.229859886,296.0,65648.0431331,0.159
287,287,1,4,312.594751517,631.0,65940.4053426,0.159
288,288,5,4,497.42790442,233.0,40122.4338562,0.159
289,289,4,4,837.2166583610001,293.0,104624.120488,0.159
290,290,0,4,719.587128022,262.0,77984.59555089999,0.159
291,291,7,4,296.280540763,137.0,14168.9047685,0.159
292,292,3,4,703.6254615639999,316.0,79114.259915,0.159
293,293,4,4,837.2166583610001,293.0,104624.120488,0.159
294,294,4,6,837.2166583610001,293.0,104624.120488,0.159
295,295,4,3,837.2166583610001,293.0,104624.120488,0.159
296,296,4,8,837.2166583610001,293.0,104624.120488,0.159
297,297,4,6,837.2166583610001,293.0,104624.120488,0.159
298,298,4,1,837.2166583610001,293.0,104624.120488,0.159
299,299,4,4,837.2166583610001,293.0,104624.120488,0.159
300,300,6,1,637.229859886,296.0,65648.0431331,0.159
301,301,8,7,406.726338714,243.0,29850.162028099996,0.159
302,302,4,4,837.2166583610001,293.0,104624.120488,0.159
303,303,8,4,406.726338714,243.0,29850.162028099996,0.159
304,304,4,6,837.2166583610001,293.0,104624.120488,0.159
305,305,4,6,837.2166583610001,293.0,104624.120488,0.159
306,306,4,4,837.2166583610001,293.0,104624.120488,0.159
307,307,4,4,837.2166583610001,293.0,104624.120488,0.159
308,308,6,4,637.229859886,296.0,65648.0431331,0.159
309,309,8,8,406.726338714,243.0,29850.162028099996,0.159
310,310,1,8,312.594751517,631.0,65940.4053426,0.159
311,311,8,6,406.726338714,243.0,29850.162028099996,0.159
312,312,8,4,406.726338714,243.0,29850.162028099996,0.159
313,313,4,4,837.2166583610001,293.0,104624.120488,0.159
314,314,4,4,837.2166583610001,293.0,104624.120488,0.159
315,315,4,3,837.2166583610001,293.0,104624.120488,0.159
316,316,4,6,837.2166583610001,293.0,104624.120488,0.159
317,317,4,8,837.2166583610001,293.0,104624.120488,0.159
318,318,4,8,837.2166583610001,293.0,104624.120488,0.159
319,319,4,3,837.2166583610001,293.0,104624.120488,0.159
320,320,4,1,837.2166583610001,293.0,104624.120488,0.159
321,321,4,8,837.2166583610001,293.0,104624.120488,0.159
322,322,4,8,837.2166583610001,293.0,104624.120488,0.159
323,323,1,4,312.594751517,631.0,65940.4053426,0.159
324,324,0,8,719.587128022,262.0,77984.59555089999,0.159
325,325,2,8,1165.99458393,592.0,227392.473629,0.159
326,326,0,0,719.587128022,262.0,77984.59555089999,0.159
327,327,8,4,406.726338714,243.0,29850.162028099996,0.159
328,328,0,4,719.587128022,262.0,77984.59555089999,0.159
329,329,8,8,406.726338714,243.0,29850.162028099996,0.159
330,330,8,4,406.726338714,243.0,29850.162028099996,0.159
331,331,6,4,637.229859886,296.0,65648.0431331,0.159
332,332,4,5,837.2166583610001,293.0,104624.120488,0.159
333,333,1,1,312.594751517,631.0,65940.4053426,0.159
334,334,2,6,1165.99458393,592.0,227392.473629,0.159
335,335,0,6,719.587128022,262.0,77984.59555089999,0.159
336,336,0,8,719.587128022,262.0,77984.59555089999,0.159
337,337,8,6,406.726338714,243.0,29850.162028099996,0.159
338,338,3,4,703.6254615639999,316.0,79114.259915,0.159
339,339,8,4,406.726338714,243.0,29850.162028099996,0.159
340,340,0,4,719.587128022,262.0,77984.59555089999,0.159
341,341,8,4,406.726338714,243.0,29850.162028099996,0.159
342,342,8,4,406.726338714,243.0,29850.162028099996,0.159
343,343,5,4,497.42790442,233.0,40122.4338562,0.159
344,344,6,8,637.229859886,296.0,65648.0431331,0.159
345,345,6,6,637.229859886,296.0,65648.0431331,0.159
346,346,4,6,837.2166583610001,293.0,104624.120488,0.159
347,347,7,4,296.280540763,137.0,14168.9047685,0.159
348,348,1,4,312.594751517,631.0,65940.4053426,0.159
349,349,4,8,837.2166583610001,293.0,104624.120488,0.159
350,350,4,1,837.2166583610001,293.0,104624.120488,0.159
351,351,4,0,837.2166583610001,293.0,104624.120488,0.159
352,352,5,4,497.42790442,233.0,40122.4338562,0.159
353,353,0,4,719.587128022,262.0,77984.59555089999,0.159
354,354,4,4,837.2166583610001,293.0,104624.120488,0.159
355,355,4,4,837.2166583610001,293.0,104624.120488,0.159
356,356,4,4,837.2166583610001,293.0,104624.120488,0.159
357,357,4,4,837.2166583610001,293.0,104624.120488,0.159
358,358,6,8,637.229859886,296.0,65648.0431331,0.159
359,359,7,0,296.280540763,137.0,14168.9047685,0.159
360,360,3,6,703.6254615639999,316.0,79114.259915,0.159
361,361,3,4,703.6254615639999,316.0,79114.259915,0.159
362,362,8,7,406.726338714,243.0,29850.162028099996,0.159
363,363,4,5,837.2166583610001,293.0,104624.120488,0.159
364,364,4,3,837.2166583610001,293.0,104624.120488,0.159
365,365,4,8,837.2166583610001,293.0,104624.120488,0.159
366,366,4,8,837.2166583610001,293.0,104624.120488,0.159
367,367,6,7,637.229859886,296.0,65648.0431331,0.159
368,368,6,3,637.229859886,296.0,65648.0431331,0.159
369,369,1,1,312.594751517,631.0,65940.4053426,0.159
370,370,8,8,406.726338714,243.0,29850.162028099996,0.159
371,371,8,4,406.726338714,243.0,29850.162028099996,0.159
372,372,3,4,703.6254615639999,316.0,79114.259915,0.159
373,373,3,0,703.6254615639999,316.0,79114.259915,0.159
374,374,3,4,703.6254615639999,316.0,79114.259915,0.159
375,375,8,8,406.726338714,243.0,29850.162028099996,0.159
376,376,8,1,406.726338714,243.0,29850.162028099996,0.159
377,377,4,3,837.2166583610001,293.0,104624.120488,0.159
378,378,4,8,837.2166583610001,293.0,104624.120488,0.159
379,379,4,6,837.2166583610001,293.0,104624.120488,0.159
380,380,8,7,406.726338714,243.0,29850.162028099996,0.159
381,381,7,8,296.280540763,137.0,14168.9047685,0.159
382,382,1,4,312.594751517,631.0,65940.4053426,0.159
383,383,8,0,406.726338714,243.0,29850.162028099996,0.159
384,384,5,0,497.42790442,233.0,40122.4338562,0.159
385,385,1,0,312.594751517,631.0,65940.4053426,0.159
386,386,1,1,312.594751517,631.0,65940.4053426,0.159
387,387,6,3,637.229859886,296.0,65648.0431331,0.159
388,388,1,8,312.594751517,631.0,65940.4053426,0.159
389,389,8,0,406.726338714,243.0,29850.162028099996,0.159
390,390,5,6,497.42790442,233.0,40122.4338562,0.159
391,391,4,4,837.2166583610001,293.0,104624.120488,0.159
392,392,4,6,837.2166583610001,293.0,104624.120488,0.159
393,393,4,8,837.2166583610001,293.0,104624.120488,0.159
394,394,4,8,837.2166583610001,293.0,104624.120488,0.159
395,395,4,0,837.2166583610001,293.0,104624.120488,0.159
396,396,4,8,837.2166583610001,293.0,104624.120488,0.159
397,397,4,0,837.2166583610001,293.0,104624.120488,0.159
398,398,4,3,837.2166583610001,293.0,104624.120488,0.159
399,399,4,0,837.2166583610001,293.0,104624.120488,0.159
400,400,8,8,406.726338714,243.0,29850.162028099996,0.159
401,401,4,1,837.2166583610001,293.0,104624.120488,0.159
402,402,4,1,837.2166583610001,293.0,104624.120488,0.159
403,403,4,8,837.2166583610001,293.0,104624.120488,0.159
404,404,4,4,837.2166583610001,293.0,104624.120488,0.159
405,405,4,4,837.2166583610001,293.0,104624.120488,0.159
406,406,4,6,837.2166583610001,293.0,104624.120488,0.159
407,407,4,6,837.2166583610001,293.0,104624.120488,0.159
408,408,4,8,837.2166583610001,293.0,104624.120488,0.159
409,409,6,8,637.229859886,296.0,65648.0431331,0.159
410,410,6,8,637.229859886,296.0,65648.0431331,0.159
411,411,1,1,312.594751517,631.0,65940.4053426,0.159
412,412,5,4,497.42790442,233.0,40122.4338562,0.159
413,413,0,6,719.587128022,262.0,77984.59555089999,0.159
414,414,8,0,406.726338714,243.0,29850.162028099996,0.159
415,415,5,7,497.42790442,233.0,40122.4338562,0.159
416,416,4,4,837.2166583610001,293.0,104624.120488,0.159
417,417,8,4,406.726338714,243.0,29850.162028099996,0.159
418,418,0,4,719.587128022,262.0,77984.59555089999,0.159
419,419,4,4,837.2166583610001,293.0,104624.120488,0.159
420,420,4,4,837.2166583610001,293.0,104624.120488,0.159
421,421,4,8,837.2166583610001,293.0,104624.120488,0.159
422,422,4,4,837.2166583610001,293.0,104624.120488,0.159
423,423,4,4,837.2166583610001,293.0,104624.120488,0.159
424,424,4,0,837.2166583610001,293.0,104624.120488,0.159
425,425,4,8,837.2166583610001,293.0,104624.120488,0.159
426,426,4,4,837.2166583610001,293.0,104624.120488,0.159
427,427,1,8,312.594751517,631.0,65940.4053426,0.159
428,428,5,0,497.42790442,233.0,40122.4338562,0.159
429,429,3,1,703.6254615639999,316.0,79114.259915,0.159
430,430,3,3,703.6254615639999,316.0,79114.259915,0.159
431,431,4,1,837.2166583610001,293.0,104624.120488,0.159
432,432,8,8,406.726338714,243.0,29850.162028099996,0.159
433,433,1,8,312.594751517,631.0,65940.4053426,0.159
434,434,0,0,719.587128022,262.0,77984.59555089999,0.159
435,435,8,0,406.726338714,243.0,29850.162028099996,0.159
436,436,8,4,406.726338714,243.0,29850.162028099996,0.159
437,437,8,8,406.726338714,243.0,29850.162028099996,0.159
438,438,1,8,312.594751517,631.0,65940.4053426,0.159
439,439,1,4,312.594751517,631.0,65940.4053426,0.159
440,440,4,1,837.2166583610001,293.0,104624.120488,0.159
441,441,4,6,837.2166583610001,293.0,104624.120488,0.159
442,442,4,6,837.2166583610001,293.0,104624.120488,0.159
443,443,8,4,406.726338714,243.0,29850.162028099996,0.159
444,444,8,4,406.726338714,243.0,29850.162028099996,0.159
445,445,8,3,406.726338714,243.0,29850.162028099996,0.159
446,446,1,0,312.594751517,631.0,65940.4053426,0.159
447,447,6,3,637.229859886,296.0,65648.0431331,0.159
448,448,4,8,837.2166583610001,293.0,104624.120488,0.159
449,449,4,4,837.2166583610001,293.0,104624.120488,0.159
450,450,4,4,837.2166583610001,293.0,104624.120488,0.159
451,451,4,4,837.2166583610001,293.0,104624.120488,0.159
452,452,4,4,837.2166583610001,293.0,104624.120488,0.159
453,453,4,4,837.2166583610001,293.0,104624.120488,0.159
454,454,3,8,703.6254615639999,316.0,79114.259915,0.159
455,455,5,8,497.42790442,233.0,40122.4338562,0.159
456,456,5,4,497.42790442,233.0,40122.4338562,0.159
457,457,6,8,637.229859886,296.0,65648.0431331,0.159
458,458,1,3,312.594751517,631.0,65940.4053426,0.159
459,459,8,1,406.726338714,243.0,29850.162028099996,0.159
460,460,8,0,406.726338714,243.0,29850.162028099996,0.159
461,461,1,6,312.594751517,631.0,65940.4053426,0.159
462,462,8,4,406.726338714,243.0,29850.162028099996,0.159
463,463,6,6,637.229859886,296.0,65648.0431331,0.159
464,464,6,8,637.229859886,296.0,65648.0431331,0.159
465,465,6,8,637.229859886,296.0,65648.0431331,0.159
466,466,8,0,406.726338714,243.0,29850.162028099996,0.159
467,467,8,4,406.726338714,243.0,29850.162028099996,0.159
468,468,8,8,406.726338714,243.0,29850.162028099996,0.159
469,469,5,4,497.42790442,233.0,40122.4338562,0.159
470,470,4,2,837.2166583610001,293.0,104624.120488,0.159
471,471,5,7,497.42790442,233.0,40122.4338562,0.159
472,472,1,1,312.594751517,631.0,65940.4053426,0.159
473,473,8,3,406.726338714,243.0,29850.162028099996,0.159
474,474,8,8,406.726338714,243.0,29850.162028099996,0.159
475,475,1,8,312.594751517,631.0,65940.4053426,0.159
476,476,0,8,719.587128022,262.0,77984.59555089999,0.159
477,477,8,2,406.726338714,243.0,29850.162028099996,0.159
478,478,6,0,637.229859886,296.0,65648.0431331,0.159
479,479,0,0,719.587128022,262.0,77984.59555089999,0.159
480,480,4,6,837.2166583610001,293.0,104624.120488,0.159
481,481,4,8,837.2166583610001,293.0,104624.120488,0.159
482,482,4,8,837.2166583610001,293.0,104624.120488,0.159
483,483,8,8,406.726338714,243.0,29850.162028099996,0.159
484,484,6,8,637.229859886,296.0,65648.0431331,0.159
485,485,8,8,406.726338714,243.0,29850.162028099996,0.159
486,486,6,8,637.229859886,296.0,65648.0431331,0.159
487,487,7,1,296.280540763,137.0,14168.9047685,0.159
488,488,3,6,703.6254615639999,316.0,79114.259915,0.159
489,489,6,1,637.229859886,296.0,65648.0431331,0.159
490,490,5,4,497.42790442,233.0,40122.4338562,0.159
491,491,4,4,837.2166583610001,293.0,104624.120488,0.159
492,492,4,4,837.2166583610001,293.0,104624.120488,0.159
493,493,4,4,837.2166583610001,293.0,104624.120488,0.159
494,494,4,4,837.2166583610001,293.0,104624.120488,0.159
495,495,4,4,837.2166583610001,293.0,104624.120488,0.159
496,496,8,4,406.726338714,243.0,29850.162028099996,0.159
497,497,6,4,637.229859886,296.0,65648.0431331,0.159
498,498,6,0,637.229859886,296.0,65648.0431331,0.159
499,499,6,6,637.229859886,296.0,65648.0431331,0.159
500,500,4,6,837.2166583610001,293.0,104624.120488,0.159
501,501,4,6,837.2166583610001,293.0,104624.120488,0.159
502,502,8,8,406.726338714,243.0,29850.162028099996,0.159
503,503,8,8,406.726338714,243.0,29850.162028099996,0.159
504,504,8,6,406.726338714,243.0,29850.162028099996,0.159
505,505,8,6,406.726338714,243.0,29850.162028099996,0.159
506,506,8,1,406.726338714,243.0,29850.162028099996,0.159
507,507,6,6,637.229859886,296.0,65648.0431331,0.159
508,508,7,8,296.280540763,137.0,14168.9047685,0.159
509,509,4,4,837.2166583610001,293.0,104624.120488,0.159
510,510,4,4,837.2166583610001,293.0,104624.120488,0.159
511,511,4,4,837.2166583610001,293.0,104624.120488,0.159
512,512,6,4,637.229859886,296.0,65648.0431331,0.159
513,513,1,4,312.594751517,631.0,65940.4053426,0.159
514,514,8,4,406.726338714,243.0,29850.162028099996,0.159
515,515,0,4,719.587128022,262.0,77984.59555089999,0.159
516,516,6,4,637.229859886,296.0,65648.0431331,0.159
517,517,4,4,837.2166583610001,293.0,104624.120488,0.159
518,518,4,4,837.2166583610001,293.0,104624.120488,0.159
519,519,4,4,837.2166583610001,293.0,104624.120488,0.159
520,520,4,8,837.2166583610001,293.0,104624.120488,0.159
521,521,4,8,837.2166583610001,293.0,104624.120488,0.159
522,522,4,3,837.2166583610001,293.0,104624.120488,0.159
523,523,4,4,837.2166583610001,293.0,104624.120488,0.159
524,524,4,4,837.2166583610001,293.0,104624.120488,0.159
525,525,8,8,406.726338714,243.0,29850.162028099996,0.159
526,526,8,8,406.726338714,243.0,29850.162028099996,0.159
527,527,8,0,406.726338714,243.0,29850.162028099996,0.159
528,528,3,6,703.6254615639999,316.0,79114.259915,0.159
529,529,6,8,637.229859886,296.0,65648.0431331,0.159
530,530,8,8,406.726338714,243.0,29850.162028099996,0.159
531,531,1,8,312.594751517,631.0,65940.4053426,0.159
532,532,1,8,312.594751517,631.0,65940.4053426,0.159
533,533,8,8,406.726338714,243.0,29850.162028099996,0.159
534,534,6,4,637.229859886,296.0,65648.0431331,0.159
535,535,4,6,837.2166583610001,293.0,104624.120488,0.159
536,536,4,5,837.2166583610001,293.0,104624.120488,0.159
537,537,4,6,837.2166583610001,293.0,104624.120488,0.159
538,538,4,6,837.2166583610001,293.0,104624.120488,0.159
539,539,4,4,837.2166583610001,293.0,104624.120488,0.159
540,540,8,8,406.726338714,243.0,29850.162028099996,0.159
541,541,8,4,406.726338714,243.0,29850.162028099996,0.159
542,542,4,4,837.2166583610001,293.0,104624.120488,0.159
543,543,4,4,837.2166583610001,293.0,104624.120488,0.159
544,544,8,8,406.726338714,243.0,29850.162028099996,0.159
545,545,8,4,406.726338714,243.0,29850.162028099996,0.159
546,546,6,1,637.229859886,296.0,65648.0431331,0.159
547,547,8,4,406.726338714,243.0,29850.162028099996,0.159
548,548,8,8,406.726338714,243.0,29850.162028099996,0.159
549,549,6,5,637.229859886,296.0,65648.0431331,0.159
550,550,1,6,312.594751517,631.0,65940.4053426,0.159
551,551,5,6,497.42790442,233.0,40122.4338562,0.159
552,552,1,4,312.594751517,631.0,65940.4053426,0.159
553,553,1,8,312.594751517,631.0,65940.4053426,0.159
554,554,3,8,703.6254615639999,316.0,79114.259915,0.159
555,555,6,0,637.229859886,296.0,65648.0431331,0.159
556,556,4,1,837.2166583610001,293.0,104624.120488,0.159
557,557,3,4,703.6254615639999,316.0,79114.259915,0.159
558,558,6,8,637.229859886,296.0,65648.0431331,0.159
559,559,8,8,406.726338714,243.0,29850.162028099996,0.159
560,560,8,8,406.726338714,243.0,29850.162028099996,0.159
561,561,6,8,637.229859886,296.0,65648.0431331,0.159
562,562,0,8,719.587128022,262.0,77984.59555089999,0.159
563,563,1,5,312.594751517,631.0,65940.4053426,0.159
564,564,6,0,637.229859886,296.0,65648.0431331,0.159
565,565,1,7,312.594751517,631.0,65940.4053426,0.159
566,566,8,3,406.726338714,243.0,29850.162028099996,0.159
567,567,8,8,406.726338714,243.0,29850.162028099996,0.159
568,568,1,6,312.594751517,631.0,65940.4053426,0.159
569,569,6,6,637.229859886,296.0,65648.0431331,0.159
570,570,0,7,719.587128022,262.0,77984.59555089999,0.159
571,571,1,0,312.594751517,631.0,65940.4053426,0.159
572,572,1,4,312.594751517,631.0,65940.4053426,0.159
573,573,4,4,837.2166583610001,293.0,104624.120488,0.159
574,574,4,5,837.2166583610001,293.0,104624.120488,0.159
575,575,6,6,637.229859886,296.0,65648.0431331,0.159
576,576,8,6,406.726338714,243.0,29850.162028099996,0.159
577,577,7,8,296.280540763,137.0,14168.9047685,0.159
578,578,1,0,312.594751517,631.0,65940.4053426,0.159
579,579,0,3,719.587128022,262.0,77984.59555089999,0.159
580,580,3,4,703.6254615639999,316.0,79114.259915,0.159
581,581,6,4,637.229859886,296.0,65648.0431331,0.159
582,582,6,4,637.229859886,296.0,65648.0431331,0.159
583,583,0,4,719.587128022,262.0,77984.59555089999,0.159
584,584,0,3,719.587128022,262.0,77984.59555089999,0.159
585,585,7,1,296.280540763,137.0,14168.9047685,0.159
586,586,8,0,406.726338714,243.0,29850.162028099996,0.159
587,587,8,8,406.726338714,243.0,29850.162028099996,0.159
588,588,8,4,406.726338714,243.0,29850.162028099996,0.159
589,589,4,4,837.2166583610001,293.0,104624.120488,0.159
590,590,4,4,837.2166583610001,293.0,104624.120488,0.159
591,591,4,4,837.2166583610001,293.0,104624.120488,0.159
592,592,8,4,406.726338714,243.0,29850.162028099996,0.159
593,593,8,6,406.726338714,243.0,29850.162028099996,0.159
594,594,8,4,406.726338714,243.0,29850.162028099996,0.159
595,595,8,4,406.726338714,243.0,29850.162028099996,0.159
596,596,1,4,312.594751517,631.0,65940.4053426,0.159
597,597,7,6,296.280540763,137.0,14168.9047685,0.159
598,598,4,4,837.2166583610001,293.0,104624.120488,0.159
599,599,1,4,312.594751517,631.0,65940.4053426,0.159
600,600,4,4,837.2166583610001,293.0,104624.120488,0.159
601,601,4,4,837.2166583610001,293.0,104624.120488,0.159
602,602,8,4,406.726338714,243.0,29850.162028099996,0.159
603,603,6,4,637.229859886,296.0,65648.0431331,0.159
604,604,8,4,406.726338714,243.0,29850.162028099996,0.159
605,605,6,4,637.229859886,296.0,65648.0431331,0.159
606,606,0,4,719.587128022,262.0,77984.59555089999,0.159
607,607,4,8,837.2166583610001,293.0,104624.120488,0.159
608,608,4,8,837.2166583610001,293.0,104624.120488,0.159
609,609,4,5,837.2166583610001,293.0,104624.120488,0.159
610,610,1,6,312.594751517,631.0,65940.4053426,0.159
611,611,4,7,837.2166583610001,293.0,104624.120488,0.159
612,612,4,0,837.2166583610001,293.0,104624.120488,0.159
613,613,6,2,637.229859886,296.0,65648.0431331,0.159
614,614,1,6,312.594751517,631.0,65940.4053426,0.159
615,615,8,6,406.726338714,243.0,29850.162028099996,0.159
616,616,6,8,637.229859886,296.0,65648.0431331,0.159
617,617,6,8,637.229859886,296.0,65648.0431331,0.159
618,618,6,8,637.229859886,296.0,65648.0431331,0.159
619,619,1,8,312.594751517,631.0,65940.4053426,0.159
620,620,8,8,406.726338714,243.0,29850.162028099996,0.159
621,621,4,0,837.2166583610001,293.0,104624.120488,0.159
622,622,4,1,837.2166583610001,293.0,104624.120488,0.159
623,623,4,0,837.2166583610001,293.0,104624.120488,0.159
624,624,4,8,837.2166583610001,293.0,104624.120488,0.159
625,625,4,1,837.2166583610001,293.0,104624.120488,0.159
626,626,4,4,837.2166583610001,293.0,104624.120488,0.159
627,627,4,2,837.2166583610001,293.0,104624.120488,0.159
628,628,4,8,837.2166583610001,293.0,104624.120488,0.159
629,629,4,6,837.2166583610001,293.0,104624.120488,0.159
630,630,3,6,703.6254615639999,316.0,79114.259915,0.159
631,631,4,4,837.2166583610001,293.0,104624.120488,0.159
632,632,8,4,406.726338714,243.0,29850.162028099996,0.159
633,633,8,8,406.726338714,243.0,29850.162028099996,0.159
634,634,4,8,837.2166583610001,293.0,104624.120488,0.159
635,635,3,4,703.6254615639999,316.0,79114.259915,0.159
636,636,0,1,719.587128022,262.0,77984.59555089999,0.159
637,637,5,3,497.42790442,233.0,40122.4338562,0.159
638,638,8,1,406.726338714,243.0,29850.162028099996,0.159
639,639,8,8,406.726338714,243.0,29850.162028099996,0.159
640,640,4,4,837.2166583610001,293.0,104624.120488,0.159
641,641,4,4,837.2166583610001,293.0,104624.120488,0.159
642,642,6,4,637.229859886,296.0,65648.0431331,0.159
643,643,4,4,837.2166583610001,293.0,104624.120488,0.159
644,644,1,6,312.594751517,631.0,65940.4053426,0.159
645,645,6,6,637.229859886,296.0,65648.0431331,0.159
646,646,6,1,637.229859886,296.0,65648.0431331,0.159
647,647,6,4,637.229859886,296.0,65648.0431331,0.159
648,648,3,4,703.6254615639999,316.0,79114.259915,0.159
649,649,1,3,312.594751517,631.0,65940.4053426,0.159
650,650,1,1,312.594751517,631.0,65940.4053426,0.159
651,651,2,3,1165.99458393,592.0,227392.473629,0.159
652,652,1,8,312.594751517,631.0,65940.4053426,0.159
653,653,4,8,837.2166583610001,293.0,104624.120488,0.159
654,654,4,8,837.2166583610001,293.0,104624.120488,0.159
655,655,4,6,837.2166583610001,293.0,104624.120488,0.159
656,656,8,7,406.726338714,243.0,29850.162028099996,0.159
657,657,8,7,406.726338714,243.0,29850.162028099996,0.159
658,658,8,1,406.726338714,243.0,29850.162028099996,0.159
659,659,8,4,406.726338714,243.0,29850.162028099996,0.159
660,660,4,8,837.2166583610001,293.0,104624.120488,0.159
661,661,4,4,837.2166583610001,293.0,104624.120488,0.159
662,662,5,4,497.42790442,233.0,40122.4338562,0.159
663,663,3,8,703.6254615639999,316.0,79114.259915,0.159
664,664,1,8,312.594751517,631.0,65940.4053426,0.159
665,665,1,8,312.594751517,631.0,65940.4053426,0.159
666,666,6,4,637.229859886,296.0,65648.0431331,0.159
667,667,8,4,406.726338714,243.0,29850.162028099996,0.159
668,668,8,8,406.726338714,243.0,29850.162028099996,0.159
669,669,7,8,296.280540763,137.0,14168.9047685,0.159
670,670,4,4,837.2166583610001,293.0,104624.120488,0.159
671,671,4,6,837.2166583610001,293.0,104624.120488,0.159
672,672,4,4,837.2166583610001,293.0,104624.120488,0.159
673,673,4,4,837.2166583610001,293.0,104624.120488,0.159
674,674,4,8,837.2166583610001,293.0,104624.120488,0.159
675,675,4,8,837.2166583610001,293.0,104624.120488,0.159
676,676,4,8,837.2166583610001,293.0,104624.120488,0.159
677,677,4,8,837.2166583610001,293.0,104624.120488,0.159
678,678,4,8,837.2166583610001,293.0,104624.120488,0.159
679,679,4,4,837.2166583610001,293.0,104624.120488,0.159
680,680,4,6,837.2166583610001,293.0,104624.120488,0.159
681,681,5,8,497.42790442,233.0,40122.4338562,0.159
682,682,4,3,837.2166583610001,293.0,104624.120488,0.159
683,683,6,7,637.229859886,296.0,65648.0431331,0.159
684,684,1,8,312.594751517,631.0,65940.4053426,0.159
685,685,4,8,837.2166583610001,293.0,104624.120488,0.159
686,686,8,8,406.726338714,243.0,29850.162028099996,0.159
687,687,4,8,837.2166583610001,293.0,104624.120488,0.159
688,688,3,0,703.6254615639999,316.0,79114.259915,0.159
689,689,5,6,497.42790442,233.0,40122.4338562,0.159
690,690,5,1,497.42790442,233.0,40122.4338562,0.159
691,691,4,4,837.2166583610001,293.0,104624.120488,0.159
692,692,6,4,637.229859886,296.0,65648.0431331,0.159
693,693,4,4,837.2166583610001,293.0,104624.120488,0.159
694,694,4,4,837.2166583610001,293.0,104624.120488,0.159
695,695,0,1,719.587128022,262.0,77984.59555089999,0.159
696,696,7,8,296.280540763,137.0,14168.9047685,0.159
697,697,4,0,837.2166583610001,293.0,104624.120488,0.159
698,698,4,4,837.2166583610001,293.0,104624.120488,0.159
699,699,4,4,837.2166583610001,293.0,104624.120488,0.159
700,700,0,4,719.587128022,262.0,77984.59555089999,0.159
701,701,6,6,637.229859886,296.0,65648.0431331,0.159
702,702,4,7,837.2166583610001,293.0,104624.120488,0.159
703,703,4,6,837.2166583610001,293.0,104624.120488,0.159
704,704,4,8,837.2166583610001,293.0,104624.120488,0.159
705,705,4,4,837.2166583610001,293.0,104624.120488,0.159
706,706,4,3,837.2166583610001,293.0,104624.120488,0.159
707,707,1,7,312.594751517,631.0,65940.4053426,0.159
708,708,8,7,406.726338714,243.0,29850.162028099996,0.159
709,709,4,8,837.2166583610001,293.0,104624.120488,0.159
710,710,4,8,837.2166583610001,293.0,104624.120488,0.159
711,711,1,4,312.594751517,631.0,65940.4053426,0.159
712,712,1,4,312.594751517,631.0,65940.4053426,0.159
713,713,4,4,837.2166583610001,293.0,104624.120488,0.159
714,714,4,4,837.2166583610001,293.0,104624.120488,0.159
715,715,4,8,837.2166583610001,293.0,104624.120488,0.159
716,716,4,4,837.2166583610001,293.0,104624.120488,0.159
717,717,4,4,837.2166583610001,293.0,104624.120488,0.159
718,718,4,4,837.2166583610001,293.0,104624.120488,0.159
719,719,3,4,703.6254615639999,316.0,79114.259915,0.159
720,720,4,4,837.2166583610001,293.0,104624.120488,0.159
721,721,6,4,637.229859886,296.0,65648.0431331,0.159
722,722,8,8,406.726338714,243.0,29850.162028099996,0.159
723,723,6,8,637.229859886,296.0,65648.0431331,0.159
724,724,6,8,637.229859886,296.0,65648.0431331,0.159
725,725,8,8,406.726338714,243.0,29850.162028099996,0.159
726,726,4,8,837.2166583610001,293.0,104624.120488,0.159
727,727,8,0,406.726338714,243.0,29850.162028099996,0.159
728,728,1,0,312.594751517,631.0,65940.4053426,0.159
729,729,1,8,312.594751517,631.0,65940.4053426,0.159
730,730,1,1,312.594751517,631.0,65940.4053426,0.159
731,731,4,6,837.2166583610001,293.0,104624.120488,0.159
732,732,0,4,719.587128022,262.0,77984.59555089999,0.159
733,733,8,4,406.726338714,243.0,29850.162028099996,0.159
734,734,3,8,703.6254615639999,316.0,79114.259915,0.159
735,735,4,8,837.2166583610001,293.0,104624.120488,0.159
736,736,4,6,837.2166583610001,293.0,104624.120488,0.159
737,737,4,3,837.2166583610001,293.0,104624.120488,0.159
738,738,0,1,719.587128022,262.0,77984.59555089999,0.159
739,739,6,6,637.229859886,296.0,65648.0431331,0.159
740,740,1,4,312.594751517,631.0,65940.4053426,0.159
741,741,3,2,703.6254615639999,316.0,79114.259915,0.159
742,742,4,0,837.2166583610001,293.0,104624.120488,0.159
743,743,4,0,837.2166583610001,293.0,104624.120488,0.159
744,744,0,8,719.587128022,262.0,77984.59555089999,0.159
745,745,3,8,703.6254615639999,316.0,79114.259915,0.159
746,746,2,6,1165.99458393,592.0,227392.473629,0.159
747,747,6,6,637.229859886,296.0,65648.0431331,0.159
748,748,6,7,637.229859886,296.0,65648.0431331,0.159
749,749,4,4,837.2166583610001,293.0,104624.120488,0.159
750,750,8,4,406.726338714,243.0,29850.162028099996,0.159
751,751,6,4,637.229859886,296.0,65648.0431331,0.159
752,752,1,4,312.594751517,631.0,65940.4053426,0.159
753,753,4,3,837.2166583610001,293.0,104624.120488,0.159
754,754,4,4,837.2166583610001,293.0,104624.120488,0.159
755,755,3,4,703.6254615639999,316.0,79114.259915,0.159
756,756,3,8,703.6254615639999,316.0,79114.259915,0.159
757,757,8,8,406.726338714,243.0,29850.162028099996,0.159
758,758,8,4,406.726338714,243.0,29850.162028099996,0.159
759,759,8,3,406.726338714,243.0,29850.162028099996,0.159
760,760,0,0,719.587128022,262.0,77984.59555089999,0.159
761,761,6,0,637.229859886,296.0,65648.0431331,0.159
762,762,6,8,637.229859886,296.0,65648.0431331,0.159
763,763,6,4,637.229859886,296.0,65648.0431331,0.159
764,764,4,4,837.2166583610001,293.0,104624.120488,0.159
765,765,4,3,837.2166583610001,293.0,104624.120488,0.159
766,766,8,7,406.726338714,243.0,29850.162028099996,0.159
767,767,8,0,406.726338714,243.0,29850.162028099996,0.159
768,768,1,0,312.594751517,631.0,65940.4053426,0.159
769,769,4,1,837.2166583610001,293.0,104624.120488,0.159
770,770,3,0,703.6254615639999,316.0,79114.259915,0.159
771,771,8,4,406.726338714,243.0,29850.162028099996,0.159
772,772,4,4,837.2166583610001,293.0,104624.120488,0.159
773,773,8,4,406.726338714,243.0,29850.162028099996,0.159
774,774,3,6,703.6254615639999,316.0,79114.259915,0.159
775,775,4,6,837.2166583610001,293.0,104624.120488,0.159
776,776,4,8,837.2166583610001,293.0,104624.120488,0.159
777,777,0,0,719.587128022,262.0,77984.59555089999,0.159
778,778,4,3,837.2166583610001,293.0,104624.120488,0.159
779,779,6,6,637.229859886,296.0,65648.0431331,0.159
780,780,8,7,406.726338714,243.0,29850.162028099996,0.159
781,781,0,6,719.587128022,262.0,77984.59555089999,0.159
782,782,6,4,637.229859886,296.0,65648.0431331,0.159
783,783,8,4,406.726338714,243.0,29850.162028099996,0.159
784,784,8,4,406.726338714,243.0,29850.162028099996,0.159
785,785,6,8,637.229859886,296.0,65648.0431331,0.159
786,786,6,6,637.229859886,296.0,65648.0431331,0.159
787,787,1,4,312.594751517,631.0,65940.4053426,0.159
788,788,5,4,497.42790442,233.0,40122.4338562,0.159
789,789,4,4,837.2166583610001,293.0,104624.120488,0.159
790,790,0,4,719.587128022,262.0,77984.59555089999,0.159
791,791,7,4,296.280540763,137.0,14168.9047685,0.159
792,792,3,4,703.6254615639999,316.0,79114.259915,0.159
793,793,4,4,837.2166583610001,293.0,104624.120488,0.159
794,794,4,6,837.2166583610001,293.0,104624.120488,0.159
795,795,4,3,837.2166583610001,293.0,104624.120488,0.159
796,796,4,8,837.2166583610001,293.0,104624.120488,0.159
797,797,4,6,837.2166583610001,293.0,104624.120488,0.159
798,798,4,1,837.2166583610001,293.0,104624.120488,0.159
799,799,4,4,837.2166583610001,293.0,104624.120488,0.159
800,800,6,1,637.229859886,296.0,65648.0431331,0.159
801,801,8,7,406.726338714,243.0,29850.162028099996,0.159
802,802,4,4,837.2166583610001,293.0,104624.120488,0.159
803,803,8,4,406.726338714,243.0,29850.162028099996,0.159
804,804,4,6,837.2166583610001,293.0,104624.120488,0.159
805,805,4,6,837.2166583610001,293.0,104624.120488,0.159
806,806,4,4,837.2166583610001,293.0,104624.120488,0.159
807,807,4,4,837.2166583610001,293.0,104624.120488,0.159
808,808,6,4,637.229859886,296.0,65648.0431331,0.159
809,809,8,8,406.726338714,243.0,29850.162028099996,0.159
810,810,1,8,312.594751517,631.0,65940.4053426,0.159
811,811,8,6,406.726338714,243.0,29850.162028099996,0.159
812,812,8,4,406.726338714,243.0,29850.162028099996,0.159
813,813,4,4,837.2166583610001,293.0,104624.120488,0.159
814,814,4,4,837.2166583610001,293.0,104624.120488,0.159
815,815,4,3,837.2166583610001,293.0,104624.120488,0.159
816,816,4,6,837.2166583610001,293.0,104624.120488,0.159
817,817,4,8,837.2166583610001,293.0,104624.120488,0.159
818,818,4,8,837.2166583610001,293.0,104624.120488,0.159
819,819,4,3,837.2166583610001,293.0,104624.120488,0.159
820,820,4,1,837.2166583610001,293.0,104624.120488,0.159
821,821,4,8,837.2166583610001,293.0,104624.120488,0.159
822,822,4,8,837.2166583610001,293.0,104624.120488,0.159
823,823,1,4,312.594751517,631.0,65940.4053426,0.159
824,824,0,8,719.587128022,262.0,77984.59555089999,0.159
825,825,2,8,1165.99458393,592.0,227392.473629,0.159
826,826,0,0,719.587128022,262.0,77984.59555089999,0.159
827,827,8,4,406.726338714,243.0,29850.162028099996,0.159
828,828,0,4,719.587128022,262.0,77984.59555089999,0.159
829,829,8,8,406.726338714,243.0,29850.162028099996,0.159
830,830,8,4,406.726338714,243.0,29850.162028099996,0.159
831,831,6,4,637.229859886,296.0,65648.0431331,0.159
832,832,4,5,837.2166583610001,293.0,104624.120488,0.159
833,833,1,1,312.594751517,631.0,65940.4053426,0.159
834,834,2,6,1165.99458393,592.0,227392.473629,0.159
835,835,0,6,719.587128022,262.0,77984.59555089999,0.159
836,836,0,8,719.587128022,262.0,77984.59555089999,0.159
837,837,8,6,406.726338714,243.0,29850.162028099996,0.159
838,838,3,4,703.6254615639999,316.0,79114.259915,0.159
839,839,8,4,406.726338714,243.0,29850.162028099996,0.159
840,840,0,4,719.587128022,262.0,77984.59555089999,0.159
841,841,8,4,406.726338714,243.0,29850.162028099996,0.159
842,842,8,4,406.726338714,243.0,29850.162028099996,0.159
843,843,5,4,497.42790442,233.0,40122.4338562,0.159
844,844,6,8,637.229859886,296.0,65648.0431331,0.159
845,845,6,6,637.229859886,296.0,65648.0431331,0.159
846,846,4,6,837.2166583610001,293.0,104624.120488,0.159
847,847,7,4,296.280540763,137.0,14168.9047685,0.159
848,848,1,4,312.594751517,631.0,65940.4053426,0.159
849,849,4,8,837.2166583610001,293.0,104624.120488,0.159
850,850,4,1,837.2166583610001,293.0,104624.120488,0.159
851,851,4,0,837.2166583610001,293.0,104624.120488,0.159
852,852,5,4,497.42790442,233.0,40122.4338562,0.159
853,853,0,4,719.587128022,262.0,77984.59555089999,0.159
854,854,4,4,837.2166583610001,293.0,104624.120488,0.159
855,855,4,4,837.2166583610001,293.0,104624.120488,0.159
856,856,4,4,837.2166583610001,293.0,104624.120488,0.159
857,857,4,4,837.2166583610001,293.0,104624.120488,0.159
858,858,6,8,637.229859886,296.0,65648.0431331,0.159
859,859,7,0,296.280540763,137.0,14168.9047685,0.159
860,860,3,6,703.6254615639999,316.0,79114.259915,0.159
861,861,3,4,703.6254615639999,316.0,79114.259915,0.159
862,862,8,7,406.726338714,243.0,29850.162028099996,0.159
863,863,4,5,837.2166583610001,293.0,104624.120488,0.159
864,864,4,3,837.2166583610001,293.0,104624.120488,0.159
865,865,4,8,837.2166583610001,293.0,104624.120488,0.159
866,866,4,8,837.2166583610001,293.0,104624.120488,0.159
867,867,6,7,637.229859886,296.0,65648.0431331,0.159
868,868,6,3,637.229859886,296.0,65648.0431331,0.159
869,869,1,1,312.594751517,631.0,65940.4053426,0.159
870,870,8,8,406.726338714,243.0,29850.162028099996,0.159
871,871,8,4,406.726338714,243.0,29850.162028099996,0.159
872,872,3,4,703.6254615639999,316.0,79114.259915,0.159
873,873,3,0,703.6254615639999,316.0,79114.259915,0.159
874,874,3,4,703.6254615639999,316.0,79114.259915,0.159
875,875,8,8,406.726338714,243.0,29850.162028099996,0.159
876,876,8,1,406.726338714,243.0,29850.162028099996,0.159
877,877,4,3,837.2166583610001,293.0,104624.120488,0.159
878,878,4,8,837.2166583610001,293.0,104624.120488,0.159
879,879,4,6,837.2166583610001,293.0,104624.120488,0.159
880,880,8,7,406.726338714,243.0,29850.162028099996,0.159
881,881,7,8,296.280540763,137.0,14168.9047685,0.159
882,882,1,4,312.594751517,631.0,65940.4053426,0.159
883,883,8,0,406.726338714,243.0,29850.162028099996,0.159
884,884,5,0,497.42790442,233.0,40122.4338562,0.159
885,885,1,0,312.594751517,631.0,65940.4053426,0.159
886,886,1,1,312.594751517,631.0,65940.4053426,0.159
887,887,6,3,637.229859886,296.0,65648.0431331,0.159
888,888,1,8,312.594751517,631.0,65940.4053426,0.159
889,889,8,0,406.726338714,243.0,29850.162028099996,0.159
890,890,5,6,497.42790442,233.0,40122.4338562,0.159
891,891,4,4,837.2166583610001,293.0,104624.120488,0.159
892,892,4,6,837.2166583610001,293.0,104624.120488,0.159
893,893,4,8,837.2166583610001,293.0,104624.120488,0.159
894,894,4,8,837.2166583610001,293.0,104624.120488,0.159
895,895,4,0,837.2166583610001,293.0,104624.120488,0.159
896,896,4,8,837.2166583610001,293.0,104624.120488,0.159
897,897,4,0,837.2166583610001,293.0,104624.120488,0.159
898,898,4,3,837.2166583610001,293.0,104624.120488,0.159
899,899,4,0,837.2166583610001,293.0,104624.120488,0.159
900,900,8,8,406.726338714,243.0,29850.162028099996,0.159
901,901,4,1,837.2166583610001,293.0,104624.120488,0.159
902,902,4,1,837.2166583610001,293.0,104624.120488,0.159
903,903,4,8,837.2166583610001,293.0,104624.120488,0.159
904,904,4,4,837.2166583610001,293.0,104624.120488,0.159
905,905,4,4,837.2166583610001,293.0,104624.120488,0.159
906,906,4,6,837.2166583610001,293.0,104624.120488,0.159
907,907,4,6,837.2166583610001,293.0,104624.120488,0.159
908,908,4,8,837.2166583610001,293.0,104624.120488,0.159
909,909,6,8,637.229859886,296.0,65648.0431331,0.159
910,910,6,8,637.229859886,296.0,65648.0431331,0.159
911,911,1,1,312.594751517,631.0,65940.4053426,0.159
912,912,5,4,497.42790442,233.0,40122.4338562,0.159
913,913,0,6,719.587128022,262.0,77984.59555089999,0.159
914,914,8,0,406.726338714,243.0,29850.162028099996,0.159
915,915,5,7,497.42790442,233.0,40122.4338562,0.159
916,916,4,4,837.2166583610001,293.0,104624.120488,0.159
917,917,8,4,406.726338714,243.0,29850.162028099996,0.159
918,918,0,4,719.587128022,262.0,77984.59555089999,0.159
919,919,4,4,837.2166583610001,293.0,104624.120488,0.159
920,920,4,4,837.2166583610001,293.0,104624.120488,0.159
921,921,4,8,837.2166583610001,293.0,104624.120488,0.159
922,922,4,4,837.2166583610001,293.0,104624.120488,0.159
923,923,4,4,837.2166583610001,293.0,104624.120488,0.159
924,924,4,0,837.2166583610001,293.0,104624.120488,0.159
925,925,4,8,837.2166583610001,293.0,104624.120488,0.159
926,926,4,4,837.2166583610001,293.0,104624.120488,0.159
927,927,1,8,312.594751517,631.0,65940.4053426,0.159
928,928,5,0,497.42790442,233.0,40122.4338562,0.159
929,929,3,1,703.6254615639999,316.0,79114.259915,0.159
930,930,3,3,703.6254615639999,316.0,79114.259915,0.159
931,931,4,1,837.2166583610001,293.0,104624.120488,0.159
932,932,8,8,406.726338714,243.0,29850.162028099996,0.159
933,933,1,8,312.594751517,631.0,65940.4053426,0.159
934,934,0,0,719.587128022,262.0,77984.59555089999,0.159
935,935,8,0,406.726338714,243.0,29850.162028099996,0.159
936,936,8,4,406.726338714,243.0,29850.162028099996,0.159
937,937,8,8,406.726338714,243.0,29850.162028099996,0.159
938,938,1,8,312.594751517,631.0,65940.4053426,0.159
939,939,1,4,312.594751517,631.0,65940.4053426,0.159
940,940,4,1,837.2166583610001,293.0,104624.120488,0.159
941,941,4,6,837.2166583610001,293.0,104624.120488,0.159
942,942,4,6,837.2166583610001,293.0,104624.120488,0.159
943,943,8,4,406.726338714,243.0,29850.162028099996,0.159
944,944,8,4,406.726338714,243.0,29850.162028099996,0.159
945,945,8,3,406.726338714,243.0,29850.162028099996,0.159
946,946,1,0,312.594751517,631.0,65940.4053426,0.159
947,947,6,3,637.229859886,296.0,65648.0431331,0.159
948,948,4,8,837.2166583610001,293.0,104624.120488,0.159
949,949,4,4,837.2166583610001,293.0,104624.120488,0.159
950,950,4,4,837.2166583610001,293.0,104624.120488,0.159
951,951,4,4,837.2166583610001,293.0,104624.120488,0.159
952,952,4,4,837.2166583610001,293.0,104624.120488,0.159
953,953,4,4,837.2166583610001,293.0,104624.120488,0.159
954,954,3,8,703.6254615639999,316.0,79114.259915,0.159
955,955,5,8,497.42790442,233.0,40122.4338562,0.159
956,956,5,4,497.42790442,233.0,40122.4338562,0.159
957,957,6,8,637.229859886,296.0,65648.0431331,0.159
958,958,1,3,312.594751517,631.0,65940.4053426,0.159
959,959,8,1,406.726338714,243.0,29850.162028099996,0.159
960,960,8,0,406.726338714,243.0,29850.162028099996,0.159
961,961,1,6,312.594751517,631.0,65940.4053426,0.159
962,962,8,4,406.726338714,243.0,29850.162028099996,0.159
963,963,6,6,637.229859886,296.0,65648.0431331,0.159
964,964,6,8,637.229859886,296.0,65648.0431331,0.159
965,965,6,8,637.229859886,296.0,65648.0431331,0.159
966,966,8,0,406.726338714,243.0,29850.162028099996,0.159
967,967,8,4,406.726338714,243.0,29850.162028099996,0.159
968,968,8,8,406.726338714,243.0,29850.162028099996,0.159
969,969,5,4,497.42790442,233.0,40122.4338562,0.159
970,970,4,2,837.2166583610001,293.0,104624.120488,0.159
971,971,5,7,497.42790442,233.0,40122.4338562,0.159
972,972,1,1,312.594751517,631.0,65940.4053426,0.159
973,973,8,3,406.726338714,243.0,29850.162028099996,0.159
974,974,8,8,406.726338714,243.0,29850.162028099996,0.159
975,975,1,8,312.594751517,631.0,65940.4053426,0.159
976,976,0,8,719.587128022,262.0,77984.59555089999,0.159
977,977,8,2,406.726338714,243.0,29850.162028099996,0.159
978,978,6,0,637.229859886,296.0,65648.0431331,0.159
979,979,0,0,719.587128022,262.0,77984.59555089999,0.159
980,980,4,6,837.2166583610001,293.0,104624.120488,0.159
981,981,4,8,837.2166583610001,293.0,104624.120488,0.159
982,982,4,8,837.2166583610001,293.0,104624.120488,0.159
983,983,8,8,406.726338714,243.0,29850.162028099996,0.159
984,984,6,8,637.229859886,296.0,65648.0431331,0.159
985,985,8,8,406.726338714,243.0,29850.162028099996,0.159
986,986,6,8,637.229859886,296.0,65648.0431331,0.159
987,987,7,1,296.280540763,137.0,14168.9047685,0.159
988,988,3,6,703.6254615639999,316.0,79114.259915,0.159
989,989,6,1,637.229859886,296.0,65648.0431331,0.159
990,990,5,4,497.42790442,233.0,40122.4338562,0.159
991,991,4,4,837.2166583610001,293.0,104624.120488,0.159
992,992,4,4,837.2166583610001,293.0,104624.120488,0.159
993,993,4,4,837.2166583610001,293.0,104624.120488,0.159
994,994,4,4,837.2166583610001,293.0,104624.120488,0.159
995,995,4,4,837.2166583610001,293.0,104624.120488,0.159
996,996,8,4,406.726338714,243.0,29850.162028099996,0.159
997,997,6,4,637.229859886,296.0,65648.0431331,0.159
998,998,6,0,637.229859886,296.0,65648.0431331,0.159
999,999,6,6,637.229859886,296.0,65648.0431331,0.159
