i_Sex,c_i_Sex,i_Urbanity,c_i_Urbanity,i_FamilySize,c_i_FamilySize,i_Age,c_i_Age,i_Education,c_i_Education,e_Lighting,c_e_Lighting,e_TV,c_e_TV,e_Cooking,c_e_Cooking,e_Refrigeration,c_e_Refrigeration,e_AC,c_e_AC,e_Urban,c_e_Urban,e_Income,c_e_Income,c_w_Sex,c_w_Urbanity,c_w_Total_Family_Income,c_w_FamilySize,c_w_Age,w_Education,c_w_Education,i_Intercept,Income__0,e_Intercept,Electricity__0,w_Intercept,Water__0
0,919.012059036,0,7105.22445663,4,1666.84639522,53.1047333,116.575897706,0,1.0,1,0.825661590942,1,18.7899086369,0,28.8862421461,0,59.2432357338,0,203.322615455,1,24.5934998764,190472.080472,0.00142606675157,98.495046208,1000.97890777,0.0531870120086,49.7393515183,6.08894188165,3,1.0,1147.66399223,14006.78153,3.2999838733,67.4836594139,-601.591950028,666.695948187
1,919.012059036,1,7105.22445663,4,1666.84639522,53.1047333,116.575897706,0,1.0,1,0.825661590942,0,18.7899086369,0,28.8862421461,1,59.2432357338,0,203.322615455,1,24.5934998764,190472.080472,0.00142606675157,98.495046208,1000.97890777,0.0531870120086,49.7393515183,6.08894188165,1,1.0,1147.66399223,22031.0180457,3.2999838733,119.380083413,-601.591950028,2192.95506608
0,881.742101525,0,7054.82259272,3,1666.67782197,55.1457069619,116.594068158,0,0.99999999999,1,0.288236392032,1,18.0904046593,0,28.7531982052,1,59.2084151964,1,203.35030854,1,24.6957566905,190570.185673,0.00142265191795,94.7390057902,992.592548199,0.0530033782996,49.2837692413,6.05922389802,1,0.999999999974,1147.66399223,12578.3597743,3.2999838733,326.827733009,-601.591950028,548.095104697
1,885.261229409,1,7001.43633213,3,1653.40473933,44.4816109322,118.443322397,0,1.00000000005,1,-15.0388151313,1,17.8710481942,0,25.7613694332,0,59.0664937737,0,201.616151595,1,26.7907571971,190659.434972,0.00143743916449,104.691045245,1012.67405389,0.0536361729109,52.6112264672,5.55503352611,1,1.00000000005,1147.66399223,19264.1255561,3.2999838733,60.6139826773,-601.591950028,1954.95763784
0,1044.71981943,0,7051.99807489,2,1714.44804419,72.2616931152,115.881345825,0,0.999999999959,1,24.1962174748,0,17.2710201238,0,27.5935018185,1,58.210610118,0,197.182948992,1,25.8543949266,187803.785813,0.00145288216247,98.9491118971,1004.31673818,0.0525159459837,48.7758793903,4.95462431514,3,1.0000000001,1147.66399223,12951.3423304,3.2999838733,130.377980644,-601.591950028,535.141344755
1,1052.33746233,1,7009.21886572,2,1662.91675324,58.4439253359,119.099632314,0,0.99999999991,1,21.6656356353,1,16.9030157326,0,27.5681192382,1,57.2878767831,0,202.788422708,1,25.7861497494,193901.295227,0.00143629191215,74.0638496354,967.953728649,0.0537917377451,51.933781051,5.3050228756,0,1.00000000011,1147.66399223,19496.7038452,3.2999838733,152.94561982,-601.591950028,1904.10113134
0,1323.03658861,0,6803.2332335,2,1637.04391111,59.9029344858,107.445059663,0,0.999999999973,1,8.07183917523,1,16.5571103072,0,28.0547527449,1,61.3207192241,1,205.614868841,1,25.7456643635,191157.926064,0.00144824012957,101.864860149,1056.55991698,0.0528140355526,47.4645764331,5.26212354191,2,1.00000000002,1147.66399223,10859.0261843,3.2999838733,336.336663272,-601.591950028,383.062839588
0,783.258170177,1,7046.00141486,3,1648.573052,51.5960237329,122.632167628,0,1.00000000009,1,-17.5488543791,1,17.3632796937,0,27.0317432576,0,57.2341014724,0,199.690142546,1,21.7665218621,190638.107594,0.00139341909269,107.646258051,984.644190535,0.0522128384004,57.1918192001,6.07999983018,3,0.999999999917,1147.66399223,19467.7167944,3.2999838733,52.0076193224,-601.591950028,1885.79626466
0,1042.4570984,0,7168.9206445,3,1682.76634703,45.3414627863,111.376382153,0,1.00000000012,1,13.5651398656,1,20.2256228552,0,30.5123254388,1,61.4780506874,1,206.689827935,1,26.6018675318,189889.263403,0.00144638194511,82.7677390618,1005.97649256,0.0538270716293,41.4120712522,6.08065302605,3,0.999999999969,1147.66399223,11246.93112,3.2999838733,348.127850858,-601.591950028,404.739333631
1,1042.4570984,1,7168.9206445,3,1682.76634703,45.3414627863,111.376382153,0,1.00000000012,1,13.5651398656,1,20.2256228552,0,30.5123254388,0,61.4780506874,0,206.689827935,1,26.6018675318,189889.263403,0.00144638194511,82.7677390618,1005.97649256,0.0538270716293,41.4120712522,6.08065302605,2,0.999999999969,1147.66399223,19458.3088629,3.2999838733,91.8367607476,-601.591950028,1935.4779832
0,834.212858732,0,7054.9028665,3,1666.36344314,64.6555704406,109.221981269,0,1.00000000011,1,16.1018194125,1,20.0696051171,0,32.2119502901,1,61.7666477087,1,204.693028217,1,22.6263424272,188352.404265,0.0013502170699,73.018861001,967.725484295,0.0543711959233,49.1611891184,5.1159225285,1,0.999999999959,1147.66399223,13209.5638252,3.2999838733,346.393205318,-601.591950028,595.884289539
1,970.071540483,1,7168.83569661,5,1671.27038905,42.0445801018,123.692186577,0,0.999999999882,1,-11.1381250297,1,17.8851606387,0,25.7091344263,1,56.8976084839,0,202.055763905,1,26.5483963007,192441.108973,0.00150227244454,126.146780279,1036.08084702,0.0521151622131,50.2289869152,7.30687655636,0,1.00000000006,1147.66399223,22844.5092211,3.2999838733,127.811700979,-601.591950028,2310.54047225
0,939.13711843,0,7161.88694033,4,1678.97829228,48.6934266644,128.434635627,0,1.00000000005,1,3.93848858502,1,22.1053835389,0,28.1811430294,0,57.9297172162,0,199.376502517,1,24.8231987077,191294.046433,0.00142474748314,74.2465929262,1025.132532,0.0525398405269,42.6153749267,6.43620787326,0,0.999999999874,1147.66399223,14118.4996724,3.2999838733,74.2823515789,-601.591950028,625.054287021
0,801.872903672,1,7120.07530356,3,1715.43388261,53.6212601418,121.530712179,0,1.00000000014,1,-23.9438528172,1,20.5051830503,0,26.3343107117,1,60.6890535766,1,201.357406726,1,23.9369015309,193461.877571,0.00137814383518,76.6809327747,1046.21649686,0.0536695245379,42.8428504163,8.35234272335,1,0.999999999892,1147.66399223,19931.6708766,3.2999838733,313.313385283,-601.591950028,2091.73953924
1,869.597916216,0,7075.98721224,3,1610.56676332,59.113114637,111.917081381,0,0.999999999846,0,18.085581454,1,17.3053433794,0,33.5354161846,0,60.7423624101,0,199.41283852,1,24.4670794939,190949.095799,0.00142229567103,103.673372624,964.86177523,0.0533711831811,48.2516807832,5.69840835289,1,0.999999999921,1147.66399223,13465.7294599,3.2999838733,64.2246554647,-601.591950028,703.369044831
0,869.597916216,1,7075.98721224,4,1610.56676332,59.113114637,111.917081381,0,0.999999999846,1,18.085581454,1,17.3053433794,0,33.5354161846,1,60.7423624101,0,199.41283852,1,24.4670794939,190949.095799,0.00142229567103,103.673372624,964.86177523,0.0533711831811,48.2516807832,5.69840835289,2,0.999999999921,1147.66399223,21282.6855192,3.2999838733,154.170622093,-601.591950028,2030.00932198
0,1044.72212271,0,7052.44499001,4,1671.81448207,57.2507266168,117.048907097,0,0.999999999858,1,3.59987249209,1,16.963961459,0,31.9881809981,0,60.2909175214,0,199.949391322,1,24.0382920866,190814.089905,0.0014663974504,126.77561979,964.360920751,0.0541580866591,50.5288402548,5.8524198049,1,0.999999999966,1147.66399223,14537.0569015,3.2999838733,69.2192130876,-601.591950028,723.877884727
1,815.57779871,1,7164.79179348,3,1684.41542855,48.0193254132,120.298240076,0,1.00000000014,1,3.01125933522,1,20.0072730624,0,25.7832009379,1,57.635636702,1,205.85819809,1,25.6577352357,191161.047574,0.00137089830979,74.8079159884,1036.6344622,0.0520520031714,49.4173229748,5.93250506899,2,1.00000000002,1147.66399223,19958.9202069,3.2999838733,342.831736276,-601.591950028,1982.87906642
0,901.915788753,0,6950.37258359,2,1631.22825979,62.5194296928,118.209427401,0,0.999999999925,1,-1.91024144515,1,16.8794907398,0,28.1823227243,0,59.0341004294,0,203.259716136,1,24.0893917983,188485.209781,0.00140815618441,7.98866425747,982.617414731,0.0526009877607,48.8115762454,5.04919019464,0,0.999999999927,1147.66399223,11801.5064972,3.2999838733,58.9769893256,-601.591950028,433.474592662
0,870.802588138,1,7224.91038934,2,1711.53235998,45.3252164104,115.67772918,0,0.99999999992,1,12.8871849505,1,20.5014381278,0,29.2400318207,1,58.9820940091,0,203.907057813,1,25.065501369,192910.705346,0.00145140009542,184.802235865,1007.58141267,0.0536749820226,50.9877543741,7.13847644598,0,0.999999999877,1147.66399223,17039.7572105,3.2999838733,145.467707571,-601.591950028,1747.12662309
0,870.866296471,0,7227.04483643,3,1711.73556606,45.0245961561,115.599338417,0,1.00000000014,1,13.681634347,1,20.4691510678,0,29.1810522984,0,58.9881648783,0,203.711624193,1,25.0446892043,192948.727822,0.00145100615891,184.994920741,1007.81681514,0.0536483044945,51.0365644013,7.17460501916,0,1.00000000007,1147.66399223,11488.6842186,3.2999838733,79.1656100513,-601.591950028,491.899865942
0,926.576714328,1,7004.66433128,2,1613.74127011,62.3602016033,116.649704087,0,0.999999999859,1,-9.2203447881,1,17.1877860518,0,28.5035817504,1,59.8065704558,1,202.921924519,1,23.9880252608,188746.318288,0.00139824469706,14.5988251456,993.194417655,0.0527221152814,49.8225669081,5.15858062514,1,0.99999999993,1147.66399223,18655.1099275,3.2999838733,324.068353901,-601.591950028,1797.4745854
1,796.404189376,0,7197.25104417,2,1683.22287216,63.0608275433,114.92167134,0,0.999999999938,1,8.46583201257,1,21.2611947156,0,29.736304898,1,59.0422164365,0,203.627807541,1,23.5111026609,191844.847623,0.00139399921995,179.989508262,1001.66324639,0.0524378158905,50.3767143473,6.78631224245,3,1.00000000006,1147.66399223,12558.5696233,3.2999838733,133.086965957,-601.591950028,766.64541466
0,643.952603523,1,7230.50293549,2,1654.58366925,43.7209296131,113.568517392,0,0.999999999945,1,-3.45865125238,0,21.8193342895,0,30.4898956065,0,59.2626781792,0,199.434270775,1,23.5670122631,189638.926404,0.00143151869379,136.439234782,992.32980306,0.0531473550798,54.9384010296,5.46920514611,3,1.00000000004,1147.66399223,16653.6554214,3.2999838733,47.2483639396,-601.591950028,1625.83112638
0,543.129579621,0,7081.43545143,2,1640.36568147,48.071146707,112.04898987,0,0.999999999956,1,3.77684416915,1,21.3339299741,0,30.4891118764,1,59.4948178251,1,202.114300423,1,25.0769009514,187659.120629,0.00141795965783,104.584456841,953.473467196,0.0528067008914,49.8245588311,6.76525506118,2,0.999999999902,1147.66399223,9815.71878559,3.2999838733,329.015070466,-601.591950028,342.606462135
0,1141.15542037,1,7090.95861539,2,1682.2812894,69.3512966516,116.481432584,0,1.00000000007,1,36.0595844892,1,17.6739190687,0,27.7306439181,0,58.808392709,0,202.115785719,1,24.6530438192,192946.579463,0.00145650196175,102.122198648,1072.66377273,0.0516714583562,45.9355917428,5.52854796886,2,1.00000000012,1147.66399223,19682.323572,3.2999838733,110.353874145,-601.591950028,1964.36933924
0,1121.45008971,1,6980.39522398,3,1691.50384281,72.2865540695,117.498409595,0,0.999999999922,1,7.5777010302,1,19.1370749357,0,26.3202409827,1,59.9099833026,0,205.173326063,1,27.4352393397,191505.857205,0.00147249511262,91.6266955184,1023.44069854,0.0513259699004,39.3879473268,6.55080155243,3,0.999999999877,1147.66399223,21697.1258829,3.2999838733,149.308894302,-601.591950028,2128.1734911
1,1045.31994825,0,6934.21728056,4,1697.12101185,73.8113067619,117.971563608,0,0.999999999999,1,11.4505744849,1,18.3434590375,0,26.3912110467,1,60.0724334882,1,205.956160683,1,27.5792778264,190606.37631,0.00144403599177,103.319473861,1019.37698547,0.0508588092646,36.2812412339,7.35262833666,0,0.999999999939,1147.66399223,17690.1032585,3.2999838733,352.247035197,-601.591950028,1090.25718193
0,660.130605394,1,7061.70837148,2,1684.28222843,56.5418051534,123.03887723,0,1.00000000002,1,-23.7985477408,1,18.3764673944,0,30.3764854341,1,61.5608786662,0,208.294398942,1,27.4000208181,190151.387305,0.00147292907452,78.4731304256,993.176987874,0.0512279642325,51.1861795433,6.57831194624,0,0.999999999954,1147.66399223,18535.7770432,3.2999838733,114.140687937,-601.591950028,1816.45715263
0,1110.65759819,0,7206.59652065,3,1680.33031132,29.9446930016,116.794327314,0,1.00000000002,1,-20.3983334832,1,17.8864535325,0,27.4030185398,1,57.3801822153,1,203.333671986,1,25.9383422106,188182.670816,0.00140022718746,128.210266726,989.135008009,0.0515615799992,59.4977124928,7.87175697284,0,1.00000000009,1147.66399223,9687.02520193,3.2999838733,301.004336388,-601.591950028,313.096858289
1,871.864438995,1,7021.58995343,3,1682.0937331,84.6106487696,114.397146665,0,1.00000000009,1,-0.368835578743,1,15.7764408448,0,30.0573575294,1,60.5229178427,0,202.897440726,1,23.9443594326,190048.621473,0.0014072415171,103.883134719,982.202699247,0.0542693649847,45.8680450337,6.02536912338,0,1.00000000004,1147.66399223,23767.6163807,3.2999838733,136.621642948,-601.591950028,2422.76185783
0,944.478770877,0,7180.72898239,3,1655.4633286,22.2796616733,118.966458795,0,1.00000000011,1,-1.54914028869,1,21.7103341625,0,27.6054309311,0,57.9150579971,1,203.379204917,1,25.4294757666,190952.972641,0.00144680605129,90.4198063958,1018.56258158,0.0522720077054,53.8135139124,6.44386701752,0,1.0,1147.66399223,8765.58643046,3.2999838733,264.951961922,-601.591950028,162.610570163
0,944.381172775,1,7157.85635534,4,1658.74216679,69.0160179532,115.944422053,0,0.999999999932,1,29.3631645207,1,20.4235392744,0,31.2472804331,1,56.9381272307,0,211.265797242,1,24.6431768253,190144.436719,0.001467137095,152.052243277,1004.7315029,0.0531291915317,51.2109580007,6.08066434398,2,0.999999999895,1147.66399223,22943.5113287,3.2999838733,168.329268284,-601.591950028,2247.6168322
0,936.716137054,0,7121.78162197,3,1668.04556937,39.7090611203,117.751677043,0,0.99999999994,1,-13.1627600163,1,16.5697280857,0,28.7256745145,0,62.3696679818,0,195.035239264,1,25.0659481086,191180.09571,0.00137679865482,54.2075383759,997.048677613,0.0525494282699,51.7704594536,5.9180894796,1,1.00000000012,1147.66399223,10828.6092411,3.2999838733,46.6817146879,-601.591950028,358.758429771
0,1094.71582091,1,7069.66014638,4,1687.33096755,68.5035727167,115.902139265,0,0.999999999944,1,29.7959798689,1,15.8923620001,0,26.9944382776,1,58.9480852778,1,198.877191483,1,25.3424750052,191813.626349,0.00134623998983,103.162845356,981.082400982,0.0520564030043,46.8742939636,6.59261453039,3,0.999999999893,1147.66399223,22907.358634,3.2999838733,362.994879763,-601.591950028,2212.0799685
0,1094.71582091,1,7069.66014638,4,1687.33096755,68.5035727167,115.902139265,0,0.999999999944,1,29.7959798689,1,15.8923620001,0,26.9944382776,0,58.9480852778,0,198.877191483,1,25.3424750052,191813.626349,0.00134623998983,103.162845356,981.082400982,0.0520564030043,46.8742939636,6.59261453039,4,0.999999999893,1147.66399223,22907.358634,3.2999838733,105.169603002,-601.591950028,2212.0799685
1,825.1598997,0,7102.59932549,4,1656.81231936,45.4765336894,118.385444991,0,1.00000000008,1,-39.2393982951,1,20.2803854057,0,29.4791047898,1,58.6019096016,0,209.66147706,1,23.3130089884,188663.729753,0.00146544857344,80.1598467533,1008.82249413,0.054207235872,55.4415645355,5.35475895646,2,1.00000000007,1147.66399223,13984.8328469,3.2999838733,86.7499429192,-601.591950028,702.92916371
0,1017.2163196,1,7106.49468061,4,1677.00948658,60.7839596173,114.963688803,0,1.00000000014,1,41.6840612698,1,17.2677504774,0,28.2522315075,1,59.8705584741,0,197.063596757,1,25.871393555,192323.069419,0.00138754956373,116.775733095,992.655757759,0.0521983632476,44.1713944469,6.83750705606,1,0.999999999891,1147.66399223,21951.1448368,3.2999838733,178.452049091,-601.591950028,2130.17397019
0,820.151230605,0,7103.6924395,4,1656.70096075,45.454357736,118.17841881,0,0.999999999877,1,-40.1355730922,1,20.3168426979,0,29.5405120294,0,58.6057139069,0,209.570507318,1,23.3180000589,188618.663363,0.00146446206569,80.1740436992,1009.48928615,0.0541772792344,55.2712884284,5.3440131559,0,0.999999999844,1147.66399223,13147.1919605,3.2999838733,26.0528174344,-601.591950028,575.680979411
0,926.151883342,1,7088.96801679,3,1660.73212837,63.1540123025,114.001627823,0,1.00000000008,1,52.4918910415,1,17.9592247721,0,28.2165729003,1,58.5350924064,0,197.800744696,1,24.89202522,193152.086418,0.00139820252994,146.326923583,987.10548732,0.0519262111245,47.1210382714,7.37079660218,0,1.00000000016,1147.66399223,20419.4886002,3.2999838733,185.728797934,-601.591950028,2053.67870751
1,926.151883342,0,7088.96801679,4,1660.73212837,63.1540123025,114.001627823,0,1.00000000008,1,52.4918910415,1,17.9592247721,0,28.2165729003,0,58.5350924064,1,197.800744696,1,24.89202522,193152.086418,0.00139820252994,146.326923583,987.10548732,0.0519262111245,47.1210382714,7.37079660218,0,1.00000000016,1147.66399223,15917.4045951,3.2999838733,318.699624977,-601.591950028,1026.24501749
0,801.666474265,1,7094.35562356,4,1687.52236144,46.5002426846,114.65575338,0,0.999999999939,1,1.41149746878,1,19.0067897557,0,27.3932392313,1,59.7475276863,0,207.189827424,1,24.6833472937,188056.530054,0.00147587250527,54.7303614845,960.738531842,0.0545727416171,55.8798171043,4.06993531232,2,0.99999999988,1147.66399223,20324.6294189,3.2999838733,138.145707817,-601.591950028,1882.08957971
0,1031.02003538,0,7247.5018372,5,1643.70113651,51.6911230676,119.137507669,0,1.0000000001,1,0.624645492982,1,17.023653063,0,31.4328514335,1,57.9623516315,0,205.331147002,1,24.2504314922,189803.160864,0.00136916956925,101.73670502,1008.88559695,0.0531029583441,46.2881447512,6.77043257466,3,1.00000000022,1147.66399223,15525.5212457,3.2999838733,124.418136789,-601.591950028,805.271145146
1,1076.69706547,1,7159.6351852,7,1663.77456439,41.8264464042,117.444535062,0,1.00000000013,1,8.37731110329,1,18.9713382268,0,30.3698942461,1,57.6587007892,0,203.398322295,1,24.0434310668,189557.701145,0.00138630054992,106.179948962,1024.37827108,0.0526825205276,50.7849195563,6.0321234506,2,1.00000000023,1147.66399223,25943.7057448,3.2999838733,148.316538601,-601.591950028,2504.54280558
0,791.405931054,0,7187.67458199,8,1611.84962603,36.1613580992,124.92392681,0,1.00000000004,1,-11.7326856379,1,15.6990079206,0,30.0658393937,0,56.9729975976,1,198.286364195,1,22.388121783,190343.453078,0.0014699298487,117.093799758,992.616442673,0.0520863796836,57.0872295825,5.77483474866,1,1.00000000025,1147.66399223,18560.879853,3.2999838733,255.223983448,-601.591950028,1031.70078923
0,791.405931054,1,7187.67458199,8,1611.84962603,36.1613580992,124.92392681,0,1.00000000004,1,-11.7326856379,1,15.6990079206,0,30.0658393937,1,56.9729975976,0,198.286364195,1,22.388121783,190343.453078,0.0014699298487,117.093799758,992.616442673,0.0520863796836,57.0872295825,5.77483474866,3,1.00000000025,1147.66399223,25748.554435,3.2999838733,124.475994261,-601.591950028,2398.69717922
1,1026.48089351,0,6996.79953781,7,1694.20655841,73.7265401769,111.208127646,0,1.0000000001,1,24.7626498839,1,22.5957329896,0,25.8804820297,0,61.0627681926,1,208.400039585,1,25.0939948516,190852.071107,0.00144528195324,108.027056049,999.932341506,0.0530774663618,49.5947007073,5.20201125695,3,1.00000000021,1147.66399223,22233.5812855,3.2999838733,316.286194972,-601.591950028,1418.22646569
0,836.094083116,1,7076.21167075,6,1673.93512955,63.7367495298,111.012737432,0,0.999999999993,1,29.4506960875,1,21.7844763886,0,26.2671228829,1,61.9560596829,0,207.770305187,1,22.6552192589,188013.436077,0.00140613387392,104.254822952,987.056930595,0.0535361284799,54.1594104362,4.7225485296,1,0.999999999882,1147.66399223,25344.0774806,3.2999838733,174.78360114,-601.591950028,2369.24512416
0,981.423793902,0,7115.39751847,6,1656.51260922,48.0475282976,120.400715846,0,1.00000000003,0,-20.0439205164,1,17.0732530871,0,33.1504296313,1,56.6172615266,1,198.554482017,1,26.0801049686,191881.165954,0.00141758560553,103.148673599,994.952618871,0.0528189513997,46.5436272722,7.72677409631,0,0.999999999988,1147.66399223,16872.6964492,3.2999838733,325.543577085,-601.591950028,941.120344377
0,1049.00360306,1,7215.17321261,5,1642.01800638,82.9246935922,113.430362148,0,0.999999999875,1,5.20508721354,1,20.5914130331,0,30.4498095738,1,57.1746951672,0,203.382604684,1,25.1986591023,189784.554316,0.00138420886963,126.554906269,1019.05968805,0.0534082242065,48.5484534844,6.46236382273,0,0.999999999928,1147.66399223,25980.1052619,3.2999838733,147.431730527,-601.591950028,2584.65083206
0,820.519387035,0,6997.96925426,5,1753.13303975,40.8952849187,117.051756502,0,0.999999999901,1,-27.9111291047,1,18.93217559,0,27.6453271472,0,59.6199947184,0,204.506692507,1,26.5292291075,189169.249374,0.00140805638533,65.343937154,1016.11489514,0.0530756476455,53.0088497525,5.79110158742,0,0.999999999892,1147.66399223,14701.1941234,3.2999838733,41.5503697236,-601.591950028,681.556447407
1,878.703902461,1,7159.82794907,4,1645.90073097,55.5169586952,121.511275465,0,1.00000000008,0,-14.6669987843,1,19.8263978453,0,27.9308665396,1,58.4930220838,0,201.58916931,1,23.1726660888,189362.865881,0.00144076201487,57.7755928997,1018.47761797,0.0530556499616,43.9049681042,5.86516190212,0,1.00000000016,1147.66399223,22516.7352286,3.2999838733,137.233326707,-601.591950028,2171.53710689
0,935.553136547,0,7018.21103914,2,1687.14574316,53.2324625569,121.019642797,0,0.999999999945,1,0.855549442445,1,18.5451791827,0,28.5371014008,1,60.3763921519,0,203.08705444,1,25.2538808376,192197.659479,0.00146047367473,134.950679923,964.851031133,0.0537014421225,60.2306388926,5.27444792858,4,0.999999999891,1147.66399223,10965.1290824,3.2999838733,124.345267853,-601.591950028,389.484424407
1,935.553136547,1,7018.21103914,3,1687.14574316,53.2324625569,121.019642797,0,0.999999999945,1,0.855549442445,0,18.5451791827,0,28.5371014008,0,60.3763921519,1,203.08705444,1,25.2538808376,192197.659479,0.00146047367473,134.950679923,964.851031133,0.0537014421225,60.2306388926,5.27444792858,3,0.999999999891,1147.66399223,20606.0390012,3.2999838733,262.591046095,-601.591950028,2067.24754037
0,1005.61981171,0,7429.50518982,3,1648.23190658,59.1704256779,116.614749682,0,0.999999999989,1,-7.17144941103,1,18.8008222086,0,30.8744215821,1,60.6342394611,0,200.002315309,1,24.3115569568,191537.2868,0.00145167797255,99.3624529973,1041.68948206,0.0556792769894,43.1062838318,4.57127945469,0,0.99999999995,1147.66399223,12993.504091,3.2999838733,118.737536764,-601.591950028,522.680366038
1,841.348997097,1,6787.99738528,1,1663.36723875,42.5167916323,111.62059884,0,0.999999999998,1,-0.618401454686,1,17.8889910896,0,31.2324348083,0,61.5224863447,1,207.387682175,1,24.1717305534,190614.433711,0.00144407896703,101.462417128,992.905361309,0.0532560078835,45.2833833458,7.21845649278,3,1.00000000002,1147.66399223,15187.1273561,3.2999838733,274.061397421,-601.591950028,1654.77059657
0,951.878173545,0,7339.0404279,2,1656.57211801,61.0148922169,120.381570273,0,0.999999999971,1,-2.5265915476,1,19.4597137656,0,27.0755722766,1,56.9851296572,0,197.064476215,1,25.3624282942,190708.137167,0.0014053089742,122.637998574,995.834764951,0.0528026659935,54.5105704009,4.97647101198,2,0.999999999916,1147.66399223,11806.8767634,3.2999838733,119.172973915,-601.591950028,435.502603354
0,822.61827423,1,6895.40240647,2,1647.49825189,55.7603143076,115.962178451,0,0.99999999999,1,3.78617452745,1,17.8599082071,0,28.4408132155,0,60.1750191876,0,210.861500029,1,22.7888779464,193518.67038,0.00143643052163,85.1931728569,992.661969564,0.05395935338,50.7132527264,6.9574510925,0,0.999999999996,1147.66399223,17805.1504207,3.2999838733,73.3108060608,-601.591950028,1842.20058822
0,822.812719419,0,6892.69442875,3,1647.12475421,55.9886333003,115.873851926,0,1.00000000011,1,3.69892058063,1,17.9338659891,0,28.3880303266,1,60.1712415074,1,210.871961135,1,22.8303257395,193537.640328,0.00143698071355,85.0005654312,992.214456586,0.053964401843,50.6625959362,6.94185383523,3,1.0000000001,1147.66399223,12577.6568594,3.2999838733,336.880149154,-601.591950028,618.806475593
0,883.347757502,1,7291.19915919,2,1669.45053081,72.4076951475,121.196539848,0,1.00000000013,1,-2.74092020157,1,21.1983872942,0,27.0828699209,1,56.761363294,0,201.709292487,1,25.0520215998,190106.591461,0.00142420689672,126.532775841,987.179929541,0.0544359376152,51.7686238616,6.4200107892,2,1.00000000009,1147.66399223,20554.3263233,3.2999838733,132.844449167,-601.591950028,2073.87743676
0,731.354017252,0,7115.33614974,2,1704.91348784,46.0884883196,120.426441709,0,1.00000000001,0,6.94211392322,1,20.8737370733,0,29.6908851726,0,59.5880455034,0,202.845762585,1,24.3710996672,189176.210864,0.00143520604032,140.196059842,999.127541324,0.0535646866867,54.2824667995,5.88667477332,3,1.00000000004,1147.66399223,10108.76362,3.2999838733,63.0529792215,-601.591950028,320.753681198
1,745.975647079,1,7082.8937402,2,1705.38518677,57.1279251176,119.156707961,0,1.00000000007,1,22.8363772305,1,19.0080417884,0,28.9417595217,1,60.6240453857,0,201.245023078,1,24.4920981441,186490.927946,0.00143414306493,119.206039857,1000.44650865,0.0538370020586,57.4115825963,6.50654927808,2,0.999999999984,1147.66399223,19195.4792427,3.2999838733,157.789609856,-601.591950028,2039.01647911
0,1107.57799713,0,7155.90152112,2,1613.90662234,52.9014013992,113.74130621,0,0.999999999931,1,2.84551648081,1,19.0120492224,0,28.6065391551,0,61.2551280646,0,208.733825023,1,25.4028241583,191774.238112,0.00141750952107,96.6587902519,1002.18628211,0.0539791363904,50.7706361402,5.58231090846,0,0.999999999873,1147.66399223,10393.5517324,3.2999838733,65.2933322731,-601.591950028,357.296338899
1,1131.91715871,1,7253.042022,2,1601.42130274,52.8411215067,112.79355451,0,0.999999999966,1,24.6878285248,1,19.6083989656,0,30.9516274913,1,61.841249314,0,206.096470031,1,23.2204520904,191394.626958,0.00141909598501,93.8731371546,1017.25372122,0.0532309404927,47.3122654021,4.48939731698,0,0.999999999997,1147.66399223,18696.6036975,3.2999838733,159.190188009,-601.591950028,1837.62202711
0,1131.91715871,0,7253.042022,3,1601.42130274,52.8411215067,112.79355451,0,0.999999999966,1,24.6878285248,1,19.6083989656,0,30.9516274913,0,61.841249314,0,206.096470031,1,23.2204520904,191394.626958,0.00141909598501,93.8731371546,1017.25372122,0.0532309404927,47.3122654021,4.48939731698,0,0.999999999997,1147.66399223,11913.0658195,3.2999838733,87.7224473278,-601.591950028,412.71333302
1,935.491641825,1,7092.45560268,3,1712.72408809,32.4756992994,117.924946817,0,1.00000000001,1,-25.8341472867,1,17.9866493175,0,26.155179448,1,56.990922821,0,203.328321468,1,25.5807567843,191071.904002,0.00145746705387,102.640404506,982.825863443,0.0532115499497,47.449592293,6.47383063983,0,0.999999999953,1147.66399223,18144.4786137,3.2999838733,104.469145299,-601.591950028,1802.96110204
0,925.422168906,0,7027.73943307,2,1710.28160481,44.1884844625,121.832647073,0,1.00000000027,0,-8.73899324521,1,17.8702028415,0,29.0639134617,0,57.5797520867,0,205.50979989,1,24.0730254347,190422.914777,0.0014752876624,108.548356222,993.83310758,0.0528249998122,50.3841069924,6.13800949639,0,0.999999999973,1147.66399223,9952.82723404,3.2999838733,59.9264953739,-601.591950028,297.163697989
0,1207.4007845,1,6848.45881698,2,1674.51220615,48.2773643065,120.148595147,0,0.999999999778,1,18.5649230871,1,22.1399447291,0,24.3938727227,1,59.444993778,1,202.575268727,1,24.82722288,192987.893535,0.00138100346049,88.9347741012,1034.41497239,0.0530578532676,50.8253167578,7.82051459652,1,1.00000000004,1147.66399223,17146.6047204,3.2999838733,354.531857529,-601.591950028,1822.78952541
0,598.287807758,0,6932.78908812,3,1676.15142881,43.7950520556,114.920798814,0,1.00000000017,1,-14.8003175269,1,17.708371584,0,33.4745551273,1,57.677668446,0,203.469099261,1,24.5970944801,186955.175093,0.00146597105167,111.837336169,1008.1526262,0.0522011851085,50.4201196589,5.44619550895,1,0.999999999969,1147.66399223,11210.080645,3.2999838733,104.916454569,-601.591950028,374.364319598
0,598.287807758,1,6932.78908812,3,1676.15142881,43.7950520556,114.920798814,0,1.00000000017,1,-14.8003175269,1,17.708371584,0,33.4745551273,0,57.677668446,0,203.469099261,1,24.5970944801,186955.175093,0.00146597105167,111.837336169,1008.1526262,0.0522011851085,50.4201196589,5.44619550895,2,0.999999999969,1147.66399223,18142.8697331,3.2999838733,57.4020542334,-601.591950028,1744.41675231
0,835.100005934,0,7202.98354391,3,1655.98246573,43.5670467823,116.520703247,0,1.00000000014,1,6.75069550453,1,19.5441750871,0,26.3565738701,1,60.5622799747,1,206.503861043,1,24.8642815092,194446.18834,0.00141592201738,80.1864021159,1026.38738568,0.0534841270019,54.5699236075,5.29886930796,0,1.00000000004,1147.66399223,11193.0743189,3.2999838733,337.373797362,-601.591950028,392.62571624
0,899.147548041,1,7197.37788195,2,1676.60099956,71.8449313612,116.325499698,0,0.999999999912,1,16.4350178424,0,19.822854755,0,30.6193461162,0,59.6733294371,0,200.525145001,1,24.0121965697,190284.457181,0.0014193700284,116.840575185,965.179314892,0.0523316135196,46.8140567759,7.22287785402,1,0.999999999957,1147.66399223,20056.6414147,3.2999838733,72.2149939797,-601.591950028,2026.73904908
1,699.190680185,0,6952.9143978,2,1640.56627905,59.8868847131,123.149542067,0,1.00000000004,1,17.6850817553,1,18.0187016266,0,29.3716799112,1,62.2003984718,0,204.732791547,1,22.0557297385,189330.350638,0.0014318672559,66.5759085509,988.888608139,0.0546669153263,50.8822551347,4.66136188828,0,1.00000000005,1147.66399223,12504.0296588,3.2999838733,141.164006101,-601.591950028,530.459641396
0,792.61381766,1,7214.23058841,2,1677.70315284,48.4242896994,113.371902979,0,1.0000000001,1,6.00164398761,1,19.0416812761,0,27.2212952971,0,59.8135088047,1,202.138669261,1,23.3451958628,189809.062501,0.00136466917244,150.248082596,989.871680135,0.0538102597259,44.0156550157,7.2240675514,4,1.00000000004,1147.66399223,17208.2547599,3.2999838733,277.310749043,-601.591950028,1753.11203812
1,792.61381766,1,7214.23058841,2,1677.70315284,48.4242896994,113.371902979,0,1.0000000001,1,6.00164398761,1,19.0416812761,0,27.2212952971,1,59.8135088047,0,202.138669261,1,23.3451958628,189809.062501,0.00136466917244,150.248082596,989.871680135,0.0538102597259,44.0156550157,7.2240675514,1,1.00000000004,1147.66399223,18000.8685776,3.2999838733,136.067244229,-601.591950028,1946.0108761
0,1105.81213664,0,7199.05916759,3,1685.86086612,59.4263867759,124.087136224,0,0.999999999909,1,11.4449705883,1,16.9541265376,0,30.2767863836,1,59.2639425857,1,196.089164435,1,24.8477277512,192570.346395,0.00143231366895,91.3582346171,949.862821385,0.0523605228561,47.0767094646,4.96854742888,4,0.999999999952,1147.66399223,13580.2967418,3.2999838733,331.351160422,-601.591950028,546.972437528
0,770.897605259,1,7263.62493399,4,1610.88891276,38.3530915383,109.030876197,0,1.00000000016,1,-8.71495623607,1,20.2983891591,0,33.0872407321,0,60.218006667,0,202.502726491,1,24.6294078932,193244.62049,0.00140768440664,139.817048183,1039.81725678,0.0528747828936,47.1315110267,7.33907449809,1,1.00000000005,1147.66399223,19037.5157525,3.2999838733,66.3116387555,-601.591950028,1915.83205914
0,656.754106639,1,7221.8042786,5,1631.09939352,62.5980934582,113.246389131,0,1.00000000022,0,-7.90090273248,1,17.8749412469,0,28.9973432653,1,60.2846577364,0,202.807332257,1,25.8951242139,191037.407664,0.00144149483722,91.5205942372,991.576184198,0.0532067126739,42.3741150465,6.39533748118,1,0.999999999867,1147.66399223,23614.973289,3.2999838733,141.395569148,-601.591950028,2259.66584134
1,557.711126644,0,7252.38530331,5,1681.00668538,50.6761183101,115.184454967,0,1.00000000021,1,-14.325698385,1,15.9244060209,0,29.157548914,1,60.9289035624,1,201.812207145,1,23.9210583619,192775.049829,0.00141829684484,112.504602289,974.945197294,0.0527310298351,49.6933694899,6.5397157567,0,0.999999999872,1147.66399223,15948.5096132,3.2999838733,314.180581443,-601.591950028,932.768245349
0,557.868032016,1,7252.02755391,5,1680.35177728,50.566813131,115.152421589,0,1.00000000001,1,-14.437449584,1,15.905597964,0,29.1139718977,1,60.9258389988,0,201.697741474,1,23.9472194675,192772.284475,0.00141823358269,112.160461975,975.710828371,0.0527581977656,49.6947776081,6.53306104644,1,1.00000000016,1147.66399223,22625.3414166,3.2999838733,121.729209736,-601.591950028,2147.62108046
0,1298.74534496,0,7041.5395907,5,1671.08280489,68.033051086,116.322121966,0,1.00000000002,1,18.121265526,1,21.0408808105,0,28.7425966373,0,56.5457106612,1,205.055631422,1,25.8467656536,188396.558667,0.00142676660482,81.2018436511,1032.42224221,0.0539119889315,49.0442642386,5.41080640111,1,1.00000000015,1147.66399223,17417.8268829,3.2999838733,298.21570101,-601.591950028,951.772729588
1,1433.17603805,1,7160.6185909,4,1664.67493085,58.2677186664,116.682906917,0,0.999999999983,1,22.9555435184,1,20.8188910901,0,29.7706918459,1,57.1918804006,0,204.373598003,1,27.1712523457,190618.309843,0.00142300016042,74.2296627735,1039.19570863,0.0548326484653,53.554542716,5.64642102033,1,0.999999999854,1147.66399223,23200.005138,3.2999838733,164.451162261,-601.591950028,2328.17338985
0,1010.22559704,0,7190.89005014,4,1672.0335248,58.8780706861,108.306211815,0,0.99999999999,1,4.42016568566,1,17.2345935266,0,27.6943496476,0,59.7488831957,1,203.298590707,1,25.2004994959,192909.965341,0.00155125267794,93.902465762,1015.72378122,0.0530425883827,55.1356422768,5.89222762784,2,0.999999999848,1147.66399223,14213.6588864,3.2999838733,275.5028097,-601.591950028,720.802871575
0,873.436768402,1,7045.48675907,5,1668.53032734,44.4875003369,122.626926767,0,0.999999999996,1,2.21585893437,1,21.3870726438,0,29.5745161172,1,58.4768305868,0,204.22831957,1,23.6219058513,189201.139784,0.00131373815654,116.706523801,1002.48661856,0.0537667134729,46.9828142543,6.88169648271,0,0.999999999893,1147.66399223,21992.1678339,3.2999838733,137.893601918,-601.591950028,2125.40480096
0,873.436768402,0,7045.48675907,4,1668.53032734,44.4875003369,122.626926767,0,0.999999999996,1,2.21585893437,1,21.3870726438,0,29.5745161172,0,58.4768305868,1,204.22831957,1,23.6219058513,189201.139784,0.00131373815654,116.706523801,1002.48661856,0.0537667134729,46.9828142543,6.88169648271,0,0.999999999893,1147.66399223,13278.1507475,3.2999838733,272.197154158,-601.591950028,607.41130827
1,1039.11321003,1,7057.42323059,3,1689.3785368,18.4703029566,114.04594313,0,0.999999999949,1,-28.6323943376,1,17.5356165626,0,27.6105914463,1,58.6313703504,0,203.840063639,1,24.3025425282,190995.164416,0.00145131835247,100.059480431,971.522379123,0.0533017359087,43.5004057064,5.46854053907,3,1.00000000008,1147.66399223,16419.7991638,3.2999838733,98.9674748473,-601.591950028,1577.70052584
0,943.204984039,0,6948.44080015,3,1684.70831443,55.0617307033,115.602272909,0,1.00000000012,1,-8.10545208718,1,18.1046174949,0,26.8765334906,0,60.512851612,0,206.132103085,1,27.764149191,189908.188602,0.00143135989145,109.050457131,999.170248007,0.0527690435411,51.7184423079,6.86887126597,3,0.999999999965,1147.66399223,12568.0501551,3.2999838733,59.0527013778,-601.591950028,595.97930264
1,1235.31265191,1,7176.51275925,4,1650.01902524,66.7112425909,112.931631167,0,0.999999999925,1,13.2176299714,1,19.4355232089,0,26.6448094726,1,59.9127140758,0,206.222277174,1,25.8447463417,193332.252326,0.0014268081349,101.028765012,1004.74797524,0.053372375914,45.7427704649,5.28028579455,0,1.00000000009,1147.66399223,23694.3749473,3.2999838733,155.517924397,-601.591950028,2305.03538541
0,1219.36702617,0,7074.26645382,6,1625.05992713,56.177780404,112.743016792,0,0.999999999948,1,13.453826709,1,19.7613341269,0,26.926064442,0,59.6868800195,0,202.811410065,1,26.6770387902,193672.453479,0.00144168923147,91.2635002734,984.841703383,0.0526645026303,51.3827403686,5.54215017297,0,0.999999999894,1147.66399223,17232.6759944,3.2999838733,88.0363469099,-601.591950028,926.600497803
1,489.970082761,1,7222.12574374,5,1650.9183501,61.4441490398,113.818498334,0,0.999999999942,1,-19.6717138265,1,21.6931304755,0,28.3765618255,1,59.7648914943,0,206.924217249,1,27.797149997,193575.78707,0.00143326547436,71.1797850849,1030.57784662,0.0554022930982,38.3821379396,5.96744360496,3,0.99999999989,1147.66399223,24108.8323443,3.2999838733,127.43779904,-601.591950028,2395.42546142
0,777.563843201,1,6975.09610283,5,1634.08328776,58.9404630421,111.724628266,0,0.999999999975,1,-2.05942218604,1,19.2450963528,0,29.718267037,0,62.0791706355,1,211.182715951,1,25.2491751993,192302.842296,0.00141663973771,90.9353946747,1011.03297144,0.054282249826,49.5644110132,6.1637297541,0,0.999999999847,1147.66399223,22879.2778571,3.2999838733,289.329243373,-601.591950028,2263.49483872
1,633.898319297,0,6983.34277746,5,1654.48261511,46.4781985291,115.159152383,0,0.999999999998,1,25.8276602587,1,18.7246394151,0,28.9646783298,1,59.3146883017,0,206.228274143,1,23.6532357939,189384.288124,0.00145843946098,126.262487373,1024.62993195,0.0530523930887,53.5246384557,4.94909673583,1,1.0000000001,1147.66399223,15407.365334,3.2999838733,153.290917236,-601.591950028,840.716432412
0,1145.14434055,1,7219.88043373,4,1679.90317484,59.8008955307,117.162930342,0,1.00000000005,1,-25.5310310714,1,19.9613147394,0,29.2833700589,0,59.7531571875,0,199.55586669,1,25.6980669242,191634.04206,0.00134888166221,78.2467051107,978.684507398,0.0532871981624,42.8229914148,6.91283987547,1,0.999999999879,1147.66399223,22094.6052828,3.2999838733,53.2313423653,-601.591950028,2140.13814827
0,673.495622831,0,6962.52133138,4,1630.21682611,28.3455721048,109.332295981,0,0.999999999887,1,16.3963114572,1,18.8873583927,0,26.0765305491,1,59.0543186474,0,203.86698296,1,24.4369952098,189797.226809,0.00145386763039,136.483587646,993.154402855,0.0533862023537,48.3805210726,5.16588531184,1,1.00000000014,1147.66399223,10768.6177758,3.2999838733,137.731112389,-601.591950028,314.255716503
1,781.890498973,1,7077.70062779,5,1650.96671911,61.8837313011,113.94858705,0,1.00000000014,1,32.2366414184,1,18.862201851,0,27.2503712263,0,59.0046925238,0,204.235838947,1,25.2924588637,192381.588434,0.00142106540767,115.875835283,991.546129843,0.0536943335838,48.3237906847,5.91317027673,2,0.999999999963,1147.66399223,24314.6524577,3.2999838733,114.243997514,-601.591950028,2419.9370691
0,781.890498973,0,7077.70062779,4,1650.96671911,61.8837313011,113.94858705,0,1.00000000014,1,32.2366414184,1,18.862201851,0,27.2503712263,1,59.0046925238,0,204.235838947,1,25.2924588637,192381.588434,0.00142106540767,115.875835283,991.546129843,0.0536943335838,48.3237906847,5.91317027673,2,0.999999999963,1147.66399223,14804.0946118,3.2999838733,159.733565275,-601.591950028,753.528247748
0,970.46696379,1,7101.75157751,4,1652.98995056,50.2043321075,118.900633936,0,0.999999999819,1,-38.332414994,1,20.1477899169,0,29.238153467,1,57.51063289,0,201.949050821,1,25.6842985819,187014.746651,0.0013769540302,86.417765002,991.976500769,0.0521576625008,59.7771347802,5.39602714836,2,0.999999999985,1147.66399223,20831.7022859,3.2999838733,96.9945866865,-601.591950028,1987.92992602
1,1247.74473081,1,7149.08775937,5,1694.77892033,46.3899967604,114.499801226,0,0.999999999822,1,24.4768235344,1,18.5378004342,0,33.7065844213,0,59.9236512631,0,200.13486507,1,22.0693251799,192386.034905,0.00144873123962,97.0498557662,1004.27847358,0.0560229251086,53.1058009192,6.96189608543,2,1.00000000006,1147.66399223,23331.036492,3.2999838733,102.18433444,-601.591950028,2396.30063086
0,911.368378646,0,7088.80765804,6,1653.21709539,47.8127680302,116.578555556,0,0.999999999927,1,-0.080505537993,0,19.8898223202,0,26.1920126294,1,60.6916305252,0,199.472747152,1,27.5338935507,190768.639546,0.00138474075374,137.077557547,979.05634644,0.0533174322053,48.7696447712,6.3582193337,2,0.999999999957,1147.66399223,16641.9099986,3.2999838733,114.489733406,-601.591950028,883.333892806
0,973.373344157,1,7151.29640516,6,1683.37750237,37.3656086646,118.512322416,0,0.999999999946,1,-3.38335544847,1,20.7850105625,0,26.5489178912,0,59.2935503563,0,198.914749703,1,25.6735231554,191719.502283,0.00136220946807,148.749906507,976.163220946,0.0531150905449,54.3170775611,5.23108736514,3,1.00000000013,1147.66399223,22828.5104729,3.2999838733,77.4723752509,-601.591950028,2109.47490044
0,832.14889007,0,7012.57322021,6,1666.62918032,63.585411308,113.095702636,0,0.999999999967,1,-0.142240443979,1,16.5989272274,0,32.9347526953,1,58.9966877633,0,206.668809884,1,22.7434054405,190225.327259,0.00148862354735,59.5678471539,1034.71517142,0.052999170205,45.6862777127,7.08614389085,1,1.00000000014,1147.66399223,18339.6758434,3.2999838733,128.797637172,-601.591950028,1096.08869167
